statistics_file,statistics_set,feature,feature_id,1_ulysses_james_joyce,2_swann_s_way_proust,3_great_gatsby_fitzgerald,4_catcher_in_rye_salinger,5_one_hundred_years_solitude_marquez,6_nineteen_eighty_four_orwell,7_moby_dick_melville,8_don_quixote_cervantez,9_sound_fury_faulkner,10_anna_karenina_tolstoy,11_crime_punishment_dostoyevski,12_pride_prejudice_jane_austin,13_lolita_nabokov,14_war_peace_tolstoy,15_wuthering_heights_bronte,16_to_kill_a_mockingbird_lee,17_lord_of_rings_tolkien,18_brothers_karamazov_dostoyevski,19_trial_kafka,20_adventures_of_huckleberry_finn_twain,21_madame_bovary_flaubert,22_the_stranger_camus,23_odyssey_homer,24_grapes_of_wrath_steinbeck,25_divine_comedy_dante,26_the_magic_mountain_thomas_mann,27_to_the_lighthouse_woolf,28_jane_eyre_bronte,29_middlemarch_george_eliot,30_heart_of_darkness_conrad,31_alice_s_adventures_in_wonderland_carroll,32_mrs_dalloway_woolf,33_catch_22_heller,34_master_margarita_bulgakov,35_invisible_man_ralph_ellison,36_the_iliad_homer,37_les_miserables_hugo,38_great_expectations_dickens,39_the_red_and_the_black_stendhal,40_frankenstein_mary_shelley,41_on_the_road_kerouac,42_the_little_prince_exupery,43_absalom_absalom_faulkner,44_one_thousand_and_one_nights,45_journey_to_and_of_night_celine,46_lord_of_flies_golding,47_brave_new_world_huxley,48_david_copperfield_dickens,49_the_old_man_and_the_sea_hemingway,50_beloved_tony_morrison,51_gone_with_the_wind_mitchell,52_animal_farm_orwell,53_life_opinions_tristram_shandy_sterne,54_the_idiot_dostoyevsky,55_dracula_bram_stoker,56_under_volcano_lowry,57_the_leopard_lampedusa,58_the_sun_also_rises_hemingway,59_the_golden_notebook_lessing,60_things_fall_apart_achebe,61_gulliver_s_travels_swift,62_rebecca_maurier,63_aeneid_virgil,64_robinson_crusoe_defoe,65_midnight_s_children_rushdie,66_scarlet_letter_hawthorne,67_their_eyes_were_watching_god_hurston,68_a_farewell_to_arms_hemingway,69_metamorphosis_kafka,70_the_castle_kafka,71_a_passage_to_india_forster,72_the_plague_camus,73_portrait_of_a_lady_james,74_candide_voltaire,75_slaughterhouse_five_vonnegut,76_as_i_lay_dying_faulkner,77_portrait_of_the_arist_joyce,78_all_quiet_on_the_western_front_remarque,79_count_of_monte_cristo_dumas,80_man_without_qualities_musil,81_little_women_alcott,82_the_good_soldier_ford,83_picture_of_dorian_gray_joyce,84_emma_austen,85_buddenbrooks_mann,86_for_whom_the_bell_tolls_hemingway,87_demons_dostoyevsky,88_age_of_innocence_wharton,89_orlando_woolf,90_dune_herbert,91_native_son_wright,92_unbearable_lightness_of_being_kundera,93_dead_souls_gogol,94_doctor_zhivago_pasternak,95_bell_jar_plath,96_charlotte_s_web_white,97_in_cold_blood_capote,98_treasure_island_stevenson,99_vanity_fair_thackeray,100_the_heart_is_a_lonely_hunter_mcmullers
stats_1.csv,1,chunk_count_used,stats_1__chunk_count_used,2663.0,1978.0,497.0,771.0,1456.0,1046.0,2122.0,4021.0,996.0,3568.0,2073.0,1227.0,1057.0,5697.0,1187.0,1036.0,1304.0,3575.0,861.0,1149.0,1169.0,366.0,635.0,1658.0,1000.0,1751.0,595.0,1867.0,3214.0,390.0,270.0,645.0,1813.0,1397.0,1813.0,1440.0,5601.0,1872.0,1898.0,749.0,1173.0,169.0,1334.0,2466.0,1791.0,616.0,658.0,3601.0,269.0,1002.0,4316.0,299.0,1791.0,2467.0,1615.0,1417.0,785.0,701.0,2476.0,516.0,1030.0,616.0,1027.0,1209.0,2163.0,826.0,624.0,914.0,224.0,1262.0,1026.0,875.0,2322.0,325.0,503.0,585.0,848.0,640.0,4658.0,2942.0,1903.0,766.0,801.0,1597.0,2352.0,1779.0,2682.0,1043.0,790.0,1916.0,932.0,875.0,1392.0,1430.0,718.0,329.0,1265.0,696.0,3081.0,1237.0
stats_1.csv,1,chunk_size_words,stats_1__chunk_size_words,100.0,100.0,100.0,100.0,100.0,100.0,100.0,100.0,100.0,100.0,100.0,100.0,100.0,100.0,100.0,100.0,100.0,100.0,100.0,100.0,100.0,100.0,100.0,100.0,100.0,100.0,100.0,100.0,100.0,100.0,100.0,100.0,100.0,100.0,100.0,100.0,100.0,100.0,100.0,100.0,100.0,100.0,100.0,100.0,100.0,100.0,100.0,100.0,100.0,100.0,100.0,100.0,100.0,100.0,100.0,100.0,100.0,100.0,100.0,100.0,100.0,100.0,100.0,100.0,100.0,100.0,100.0,100.0,100.0,100.0,100.0,100.0,100.0,100.0,100.0,100.0,100.0,100.0,100.0,100.0,100.0,100.0,100.0,100.0,100.0,100.0,100.0,100.0,100.0,100.0,100.0,100.0,100.0,100.0,100.0,100.0,100.0,100.0,100.0,100.0
stats_1.csv,1,past_per100_avg,stats_1__past_per100_avg,6.8425,9.0243,11.2717,9.574,11.733,11.1284,6.8279,7.9109,9.5891,10.4382,9.5564,9.3514,9.38,10.7135,9.6045,11.8102,10.8926,9.2026,10.0465,8.8401,10.8086,12.6308,8.7732,10.2978,5.1392,9.2352,12.039,10.119,9.114,10.8667,10.4259,11.6978,9.9145,11.0699,10.0048,4.6445,9.9866,10.9111,9.6497,10.9113,10.6846,8.0697,10.0607,9.7196,9.0358,12.4453,10.2977,9.9447,10.5071,11.2318,10.3532,13.017,6.6758,9.3924,8.7121,9.8033,9.6373,11.5929,9.4576,12.9031,8.9039,10.6465,4.2832,10.6112,8.698,8.694,9.4325,10.9207,11.4622,9.2893,10.7029,10.7977,10.4201,10.4447,12.9457,6.6274,9.9446,3.7531,9.8465,8.8451,9.2754,10.0501,9.8614,8.5224,9.4485,9.8232,8.71,11.0614,10.4022,10.6165,11.456,10.858,8.3678,10.186,10.9805,10.4376,11.3478,10.2922,9.3253,11.698
stats_1.csv,1,past_per100_max,stats_1__past_per100_max,21.0,26.0,21.0,20.0,24.0,25.0,21.0,26.0,22.0,27.0,23.0,23.0,20.0,27.0,21.0,24.0,24.0,23.0,22.0,21.0,21.0,21.0,20.0,25.0,15.0,22.0,24.0,25.0,22.0,20.0,17.0,26.0,25.0,24.0,25.0,14.0,30.0,23.0,21.0,25.0,21.0,17.0,23.0,23.0,21.0,22.0,24.0,25.0,21.0,23.0,23.0,24.0,19.0,23.0,22.0,22.0,19.0,22.0,27.0,25.0,22.0,24.0,16.0,23.0,24.0,21.0,20.0,26.0,25.0,25.0,22.0,22.0,28.0,23.0,25.0,22.0,23.0,21.0,25.0,25.0,22.0,22.0,25.0,22.0,22.0,26.0,26.0,25.0,25.0,23.0,25.0,21.0,20.0,24.0,22.0,20.0,23.0,24.0,26.0,25.0
stats_1.csv,1,past_per100_min,stats_1__past_per100_min,0.0,0.0,0.0,0.0,3.0,0.0,0.0,0.0,0.0,0.0,0.0,0.0,0.0,0.0,0.0,1.0,0.0,0.0,0.0,0.0,0.0,1.0,0.0,0.0,0.0,0.0,1.0,0.0,0.0,0.0,0.0,1.0,0.0,0.0,0.0,0.0,0.0,0.0,0.0,0.0,0.0,1.7857,0.0,0.0,0.0,3.0,0.0,0.0,1.0,0.0,0.0,0.0,0.0,0.0,0.0,0.0,0.0,1.0,0.0,1.0,0.0,1.0,0.0,0.0,0.0,0.0,0.0,0.0,0.0,0.0,1.0,0.0,0.0,1.0,2.0,0.0,0.0,0.0,0.0,0.0,0.0,0.0,0.0,0.0,0.0,0.0,0.0,1.0,0.0,0.0,0.0,1.0,0.0,0.0,0.0,1.0,0.0,0.0,0.0,0.0
stats_1.csv,1,past_per100_sd,stats_1__past_per100_sd,3.7435,3.5494,3.4196,3.7066,2.9768,4.4892,3.818,3.9671,4.351,3.752,4.3403,4.0389,3.7883,3.9753,3.7844,3.8769,3.879,4.5064,4.2,4.1101,3.3845,3.4569,4.1243,4.0218,2.5302,4.1252,3.7358,4.4525,3.6837,3.7055,3.0307,3.9429,3.8718,3.5537,4.1586,2.5567,4.7531,3.5555,3.9461,4.3579,3.4533,3.3932,4.1069,4.358,3.8569,3.1937,3.7937,3.8381,3.6452,4.1806,3.9365,4.3401,3.5208,4.1727,4.3212,3.7192,3.398,3.7259,4.7255,3.9515,3.786,3.9549,2.5138,3.3269,3.9387,3.3438,3.9825,4.6664,3.9036,4.6004,4.2469,3.8921,4.4367,3.7301,3.923,4.3092,3.87,3.4733,4.0957,4.486,3.9065,3.7392,4.9096,4.2348,3.9325,4.0505,4.1824,3.3681,4.1292,3.4984,4.4845,3.8096,3.7397,4.5843,2.9841,3.7429,4.1122,3.5764,3.6517,4.0105
stats_1.csv,1,perfect_per100_avg,stats_1__perfect_per100_avg,0.2629,1.2927,0.662,0.1401,1.1971,1.2258,0.4458,0.7493,0.2882,1.0255,0.8442,0.982,0.9007,0.973,0.6066,0.4875,0.816,0.9236,1.0465,0.2185,0.6921,0.7104,1.0173,0.1417,0.268,0.8435,1.0832,0.8433,1.1459,0.9282,0.537,1.107,0.6001,0.8721,0.6834,0.1229,1.1234,1.0361,1.1428,1.0521,0.4297,0.8212,1.1139,0.6407,0.8922,0.5844,0.6033,0.905,0.7193,0.5409,1.0315,1.6187,0.6817,1.0237,0.8526,0.9019,0.9299,0.4536,0.9575,1.2933,0.5951,1.0466,0.1568,0.8288,0.8215,0.9818,0.476,0.4991,1.1786,0.9049,1.1014,1.0217,1.3112,0.9048,1.008,0.5145,0.9623,0.7,1.0902,0.9596,0.6006,1.1501,1.2247,0.9956,0.7924,0.8089,0.871,1.3969,0.8481,0.7761,0.7758,1.064,1.0208,1.1196,0.7479,0.4742,0.9146,0.8707,0.8325,0.8456
stats_1.csv,1,perfect_per100_max,stats_1__perfect_per100_max,4.0,8.0,4.0,4.0,9.0,8.0,5.0,8.0,3.0,9.0,10.0,6.0,7.0,9.0,5.0,5.0,6.0,7.0,5.0,4.0,7.0,5.0,7.0,5.0,3.0,7.0,8.0,7.0,6.0,5.0,4.0,7.0,6.0,9.0,8.0,3.0,10.0,7.0,6.0,6.0,4.0,6.0,7.0,5.0,7.0,5.0,5.0,9.0,5.0,4.0,8.0,8.0,6.0,7.0,7.0,6.0,5.0,6.0,8.0,8.0,4.0,7.0,3.0,7.0,7.0,6.0,5.0,6.0,8.0,7.0,6.0,6.0,10.0,5.0,6.0,4.0,8.0,6.0,7.0,8.0,6.0,7.0,8.0,8.0,7.0,8.0,7.0,8.0,7.0,7.0,10.0,6.0,7.0,7.0,6.0,3.0,6.0,6.0,6.0,6.0
stats_1.csv,1,perfect_per100_min,stats_1__perfect_per100_min,0.0,0.0,0.0,0.0,0.0,0.0,0.0,0.0,0.0,0.0,0.0,0.0,0.0,0.0,0.0,0.0,0.0,0.0,0.0,0.0,0.0,0.0,0.0,0.0,0.0,0.0,0.0,0.0,0.0,0.0,0.0,0.0,0.0,0.0,0.0,0.0,0.0,0.0,0.0,0.0,0.0,0.0,0.0,0.0,0.0,0.0,0.0,0.0,0.0,0.0,0.0,0.0,0.0,0.0,0.0,0.0,0.0,0.0,0.0,0.0,0.0,0.0,0.0,0.0,0.0,0.0,0.0,0.0,0.0,0.0,0.0,0.0,0.0,0.0,0.0,0.0,0.0,0.0,0.0,0.0,0.0,0.0,0.0,0.0,0.0,0.0,0.0,0.0,0.0,0.0,0.0,0.0,0.0,0.0,0.0,0.0,0.0,0.0,0.0,0.0
stats_1.csv,1,perfect_per100_sd,stats_1__perfect_per100_sd,0.596,1.255,0.9162,0.4305,1.2192,1.3845,0.7343,0.9416,0.5845,1.1949,1.0571,1.1002,1.0964,1.1234,0.7913,0.7853,1.0045,1.1655,1.0724,0.4938,0.975,0.9311,1.0772,0.4735,0.5331,1.0844,1.2563,1.0594,1.1854,1.0789,0.758,1.2732,0.9303,1.1675,1.0232,0.3663,1.3679,1.1801,1.1348,1.1256,0.6943,1.1467,1.1911,0.8679,1.0224,0.8214,0.9088,1.099,0.9699,0.8182,1.2037,1.436,0.9226,1.1858,1.0636,1.0463,1.0785,0.801,1.1079,1.3358,0.8162,1.1865,0.423,0.9961,0.9917,1.0649,0.8675,0.882,1.2299,1.1311,1.0902,1.0672,1.4374,1.0814,1.1173,0.7846,1.3392,0.9155,1.1598,1.1771,0.8241,1.3343,1.4184,1.1914,1.0494,1.1427,1.0333,1.3026,1.0942,1.0013,1.3144,1.1625,1.1511,1.1922,0.9495,0.7061,1.1172,1.0216,1.0342,1.032
stats_1.csv,1,present_per100_avg,stats_1__present_per100_avg,5.8796,3.9217,4.3724,6.3799,2.4149,4.1759,5.7258,5.6426,7.4849,5.5233,6.3439,4.6095,4.0165,4.9656,5.5316,4.9469,4.1112,6.0987,5.9733,5.7441,4.0566,4.0847,4.9465,5.6556,5.859,4.3597,4.0177,4.7531,5.211,3.6846,5.7686,4.0219,5.6178,5.033,6.4863,6.3492,5.0809,4.4501,4.5959,3.4389,4.5097,7.1522,3.6298,4.7488,5.5004,4.4065,4.6626,5.124,4.3604,4.8987,4.6126,2.8796,4.8744,5.6855,5.4839,4.9026,3.8813,5.5579,7.4136,3.3702,3.2948,5.2479,6.6837,2.3532,5.2625,3.2303,5.4583,5.6971,3.0,5.8561,5.3343,4.6194,5.4152,4.8591,3.9032,10.1782,4.1757,11.0422,5.4964,5.7939,5.4141,3.9538,6.0924,5.0639,4.2674,5.7894,5.9956,4.0307,3.9081,5.3186,5.4142,4.2822,5.06,5.2748,3.617,5.9239,4.517,4.3009,3.8984,3.2595
stats_1.csv,1,present_per100_max,stats_1__present_per100_max,22.0,22.0,16.0,21.0,14.0,16.0,21.0,19.0,25.0,20.0,21.0,15.0,15.0,19.0,17.0,17.0,17.0,24.0,19.0,21.0,18.0,16.0,15.0,23.0,16.0,17.0,14.0,20.0,18.0,13.0,18.0,15.1515,22.0,22.0,22.0,17.0,21.0,18.0,16.0,14.0,20.0,18.0,22.0,15.0,19.0,18.0,19.0,21.4286,14.0,29.0,18.0,14.0,15.0,18.0,17.0,18.0,14.0,17.0,24.0,17.0,14.0,19.0,18.0,15.0,21.0,13.0,18.0,20.0,14.0,21.0,18.0,18.0,21.0,15.0,21.0,23.0,13.0,20.0,18.0,19.0,17.0,14.0,19.0,15.0,19.0,21.0,19.0,16.0,17.0,16.0,19.0,16.0,16.0,21.0,19.0,19.0,18.0,19.0,17.0,16.0
stats_1.csv,1,present_per100_min,stats_1__present_per100_min,0.0,0.0,0.0,0.0,0.0,0.0,0.0,0.0,0.0,0.0,0.0,0.0,0.0,0.0,0.0,0.0,0.0,0.0,0.0,0.0,0.0,0.0,0.0,0.0,0.0,0.0,0.0,0.0,0.0,0.0,0.0,0.0,0.0,0.0,0.0,0.0,0.0,0.0,0.0,0.0,0.0,0.0,0.0,0.0,0.0,0.0,0.0,0.0,0.0,0.0,0.0,0.0,0.0,0.0,0.0,0.0,0.0,0.0,0.0,0.0,0.0,0.0,0.0,0.0,0.0,0.0,0.0,0.0,0.0,0.0,0.0,0.0,0.0,0.0,0.0,0.0,0.0,0.0,0.0,0.0,0.0,0.0,0.0,0.0,0.0,0.0,0.0,0.0,0.0,0.0,0.0,0.0,0.0,0.0,0.0,0.0,0.0,0.0,0.0,0.0
stats_1.csv,1,present_per100_sd,stats_1__present_per100_sd,3.5682,2.9439,2.7834,3.6882,1.8626,3.2963,2.959,3.1244,4.0596,3.5309,3.8079,3.2099,2.7352,3.1816,2.9874,3.283,3.2431,3.8216,4.0119,3.7476,2.7223,2.4653,3.077,3.5557,2.5828,3.6039,2.5609,3.3186,3.2842,2.3283,2.9967,2.6911,3.9723,3.1415,3.7753,2.861,3.7413,3.0442,2.8809,2.9339,2.9544,3.5367,2.8888,2.7477,3.5922,3.0639,3.1043,3.2989,2.9111,4.0517,3.3633,2.5312,2.7925,3.7999,3.3084,2.906,2.5132,3.7731,4.3929,3.1229,2.6788,3.3022,2.8918,2.0695,3.7097,2.3862,3.442,4.0729,2.5513,3.781,3.5308,3.2419,4.1607,3.1316,3.1062,4.5391,2.9954,3.7616,3.2566,3.6795,3.3433,2.6167,4.2346,3.381,3.6561,3.4861,3.6764,2.9409,3.0233,2.909,3.495,2.9936,3.0109,3.8575,2.515,3.8996,3.1911,3.0187,2.971,3.1466
stats_1.csv,1,token_total,stats_1__token_total,266212.0,197709.0,49633.0,77088.0,145597.0,104545.0,212194.0,402037.0,99555.0,356771.0,207281.0,122669.0,105674.0,569627.0,118640.0,103524.0,130331.0,357476.0,86025.0,114807.0,116898.0,36591.0,63450.0,165732.0,99949.0,175035.0,59466.0,186671.0,321382.0,38901.0,26979.0,64433.0,181248.0,139674.0,181243.0,143977.0,560005.0,187164.0,189733.0,74857.0,117295.0,16856.0,133311.0,246561.0,179047.0,61542.0,65738.0,360014.0,26867.0,100131.0,431553.0,29833.0,179013.0,246674.0,161440.0,141632.0,78435.0,70022.0,247537.0,51575.0,102926.0,61559.0,102638.0,120820.0,216237.0,82538.0,62355.0,91346.0,22321.0,126156.0,102514.0,87405.0,232113.0,32495.0,50212.0,58419.0,84720.0,63920.0,465710.0,294139.0,190214.0,76587.0,80015.0,159648.0,235162.0,177895.0,268193.0,104220.0,78984.0,191593.0,93110.0,87451.0,139157.0,142902.0,71705.0,32843.0,126480.0,69585.0,308023.0,123626.0
stats_2.csv,2,chunk_count_used,stats_2__chunk_count_used,2663.0,1978.0,497.0,771.0,1456.0,1046.0,2122.0,4021.0,996.0,3568.0,2073.0,1227.0,1057.0,5697.0,1187.0,1036.0,1304.0,3575.0,861.0,1149.0,1169.0,366.0,635.0,1658.0,1000.0,1751.0,595.0,1867.0,3214.0,390.0,270.0,645.0,1813.0,1397.0,1813.0,1440.0,5601.0,1872.0,1898.0,749.0,1173.0,169.0,1334.0,2466.0,1791.0,616.0,658.0,3601.0,269.0,1002.0,4316.0,299.0,1791.0,2467.0,1615.0,1417.0,785.0,701.0,2476.0,516.0,1030.0,616.0,1027.0,1209.0,2163.0,826.0,624.0,914.0,224.0,1262.0,1026.0,875.0,2322.0,325.0,503.0,585.0,848.0,640.0,4658.0,2942.0,1903.0,766.0,801.0,1597.0,2352.0,1779.0,2682.0,1043.0,790.0,1916.0,932.0,875.0,1392.0,1430.0,718.0,329.0,1265.0,696.0,3081.0,1237.0
stats_2.csv,2,chunk_size_words,stats_2__chunk_size_words,100.0,100.0,100.0,100.0,100.0,100.0,100.0,100.0,100.0,100.0,100.0,100.0,100.0,100.0,100.0,100.0,100.0,100.0,100.0,100.0,100.0,100.0,100.0,100.0,100.0,100.0,100.0,100.0,100.0,100.0,100.0,100.0,100.0,100.0,100.0,100.0,100.0,100.0,100.0,100.0,100.0,100.0,100.0,100.0,100.0,100.0,100.0,100.0,100.0,100.0,100.0,100.0,100.0,100.0,100.0,100.0,100.0,100.0,100.0,100.0,100.0,100.0,100.0,100.0,100.0,100.0,100.0,100.0,100.0,100.0,100.0,100.0,100.0,100.0,100.0,100.0,100.0,100.0,100.0,100.0,100.0,100.0,100.0,100.0,100.0,100.0,100.0,100.0,100.0,100.0,100.0,100.0,100.0,100.0,100.0,100.0,100.0,100.0,100.0,100.0
stats_2.csv,2,place_adverbials_per100_avg,stats_2__place_adverbials_per100_avg,0.3804,0.3347,0.5755,0.4384,0.1566,0.2945,0.5113,0.2892,0.6406,0.2769,0.3753,0.2176,0.3027,0.3047,0.4078,0.426,0.5752,0.341,0.6132,0.6887,0.3131,0.265,0.4614,0.6889,0.637,0.5414,0.4681,0.3492,0.2405,0.5128,0.3444,0.3954,0.427,0.3801,0.6304,0.4065,0.3719,0.4311,0.2129,0.1762,0.5575,0.3491,0.3793,0.1914,0.4569,0.4594,0.2416,0.3305,0.2714,0.6267,0.272,0.271,0.1781,0.4228,0.3579,0.5229,0.3338,0.5221,0.2746,0.2384,0.2154,0.4756,0.4719,0.3639,0.2321,0.3123,0.4693,0.5788,0.4688,0.6868,0.3842,0.2846,0.2519,0.2309,0.497,0.6171,0.2465,0.6047,0.2402,0.295,0.2543,0.1984,0.2372,0.2486,0.3638,0.588,0.5,0.2819,0.4367,0.4828,0.4539,0.2628,0.2931,0.3657,0.2827,0.4802,0.4577,0.5721,0.2593,0.4534
stats_2.csv,2,place_adverbials_per100_max,stats_2__place_adverbials_per100_max,5.0,4.0,4.0,5.0,3.0,5.0,6.0,5.0,5.0,4.0,6.0,3.0,4.0,7.0,3.0,8.3333,5.0,6.0,5.0,14.2857,5.0,3.0,4.0,8.0,5.0,5.0,5.0,3.0,4.0,5.0,3.0,5.0,5.0,4.0,7.0,5.0,7.0,5.0,3.0,3.0,5.0,3.0,4.0,3.0,6.0,5.0,3.0,5.0,3.0,8.0,5.0,4.0,3.0,5.0,4.0,5.0,4.0,4.0,4.0,3.0,4.0,4.0,5.0,7.0,5.0,5.0,5.0,5.0,4.0,5.0,7.1429,3.0,5.0,3.0,3.0,6.0,3.0,4.0,6.0,6.0,4.0,3.0,4.0,3.0,7.0,7.0,8.0,4.0,5.0,4.0,3.0,5.0,3.0,4.0,3.0,8.0,6.0,7.0,5.0,4.0
stats_2.csv,2,place_adverbials_per100_min,stats_2__place_adverbials_per100_min,0.0,0.0,0.0,0.0,0.0,0.0,0.0,0.0,0.0,0.0,0.0,0.0,0.0,0.0,0.0,0.0,0.0,0.0,0.0,0.0,0.0,0.0,0.0,0.0,0.0,0.0,0.0,0.0,0.0,0.0,0.0,0.0,0.0,0.0,0.0,0.0,0.0,0.0,0.0,0.0,0.0,0.0,0.0,0.0,0.0,0.0,0.0,0.0,0.0,0.0,0.0,0.0,0.0,0.0,0.0,0.0,0.0,0.0,0.0,0.0,0.0,0.0,0.0,0.0,0.0,0.0,0.0,0.0,0.0,0.0,0.0,0.0,0.0,0.0,0.0,0.0,0.0,0.0,0.0,0.0,0.0,0.0,0.0,0.0,0.0,0.0,0.0,0.0,0.0,0.0,0.0,0.0,0.0,0.0,0.0,0.0,0.0,0.0,0.0,0.0
stats_2.csv,2,place_adverbials_per100_sd,stats_2__place_adverbials_per100_sd,0.6745,0.6549,0.8118,0.7484,0.4179,0.591,0.787,0.5766,0.9364,0.5747,0.7083,0.4785,0.6067,0.6314,0.6481,0.7381,0.8048,0.6903,0.8307,0.9705,0.6145,0.5465,0.7207,0.9358,0.829,0.7972,0.7525,0.6081,0.5206,0.8312,0.6353,0.7328,0.7588,0.6679,0.8707,0.6717,0.6987,0.7515,0.467,0.4456,0.7599,0.6077,0.6751,0.4537,0.7658,0.744,0.5466,0.6386,0.5949,0.8993,0.5668,0.5818,0.4358,0.698,0.657,0.7887,0.5871,0.8144,0.5667,0.5422,0.5053,0.7469,0.7721,0.6902,0.536,0.598,0.773,0.7999,0.6807,0.8634,0.7013,0.5239,0.541,0.4892,0.7484,0.8146,0.5446,0.811,0.5328,0.5945,0.5361,0.4764,0.5323,0.5322,0.6603,0.9331,0.7749,0.5651,0.7617,0.7433,0.6956,0.5711,0.5813,0.6454,0.568,0.8436,0.719,0.8498,0.5362,0.6985
stats_2.csv,2,time_adverbials_per100_avg,stats_2__time_adverbials_per100_avg,0.4784,0.8134,0.7344,0.9715,0.6477,0.8547,0.754,0.468,0.8793,0.643,0.7641,0.8235,0.6522,0.6876,0.6546,0.5907,1.0253,0.7433,1.1405,0.9872,0.8999,1.1669,0.9102,0.6327,0.824,0.6579,0.7513,0.7943,0.5937,0.6128,0.7519,0.6558,0.6626,0.6316,0.6216,0.6919,0.609,0.7012,0.5216,0.7113,0.4979,0.8331,0.8486,0.6556,0.7907,0.849,0.6985,0.6426,1.0316,0.6836,0.5709,0.8797,0.4165,0.7033,0.7121,0.8052,0.8087,0.5777,0.8312,0.8876,0.6495,0.7321,0.7722,0.6998,0.5617,0.6429,0.7692,0.7407,1.3472,0.9984,0.5975,0.9086,0.674,0.6369,0.6859,0.9043,0.5802,1.1547,0.7553,0.8294,0.5933,0.5705,0.638,0.779,0.7585,0.8763,0.8852,0.6961,0.7671,0.4609,0.6191,0.728,0.5855,0.6867,0.8106,0.7487,0.6626,0.795,0.4534,0.9596
stats_2.csv,2,time_adverbials_per100_max,stats_2__time_adverbials_per100_max,7.0,5.0,5.0,5.0,4.0,7.0,6.0,6.0,6.0,6.0,7.0,5.0,5.0,7.0,5.0,5.0,6.0,6.0,7.0,14.2857,5.0,7.0,5.0,6.0,4.0,6.0,4.0,5.0,5.0,5.0,5.0,8.0,6.25,5.0,6.0,5.0,12.0,6.0,4.0,6.0,4.0,5.0,7.0,5.0,6.0,5.0,5.0,7.1429,4.0,5.0,6.0,4.0,6.0,5.0,5.0,5.0,6.0,5.0,7.0,4.0,4.0,4.0,4.0,5.0,6.0,4.0,6.0,7.0,5.0,8.0,5.0,5.0,5.0,4.0,6.0,6.0,5.0,6.0,7.0,6.0,7.1429,4.0,4.0,5.0,5.0,8.0,6.0,4.0,6.0,4.0,5.0,5.0,5.0,5.0,5.0,9.0,4.0,5.0,7.0,7.0
stats_2.csv,2,time_adverbials_per100_min,stats_2__time_adverbials_per100_min,0.0,0.0,0.0,0.0,0.0,0.0,0.0,0.0,0.0,0.0,0.0,0.0,0.0,0.0,0.0,0.0,0.0,0.0,0.0,0.0,0.0,0.0,0.0,0.0,0.0,0.0,0.0,0.0,0.0,0.0,0.0,0.0,0.0,0.0,0.0,0.0,0.0,0.0,0.0,0.0,0.0,0.0,0.0,0.0,0.0,0.0,0.0,0.0,0.0,0.0,0.0,0.0,0.0,0.0,0.0,0.0,0.0,0.0,0.0,0.0,0.0,0.0,0.0,0.0,0.0,0.0,0.0,0.0,0.0,0.0,0.0,0.0,0.0,0.0,0.0,0.0,0.0,0.0,0.0,0.0,0.0,0.0,0.0,0.0,0.0,0.0,0.0,0.0,0.0,0.0,0.0,0.0,0.0,0.0,0.0,0.0,0.0,0.0,0.0,0.0
stats_2.csv,2,time_adverbials_per100_sd,stats_2__time_adverbials_per100_sd,0.765,0.9266,0.8475,0.9924,0.7907,0.999,0.8891,0.6883,1.0175,0.8498,0.9333,0.9264,0.8174,0.8854,0.8573,0.8116,1.0175,0.918,1.121,1.1358,0.931,1.036,0.8978,0.8398,0.8643,0.8722,0.8689,0.9126,0.7792,0.7886,0.9034,0.8941,0.8757,0.8331,0.8311,0.8264,0.8655,0.8996,0.7308,0.9033,0.7508,1.0056,1.0191,0.7778,0.9442,0.9284,0.888,0.8599,0.9906,0.8528,0.8039,0.9777,0.7211,0.8782,0.8886,0.9196,0.9622,0.8555,0.9782,0.9229,0.8305,0.863,0.8423,0.8789,0.7849,0.7886,0.8904,0.9376,1.1479,1.0763,0.8073,0.9802,0.8281,0.8542,0.8877,1.0183,0.8217,1.0794,0.9275,0.9325,0.7845,0.7764,0.8339,0.9204,0.8871,1.0249,0.9767,0.8196,0.9448,0.6777,0.8272,0.894,0.7702,0.8793,0.8849,1.0817,0.8144,0.9212,0.7055,1.0116
stats_2.csv,2,token_total,stats_2__token_total,266212.0,197709.0,49633.0,77088.0,145597.0,104545.0,212194.0,402037.0,99555.0,356771.0,207281.0,122669.0,105674.0,569627.0,118640.0,103524.0,130331.0,357476.0,86025.0,114807.0,116898.0,36591.0,63450.0,165732.0,99949.0,175035.0,59466.0,186671.0,321382.0,38901.0,26979.0,64433.0,181248.0,139674.0,181243.0,143977.0,560005.0,187164.0,189733.0,74857.0,117295.0,16856.0,133311.0,246561.0,179047.0,61542.0,65738.0,360014.0,26867.0,100131.0,431553.0,29833.0,179013.0,246674.0,161440.0,141632.0,78435.0,70022.0,247537.0,51575.0,102926.0,61559.0,102638.0,120820.0,216237.0,82538.0,62355.0,91346.0,22321.0,126156.0,102514.0,87405.0,232113.0,32495.0,50212.0,58419.0,84720.0,63920.0,465710.0,294139.0,190214.0,76587.0,80015.0,159648.0,235162.0,177895.0,268193.0,104220.0,78984.0,191593.0,93110.0,87451.0,139157.0,142902.0,71705.0,32843.0,126480.0,69585.0,308023.0,123626.0
stats_3.csv,3,chunk_count_used,stats_3__chunk_count_used,2663.0,1978.0,497.0,771.0,1456.0,1046.0,2122.0,4021.0,996.0,3568.0,2073.0,1227.0,1057.0,5697.0,1187.0,1036.0,1304.0,3575.0,861.0,1149.0,1169.0,366.0,635.0,1658.0,1000.0,1751.0,595.0,1867.0,3214.0,390.0,270.0,645.0,1813.0,1397.0,1813.0,1440.0,5601.0,1872.0,1898.0,749.0,1173.0,169.0,1334.0,2466.0,1791.0,616.0,658.0,3601.0,269.0,1002.0,4316.0,299.0,1791.0,2467.0,1615.0,1417.0,785.0,701.0,2476.0,516.0,1030.0,616.0,1027.0,1209.0,2163.0,826.0,624.0,914.0,224.0,1262.0,1026.0,875.0,2322.0,325.0,503.0,585.0,848.0,640.0,4658.0,2942.0,1903.0,766.0,801.0,1597.0,2352.0,1779.0,2682.0,1043.0,790.0,1916.0,932.0,875.0,1392.0,1430.0,718.0,329.0,1265.0,696.0,3081.0,1237.0
stats_3.csv,3,chunk_size_words,stats_3__chunk_size_words,100.0,100.0,100.0,100.0,100.0,100.0,100.0,100.0,100.0,100.0,100.0,100.0,100.0,100.0,100.0,100.0,100.0,100.0,100.0,100.0,100.0,100.0,100.0,100.0,100.0,100.0,100.0,100.0,100.0,100.0,100.0,100.0,100.0,100.0,100.0,100.0,100.0,100.0,100.0,100.0,100.0,100.0,100.0,100.0,100.0,100.0,100.0,100.0,100.0,100.0,100.0,100.0,100.0,100.0,100.0,100.0,100.0,100.0,100.0,100.0,100.0,100.0,100.0,100.0,100.0,100.0,100.0,100.0,100.0,100.0,100.0,100.0,100.0,100.0,100.0,100.0,100.0,100.0,100.0,100.0,100.0,100.0,100.0,100.0,100.0,100.0,100.0,100.0,100.0,100.0,100.0,100.0,100.0,100.0,100.0,100.0,100.0,100.0,100.0,100.0
stats_3.csv,3,pronouns_1p_per100_avg,stats_3__pronouns_1p_per100_avg,1.7768,2.2583,4.0826,6.7374,0.2679,0.847,1.6084,2.7165,5.1918,1.8394,3.0058,2.4279,3.9912,1.3017,4.8652,4.3234,1.7393,3.2934,2.0569,4.8419,0.9427,5.6658,2.926,2.8299,3.187,1.325,0.3034,5.2299,2.0838,4.2103,2.437,0.3318,2.0663,1.6385,5.8533,0.7611,1.215,5.2152,1.8988,5.4393,4.5782,4.4294,1.3022,2.6898,4.1191,1.9172,1.4012,5.3697,2.3196,1.9591,1.8917,0.5886,1.9686,3.3543,5.1703,1.1256,1.0102,5.0044,4.4071,1.0388,4.1795,5.8719,0.9796,6.1456,2.3634,1.1138,1.0833,6.2682,0.6786,2.3296,2.3187,1.1349,3.0047,2.9017,1.1928,4.6688,1.1545,5.0281,2.8246,1.0986,2.9607,2.705,3.1935,2.5992,1.6025,2.6757,3.1194,1.5081,0.6772,2.1118,2.1363,0.8926,1.7125,2.042,5.8175,2.1672,2.5043,4.3935,1.2987,1.5788
stats_3.csv,3,pronouns_1p_per100_max,stats_3__pronouns_1p_per100_max,16.6667,15.0,16.0,17.0,8.0,12.0,12.0,14.0,16.0,14.0,16.0,14.0,12.0,15.0,14.0,13.0,12.0,17.0,13.0,16.0,10.0,14.0,12.0,14.0,11.0,12.0,5.0,17.0,15.0,13.0,13.0,6.0,14.0,12.0,15.0,7.0,15.0,15.0,14.0,14.0,15.0,12.0,18.1818,18.0,13.0,12.0,11.0,17.0,11.0,18.0,17.0,12.0,13.0,15.0,17.0,14.0,11.0,17.0,20.0,12.0,13.0,14.0,9.0,14.0,12.0,10.0,6.0,16.0,9.0,14.0,13.0,13.0,16.0,12.0,14.0,18.0,14.0,15.0,16.0,16.0,14.0,12.0,15.0,13.0,12.0,14.0,16.0,10.0,8.0,11.0,17.0,12.0,11.0,50.0,20.0,12.0,14.0,14.0,13.0,12.0
stats_3.csv,3,pronouns_1p_per100_min,stats_3__pronouns_1p_per100_min,0.0,0.0,0.0,0.0,0.0,0.0,0.0,0.0,0.0,0.0,0.0,0.0,0.0,0.0,0.0,0.0,0.0,0.0,0.0,0.0,0.0,0.0,0.0,0.0,0.0,0.0,0.0,0.0,0.0,0.0,0.0,0.0,0.0,0.0,0.0,0.0,0.0,0.0,0.0,0.0,0.0,0.0,0.0,0.0,0.0,0.0,0.0,0.0,0.0,0.0,0.0,0.0,0.0,0.0,0.0,0.0,0.0,0.0,0.0,0.0,0.0,0.0,0.0,0.0,0.0,0.0,0.0,0.0,0.0,0.0,0.0,0.0,0.0,0.0,0.0,0.0,0.0,0.0,0.0,0.0,0.0,0.0,0.0,0.0,0.0,0.0,0.0,0.0,0.0,0.0,0.0,0.0,0.0,0.0,0.0,0.0,0.0,0.0,0.0,0.0
stats_3.csv,3,pronouns_1p_per100_sd,stats_3__pronouns_1p_per100_sd,2.1758,2.5051,2.768,3.3377,0.741,1.7314,2.1514,2.6846,3.2728,2.4457,3.0664,2.6432,2.2051,2.0085,2.6268,2.7545,2.4662,3.2273,2.5499,3.2546,1.7107,2.7191,2.6966,2.6797,2.3013,2.0809,0.7294,2.9491,2.4707,2.8033,2.3824,0.8176,2.5711,2.1825,2.8592,1.2583,2.1377,2.7828,2.2589,2.9178,2.6798,2.8347,2.3131,3.0326,2.849,2.4305,1.9051,2.7188,2.7229,3.0165,2.5285,1.5018,2.1448,3.2133,2.8743,1.8881,1.7287,3.0455,3.3647,1.8157,2.8074,2.7477,1.5019,2.6183,2.2401,1.7297,1.4421,2.9905,1.6075,2.6998,2.6474,1.9886,3.2897,2.6606,2.329,2.8876,1.9675,2.9962,2.7307,1.8774,2.9075,2.6314,3.294,2.8629,2.3682,2.7155,2.8258,2.0325,1.2969,2.0659,2.6907,1.5313,2.237,3.1708,2.7049,2.4728,2.9265,2.5775,1.9736,2.4128
stats_3.csv,3,pronouns_2p_per100_avg,stats_3__pronouns_2p_per100_avg,0.7724,0.5126,1.0543,1.8049,0.1765,0.9895,0.4284,0.58,2.6867,0.9549,2.0106,1.15,0.5172,0.6856,1.6243,1.668,0.819,1.8148,1.511,1.3342,0.6647,0.5656,1.5543,1.4373,0.076,0.8806,0.2,1.6251,1.1127,0.8077,1.5481,0.1814,1.5041,1.1439,1.5484,0.0847,0.6676,1.2505,0.8087,0.8011,0.7937,1.8745,0.5757,0.0584,1.3261,0.9432,0.8723,1.0419,0.7361,1.0359,1.2477,0.2676,0.4394,2.0489,0.8817,0.88,0.5287,1.6776,1.233,0.7519,0.0777,1.3036,0.3057,0.1663,0.5858,0.1792,1.383,2.221,0.2857,1.6585,1.1355,0.5817,1.9285,1.0311,0.499,1.3556,0.8703,0.6203,1.822,0.6509,1.2808,0.6087,1.8427,1.2323,1.0179,1.2709,1.8226,0.8984,0.1076,1.2876,1.53,0.5223,1.2313,1.2322,0.876,1.31,0.7427,1.4181,0.705,0.8044
stats_3.csv,3,pronouns_2p_per100_max,stats_3__pronouns_2p_per100_max,11.0,9.0,9.0,11.0,6.0,15.0,11.0,11.0,12.0,9.0,15.0,10.0,9.0,12.0,13.0,11.0,9.0,18.0,12.0,12.0,10.0,6.0,13.0,12.0,4.0,9.0,8.0,12.0,10.0,7.0,12.0,6.0,16.0,11.0,11.0,6.0,17.0,15.0,12.0,10.0,8.0,9.0,9.0,13.0,13.0,11.0,7.0,12.0,7.0,10.0,14.0,5.0,6.0,15.0,9.0,12.0,7.0,14.0,14.0,9.0,5.0,10.0,8.0,9.0,8.0,6.0,9.0,13.0,5.0,12.0,10.0,8.0,14.0,8.0,6.0,12.0,12.0,9.0,11.0,9.0,14.2857,9.0,12.0,11.0,12.0,13.0,15.0,10.0,6.0,10.0,13.0,10.0,11.0,12.0,10.0,8.0,10.0,11.0,10.0,14.0
stats_3.csv,3,pronouns_2p_per100_min,stats_3__pronouns_2p_per100_min,0.0,0.0,0.0,0.0,0.0,0.0,0.0,0.0,0.0,0.0,0.0,0.0,0.0,0.0,0.0,0.0,0.0,0.0,0.0,0.0,0.0,0.0,0.0,0.0,0.0,0.0,0.0,0.0,0.0,0.0,0.0,0.0,0.0,0.0,0.0,0.0,0.0,0.0,0.0,0.0,0.0,0.0,0.0,0.0,0.0,0.0,0.0,0.0,0.0,0.0,0.0,0.0,0.0,0.0,0.0,0.0,0.0,0.0,0.0,0.0,0.0,0.0,0.0,0.0,0.0,0.0,0.0,0.0,0.0,0.0,0.0,0.0,0.0,0.0,0.0,0.0,0.0,0.0,0.0,0.0,0.0,0.0,0.0,0.0,0.0,0.0,0.0,0.0,0.0,0.0,0.0,0.0,0.0,0.0,0.0,0.0,0.0,0.0,0.0,0.0
stats_3.csv,3,pronouns_2p_per100_sd,stats_3__pronouns_2p_per100_sd,1.2571,1.2242,1.5703,1.9274,0.6008,1.8779,1.0107,1.233,2.3932,1.4802,2.4591,1.7296,1.1763,1.3385,2.1733,1.9708,1.5727,2.3804,2.0131,1.9132,1.3418,1.1112,1.9622,1.8094,0.3496,1.5682,0.642,2.2748,1.6783,1.2264,1.8588,0.5453,2.2033,1.731,2.0794,0.3724,1.548,1.8765,1.5222,1.5857,1.2593,2.0328,1.248,0.3944,1.9696,1.5579,1.2604,1.6758,1.38,1.6914,1.9858,0.8026,0.9094,2.5134,1.6043,1.6366,1.0894,2.0992,1.8261,1.4199,0.447,1.8959,0.777,0.7563,1.1104,0.6523,1.8438,2.5526,0.7898,2.188,1.6096,1.1258,2.3866,1.5451,1.0587,1.8416,1.671,1.3174,2.0921,1.3609,1.7894,1.0493,2.3944,1.7546,1.7474,1.7808,2.3455,1.46,0.4664,1.6418,2.2614,1.3147,1.8921,1.9777,1.361,1.6798,1.3675,2.1406,1.4023,1.477
stats_3.csv,3,pronouns_3p_per100_avg,stats_3__pronouns_3p_per100_avg,5.0203,6.1997,5.7243,7.2314,7.4293,6.0843,3.4082,5.8237,6.8261,7.8829,7.3744,7.2932,3.9202,5.9434,6.7873,6.1335,5.3083,6.7304,6.8873,6.4772,7.8496,5.4213,6.1024,6.0504,3.396,5.5847,10.6214,4.9099,5.9738,4.5256,6.9921,9.422,5.678,4.5646,4.7332,2.5305,5.1525,4.9261,6.4585,3.2293,4.3777,5.4057,6.6313,5.8095,5.3987,4.6398,5.6049,5.2499,8.2694,9.0539,7.7449,4.9299,4.0983,6.0946,5.343,5.0079,4.4866,5.5351,6.5004,6.7487,3.4241,5.3232,3.0688,4.3945,3.6144,4.9911,7.0444,5.0761,8.3997,6.5579,6.8587,5.2549,8.6478,4.7326,5.8946,8.153,5.52,5.1797,4.3763,6.0345,6.4903,7.783,6.3308,6.8999,5.7501,6.8135,5.6332,7.2656,6.7759,5.9596,8.4056,8.6194,3.7814,5.979,3.8412,5.6696,5.6372,3.8367,5.8112,7.466
stats_3.csv,3,pronouns_3p_per100_max,stats_3__pronouns_3p_per100_max,22.0,20.0,19.0,18.0,20.0,19.0,13.0,21.0,18.0,24.0,23.0,20.0,17.0,24.0,18.0,20.0,18.0,21.0,18.0,20.0,21.0,17.0,18.0,18.0,11.0,19.0,29.0,19.0,21.0,16.0,17.0,23.0,21.0,16.0,19.0,13.0,22.0,20.0,19.0,16.0,15.0,15.0,24.0,21.0,18.0,14.0,17.0,20.0,21.0,21.0,26.0,13.0,18.0,22.0,17.0,17.0,14.0,25.0,24.0,16.0,13.0,15.0,15.0,20.0,15.0,14.0,20.0,16.0,17.0,24.0,18.0,17.0,24.0,15.0,17.0,19.0,19.0,14.0,16.0,20.0,19.0,21.0,20.0,21.0,25.0,22.0,17.0,19.0,20.0,20.0,26.0,24.0,14.0,23.0,14.0,16.0,19.0,12.0,22.0,23.0
stats_3.csv,3,pronouns_3p_per100_min,stats_3__pronouns_3p_per100_min,0.0,0.0,0.0,0.0,0.0,0.0,0.0,0.0,0.0,0.0,0.0,0.0,0.0,0.0,0.0,0.0,0.0,0.0,0.0,0.0,0.0,0.0,0.0,0.0,0.0,0.0,0.0,0.0,0.0,0.0,0.0,0.0,0.0,0.0,0.0,0.0,0.0,0.0,0.0,0.0,0.0,0.0,0.0,0.0,0.0,0.0,0.0,0.0,0.0,0.0,0.0,0.0,0.0,0.0,0.0,0.0,0.0,0.0,0.0,0.0,0.0,0.0,0.0,0.0,0.0,0.0,0.0,0.0,0.0,0.0,0.0,0.0,0.0,0.0,0.0,0.0,0.0,0.0,0.0,0.0,0.0,0.0,0.0,0.0,0.0,0.0,0.0,0.0,0.0,0.0,0.0,0.0,0.0,0.0,0.0,0.0,0.0,0.0,0.0,0.0
stats_3.csv,3,pronouns_3p_per100_sd,stats_3__pronouns_3p_per100_sd,3.2725,3.7169,3.3523,3.383,3.4671,3.6155,2.2288,3.2799,3.3928,3.9767,3.6517,3.4307,3.008,3.5547,3.3951,3.1219,2.95,3.5307,3.1864,3.4266,4.0244,3.1205,3.271,3.3431,2.1244,3.1467,4.6406,3.242,3.3334,2.8713,3.2452,4.286,3.3009,2.6798,2.8723,1.8735,3.5011,2.9392,3.3622,2.8571,2.7674,2.9973,3.6284,3.8639,3.273,2.4278,3.4784,3.1252,3.3114,3.6867,4.0403,2.573,2.536,3.5133,3.1779,2.9249,2.6895,3.3598,3.8109,3.1815,2.2674,2.9752,2.4831,3.2936,2.7002,2.7522,3.9879,3.09,3.3585,3.4729,3.2901,2.8785,3.9656,2.8291,2.9202,3.4148,3.1122,2.907,2.7405,3.4978,3.2541,3.9131,3.507,3.3293,3.1721,3.4018,3.0377,3.5695,3.5886,3.0654,4.7074,4.404,2.3688,3.5714,2.5029,3.075,3.1503,2.42,3.3707,3.7668
stats_3.csv,3,pronouns_demonstrative_per100_avg,stats_3__pronouns_demonstrative_per100_avg,1.368,2.454,1.7244,1.8681,2.3737,1.8006,2.386,2.841,1.3032,2.0657,2.0125,1.7416,1.5065,2.0149,1.3985,1.4402,1.8183,2.1827,2.4634,1.3412,1.6365,2.1762,1.5953,1.0097,2.878,1.624,2.1345,1.3716,2.1278,1.759,1.7259,1.6529,1.4121,1.634,1.6338,1.1118,2.389,2.1576,2.1507,2.2093,1.3223,2.653,2.3471,2.0637,1.9174,1.4665,1.2675,1.9956,1.3494,1.4481,1.5148,2.0836,1.8599,2.4177,2.0325,1.6323,1.7299,1.1198,1.9608,1.5362,2.0491,1.5227,1.0464,2.4591,1.2996,2.0073,0.7436,1.0689,2.0268,2.1472,1.7359,3.1509,2.2838,2.1757,1.5626,1.3932,1.52,1.5641,1.9195,3.009,1.308,3.3191,1.9763,1.5342,1.4639,1.9876,2.0675,1.7488,1.8354,1.7991,2.2758,1.4857,2.062,1.6657,1.1226,1.3049,1.5083,1.8815,1.6157,1.5618
stats_3.csv,3,pronouns_demonstrative_per100_max,stats_3__pronouns_demonstrative_per100_max,9.0,9.0,7.0,9.0,8.0,8.0,10.0,15.0,7.0,11.0,10.0,7.0,8.0,10.0,6.0,9.0,9.0,10.0,9.0,8.0,8.0,10.0,6.0,6.0,10.0,8.5714,12.0,8.0,8.0,6.0,7.0,9.0909,7.0,7.0,8.0,7.0,20.0,10.0,9.0,11.0,6.0,10.0,10.0,8.0,8.0,6.0,8.0,9.0,6.0,9.0,9.0,8.0,9.0,11.0,10.0,9.0,7.0,9.0,10.0,6.0,11.5385,7.0,9.0,9.0,7.0,8.0,6.0,6.0,8.0,8.0,7.0,10.0,9.0,10.0,8.0,8.0,7.0,7.0,8.0,11.0,7.1429,9.0,8.0,6.0,8.0,10.0,9.0,7.0,9.0,8.0,11.0,9.0,8.0,8.0,6.0,6.0,7.0,8.0,10.0,8.0
stats_3.csv,3,pronouns_demonstrative_per100_min,stats_3__pronouns_demonstrative_per100_min,0.0,0.0,0.0,0.0,0.0,0.0,0.0,0.0,0.0,0.0,0.0,0.0,0.0,0.0,0.0,0.0,0.0,0.0,0.0,0.0,0.0,0.0,0.0,0.0,0.0,0.0,0.0,0.0,0.0,0.0,0.0,0.0,0.0,0.0,0.0,0.0,0.0,0.0,0.0,0.0,0.0,0.0,0.0,0.0,0.0,0.0,0.0,0.0,0.0,0.0,0.0,0.0,0.0,0.0,0.0,0.0,0.0,0.0,0.0,0.0,0.0,0.0,0.0,0.0,0.0,0.0,0.0,0.0,0.0,0.0,0.0,0.0,0.0,0.0,0.0,0.0,0.0,0.0,0.0,0.0,0.0,0.0,0.0,0.0,0.0,0.0,0.0,0.0,0.0,0.0,0.0,0.0,0.0,0.0,0.0,0.0,0.0,0.0,0.0,0.0
stats_3.csv,3,pronouns_demonstrative_per100_sd,stats_3__pronouns_demonstrative_per100_sd,1.3978,1.5781,1.3893,1.4974,1.5039,1.4494,1.5865,1.747,1.3378,1.637,1.5983,1.3129,1.3165,1.6219,1.1619,1.3404,1.4271,1.6809,1.6876,1.3207,1.3519,1.6856,1.2378,1.1618,1.6586,1.3367,1.5852,1.2552,1.398,1.3638,1.3413,1.4939,1.318,1.409,1.433,1.1562,1.789,1.5384,1.4084,1.5075,1.1983,1.7341,1.7438,1.4612,1.3971,1.2073,1.2432,1.4358,1.2483,1.2808,1.3012,1.5311,1.4914,1.6423,1.5884,1.4025,1.3909,1.2192,1.4835,1.2891,1.4824,1.3041,1.2191,1.6691,1.2299,1.2944,1.0538,1.1679,1.6033,1.4515,1.3506,2.0023,1.4574,1.5797,1.3493,1.4568,1.3905,1.3938,1.3905,1.7118,1.127,1.9079,1.5953,1.2283,1.3098,1.6865,1.5773,1.3326,1.4741,1.3907,1.9145,1.257,1.5299,1.4757,1.099,1.2379,1.2662,1.4615,1.2761,1.3216
stats_3.csv,3,pronouns_indefinite_per100_avg,stats_3__pronouns_indefinite_per100_avg,1.4792,2.0359,1.9739,3.1815,1.6051,2.1405,2.2206,2.1258,1.807,1.9738,2.1036,2.1466,1.6553,1.9898,1.3463,1.867,1.7747,2.0916,2.3415,2.4125,1.8692,2.2219,2.4299,1.2147,1.744,1.6944,2.7176,1.6074,1.8615,2.0205,2.1595,2.1302,1.9505,1.644,1.8928,1.2143,1.9473,1.6774,1.9289,1.498,1.9695,2.7456,1.9678,1.3686,2.4499,1.6786,1.7958,1.7926,1.6747,2.1667,1.6994,2.087,2.1126,2.2781,2.1625,1.9203,1.8138,2.1441,1.8728,1.845,2.1824,1.599,0.8958,2.3846,1.4349,1.6993,2.3045,2.1468,2.2098,2.3509,2.0136,2.4149,1.8536,2.17,1.9172,1.4552,1.2818,2.1719,1.5698,2.4956,2.041,1.7781,2.2022,2.2393,1.6884,2.1518,2.5742,1.5657,2.2772,1.4045,1.5665,1.9097,1.8815,1.9699,1.8412,1.8783,1.8751,1.8784,1.4898,2.1714
stats_3.csv,3,pronouns_indefinite_per100_max,stats_3__pronouns_indefinite_per100_max,10.0,9.0,7.0,10.0,7.0,9.0,10.0,10.0,9.0,9.0,11.0,7.0,9.0,15.0,7.0,12.0,10.0,12.0,12.0,11.0,11.0,9.0,11.0,9.0,9.0,9.0,11.0,9.0,15.0,7.0,8.0,9.0,12.0,9.0,10.0,6.0,13.0,8.0,12.0,7.0,8.0,8.0,11.0,9.0,12.766,7.0,9.0,14.0,9.0,10.0,9.0,6.0,11.0,10.0,9.0,8.0,10.0,9.0,9.0,8.0,9.0,7.0,8.0,11.0,8.0,7.0,10.0,10.0,8.0,14.0,8.0,20.0,9.0,9.0,8.3333,8.0,10.0,9.0,8.0,13.0,9.0,11.0,10.0,9.0,10.0,19.0,11.0,8.0,10.0,10.0,10.0,10.0,9.0,9.0,8.0,16.0,7.0,9.0,8.0,9.0
stats_3.csv,3,pronouns_indefinite_per100_min,stats_3__pronouns_indefinite_per100_min,0.0,0.0,0.0,0.0,0.0,0.0,0.0,0.0,0.0,0.0,0.0,0.0,0.0,0.0,0.0,0.0,0.0,0.0,0.0,0.0,0.0,0.0,0.0,0.0,0.0,0.0,0.0,0.0,0.0,0.0,0.0,0.0,0.0,0.0,0.0,0.0,0.0,0.0,0.0,0.0,0.0,0.0,0.0,0.0,0.0,0.0,0.0,0.0,0.0,0.0,0.0,0.0,0.0,0.0,0.0,0.0,0.0,0.0,0.0,0.0,0.0,0.0,0.0,0.0,0.0,0.0,0.0,0.0,0.0,0.0,0.0,0.0,0.0,0.0,0.0,0.0,0.0,0.0,0.0,0.0,0.0,0.0,0.0,0.0,0.0,0.0,0.0,0.0,0.0,0.0,0.0,0.0,0.0,0.0,0.0,0.0,0.0,0.0,0.0,0.0
stats_3.csv,3,pronouns_indefinite_per100_sd,stats_3__pronouns_indefinite_per100_sd,1.3918,1.5317,1.4719,1.8244,1.3532,1.6362,1.5592,1.5723,1.5802,1.596,1.6611,1.481,1.3386,1.6234,1.1807,1.5113,1.4628,1.7052,1.6791,1.7,1.4296,1.5777,1.6807,1.2347,1.4746,1.399,2.0053,1.3434,1.4306,1.4195,1.5184,1.643,1.5818,1.3599,1.5641,1.2669,1.6602,1.4209,1.4476,1.2894,1.4475,1.8526,1.6262,1.3168,1.6826,1.3772,1.6045,1.4556,1.5167,1.6504,1.418,1.3336,1.6564,1.6254,1.5674,1.5042,1.4491,1.6422,1.5254,1.4478,1.5096,1.3496,1.1371,1.6957,1.3522,1.3133,1.6222,1.6678,1.5884,1.6379,1.4978,1.7845,1.5527,1.6855,1.5437,1.4506,1.3378,1.6351,1.3332,1.7939,1.4963,1.5651,1.6735,1.5325,1.4026,1.8379,1.781,1.3876,1.7336,1.2963,1.4394,1.5193,1.5297,1.5581,1.422,1.627,1.3974,1.4586,1.3224,1.6293
stats_3.csv,3,pronouns_total_per100_avg,stats_3__pronouns_total_per100_avg,10.4167,13.4606,14.5596,20.8232,11.8525,11.862,10.0517,14.087,17.8149,14.7166,16.5069,14.7592,11.5905,11.9354,16.0215,15.4319,11.4595,16.1131,15.2602,16.4069,12.9626,16.0508,14.6079,12.542,11.2811,11.1087,15.9769,14.7439,13.1596,13.3231,14.8627,13.7183,12.611,10.625,15.6615,5.7024,11.3714,15.2268,13.2456,13.1769,13.0415,17.1082,12.8241,11.9899,15.2112,10.6453,10.9417,15.4497,14.3492,15.6637,14.0985,9.9566,10.4787,16.1936,15.5901,10.5662,9.5692,15.481,15.9742,11.9205,11.9127,15.6204,6.2963,15.55,9.2981,9.9906,12.5589,16.781,13.6006,15.0441,14.0624,12.5371,17.7184,13.0112,11.0663,17.0257,10.3467,14.5641,12.5122,13.2886,14.0807,16.1939,15.5456,14.5049,11.5227,14.8995,15.2169,12.9866,11.6734,12.5626,15.9142,13.4296,10.6687,12.8888,13.4986,12.3301,12.2676,13.4082,10.9204,13.5824
stats_3.csv,3,pronouns_total_per100_max,stats_3__pronouns_total_per100_max,28.0,35.0,28.0,31.0,28.0,31.0,26.0,32.0,36.0,31.0,33.0,30.0,29.0,31.0,29.0,35.0,30.0,37.0,32.0,33.0,30.0,33.0,26.0,28.0,23.0,27.0,35.0,28.0,32.0,30.0,29.0,31.0,31.0,29.0,32.0,19.0,33.0,33.0,30.0,26.0,30.0,30.0,36.3636,31.0,34.0,26.0,27.0,32.0,27.0,32.0,35.0,25.0,27.0,38.0,34.0,32.0,24.0,33.0,33.0,25.0,28.0,30.0,18.0,34.0,25.0,23.0,23.0,34.0,24.0,30.0,31.0,29.0,37.0,27.0,26.0,33.0,28.0,29.0,29.0,29.0,29.0,30.0,31.0,30.0,31.0,35.0,32.0,28.0,24.0,30.0,35.0,27.0,31.0,50.0,29.0,27.0,31.0,28.0,33.0,28.0
stats_3.csv,3,pronouns_total_per100_min,stats_3__pronouns_total_per100_min,0.0,0.0,0.0,10.0,1.0,0.0,0.0,0.0,3.0,0.0,3.0,3.0,1.0,0.0,1.0,2.0,1.0,1.0,4.0,2.0,0.0,5.0,4.0,0.0,3.0,0.0,2.0,2.0,1.0,0.0,4.0,1.0,2.0,0.0,0.0,0.0,0.0,2.0,1.0,2.0,0.0,8.0,0.0,0.0,3.0,1.0,0.0,1.0,4.0,0.0,0.0,2.0,0.0,1.0,1.0,1.0,0.0,2.0,0.0,1.0,2.0,2.0,0.0,2.0,0.0,1.0,2.0,1.0,4.0,2.0,0.0,1.0,1.0,2.0,2.0,2.0,0.0,0.0,0.0,1.0,1.0,4.0,0.0,2.0,0.0,2.0,2.0,1.0,1.0,1.0,0.0,1.0,1.0,0.0,2.0,2.0,0.0,2.0,0.0,1.0
stats_3.csv,3,pronouns_total_per100_sd,stats_3__pronouns_total_per100_sd,5.3151,4.8514,5.3335,3.7579,4.2414,5.1697,3.8782,4.1504,6.0677,5.4126,5.1491,4.3311,4.3559,5.0776,4.662,5.0003,4.9252,5.4641,4.5516,4.6377,5.1009,5.0323,4.0581,5.2187,3.4364,4.7698,5.4064,4.7638,4.7147,5.1074,4.142,5.2065,5.2615,4.9027,5.4435,2.7261,5.2051,4.8363,4.287,4.0292,4.3028,4.3598,5.0786,5.1651,5.0308,4.2057,4.9963,4.6447,4.9666,5.3232,5.2566,3.9546,3.9354,5.1567,5.0005,4.4647,4.2168,6.0062,5.0312,4.4816,3.8887,5.117,3.056,4.3204,4.0785,3.6295,3.8417,5.8607,3.9929,4.6206,4.8202,4.8073,5.3117,4.4175,4.4442,5.4326,4.5604,4.5193,4.679,4.4708,4.6342,4.5489,5.5984,4.4126,5.0229,5.3476,5.0041,5.379,4.1185,4.6597,5.5775,4.7372,4.6849,5.9022,4.3729,4.2889,5.215,4.6794,4.5375,4.6225
stats_3.csv,3,token_total,stats_3__token_total,266212.0,197709.0,49633.0,77088.0,145597.0,104545.0,212194.0,402037.0,99555.0,356771.0,207281.0,122669.0,105674.0,569627.0,118640.0,103524.0,130331.0,357476.0,86025.0,114807.0,116898.0,36591.0,63450.0,165732.0,99949.0,175035.0,59466.0,186671.0,321382.0,38901.0,26979.0,64433.0,181248.0,139674.0,181243.0,143977.0,560005.0,187164.0,189733.0,74857.0,117295.0,16856.0,133311.0,246561.0,179047.0,61542.0,65738.0,360014.0,26867.0,100131.0,431553.0,29833.0,179013.0,246674.0,161440.0,141632.0,78435.0,70022.0,247537.0,51575.0,102926.0,61559.0,102638.0,120820.0,216237.0,82538.0,62355.0,91346.0,22321.0,126156.0,102514.0,87405.0,232113.0,32495.0,50212.0,58419.0,84720.0,63920.0,465710.0,294139.0,190214.0,76587.0,80015.0,159648.0,235162.0,177895.0,268193.0,104220.0,78984.0,191593.0,93110.0,87451.0,139157.0,142902.0,71705.0,32843.0,126480.0,69585.0,308023.0,123626.0
stats_4.csv,4,chunk_count_used,stats_4__chunk_count_used,2663.0,1978.0,497.0,771.0,1456.0,1046.0,2122.0,4021.0,996.0,3568.0,2073.0,1227.0,1057.0,5697.0,1187.0,1036.0,1304.0,3575.0,861.0,1149.0,1169.0,366.0,635.0,1658.0,1000.0,1751.0,595.0,1867.0,3214.0,390.0,270.0,645.0,1813.0,1397.0,1813.0,1440.0,5601.0,1872.0,1898.0,749.0,1173.0,169.0,1334.0,2466.0,1791.0,616.0,658.0,3601.0,269.0,1002.0,4316.0,299.0,1791.0,2467.0,1615.0,1417.0,785.0,701.0,2476.0,516.0,1030.0,616.0,1027.0,1209.0,2163.0,826.0,624.0,914.0,224.0,1262.0,1026.0,875.0,2322.0,325.0,503.0,585.0,848.0,640.0,4658.0,2942.0,1903.0,766.0,801.0,1597.0,2352.0,1779.0,2682.0,1043.0,790.0,1916.0,932.0,875.0,1392.0,1430.0,718.0,329.0,1265.0,696.0,3081.0,1237.0
stats_4.csv,4,chunk_size_words,stats_4__chunk_size_words,100.0,100.0,100.0,100.0,100.0,100.0,100.0,100.0,100.0,100.0,100.0,100.0,100.0,100.0,100.0,100.0,100.0,100.0,100.0,100.0,100.0,100.0,100.0,100.0,100.0,100.0,100.0,100.0,100.0,100.0,100.0,100.0,100.0,100.0,100.0,100.0,100.0,100.0,100.0,100.0,100.0,100.0,100.0,100.0,100.0,100.0,100.0,100.0,100.0,100.0,100.0,100.0,100.0,100.0,100.0,100.0,100.0,100.0,100.0,100.0,100.0,100.0,100.0,100.0,100.0,100.0,100.0,100.0,100.0,100.0,100.0,100.0,100.0,100.0,100.0,100.0,100.0,100.0,100.0,100.0,100.0,100.0,100.0,100.0,100.0,100.0,100.0,100.0,100.0,100.0,100.0,100.0,100.0,100.0,100.0,100.0,100.0,100.0,100.0,100.0
stats_4.csv,4,direct_wh_questions_per100_avg,stats_4__direct_wh_questions_per100_avg,0.4101,0.0586,0.0382,0.1206,0.0,0.1033,0.1513,0.0935,0.0552,0.1511,0.3348,0.1165,0.0861,0.1436,0.1323,0.0724,0.0713,0.2811,0.0825,0.1158,0.13,0.0519,0.1339,0.1363,0.1,0.1199,0.3109,0.1555,0.1027,0.1128,0.0778,0.2637,0.1285,0.1646,0.2796,0.1778,0.1726,0.0849,0.0996,0.1602,0.0912,0.1006,0.093,0.1415,0.0994,0.1201,0.1231,0.0686,0.0929,0.1717,0.1608,0.0836,0.1206,0.2756,0.0861,0.2352,0.0841,0.0927,0.1636,0.0911,0.0165,0.0666,0.1548,0.0513,0.2159,0.0738,0.1138,0.1138,0.0625,0.1854,0.1462,0.0446,0.0926,0.1354,0.0358,0.0393,0.3007,0.0953,0.0947,0.1271,0.0547,0.1018,0.206,0.0557,0.1543,0.1282,0.2069,0.1122,0.1114,0.1373,0.1781,0.2971,0.1911,0.235,0.039,0.0821,0.1336,0.0761,0.1331,0.1002
stats_4.csv,4,direct_wh_questions_per100_max,stats_4__direct_wh_questions_per100_max,6.0,2.0,2.0,3.0,0.0,3.0,7.0,11.0,3.0,4.0,7.0,4.0,5.0,6.0,4.0,5.0,3.0,8.0,3.0,4.0,4.0,2.0,3.0,5.0,4.0,5.0,4.0,5.0,3.0,3.0,3.0,9.0909,7.0,5.0,6.0,3.0,9.0,4.0,3.0,4.0,4.0,5.0,4.0,3.0,3.0,3.0,4.0,4.0,2.0,5.0,5.0,3.0,7.0,6.0,5.0,6.25,2.0,3.0,4.0,2.0,3.0,1.0,4.0,4.0,5.0,3.0,3.0,8.0,2.0,4.0,4.0,2.0,4.0,3.0,3.0,2.0,5.0,4.0,5.0,3.0,2.0,3.0,4.0,3.0,5.0,5.0,6.0,3.0,3.0,3.0,6.0,4.0,6.0,6.0,2.0,2.0,3.0,4.0,4.0,5.0
stats_4.csv,4,direct_wh_questions_per100_min,stats_4__direct_wh_questions_per100_min,0.0,0.0,0.0,0.0,0.0,0.0,0.0,0.0,0.0,0.0,0.0,0.0,0.0,0.0,0.0,0.0,0.0,0.0,0.0,0.0,0.0,0.0,0.0,0.0,0.0,0.0,0.0,0.0,0.0,0.0,0.0,0.0,0.0,0.0,0.0,0.0,0.0,0.0,0.0,0.0,0.0,0.0,0.0,0.0,0.0,0.0,0.0,0.0,0.0,0.0,0.0,0.0,0.0,0.0,0.0,0.0,0.0,0.0,0.0,0.0,0.0,0.0,0.0,0.0,0.0,0.0,0.0,0.0,0.0,0.0,0.0,0.0,0.0,0.0,0.0,0.0,0.0,0.0,0.0,0.0,0.0,0.0,0.0,0.0,0.0,0.0,0.0,0.0,0.0,0.0,0.0,0.0,0.0,0.0,0.0,0.0,0.0,0.0,0.0,0.0
stats_4.csv,4,direct_wh_questions_per100_sd,stats_4__direct_wh_questions_per100_sd,0.7737,0.2614,0.202,0.3704,0.0,0.3798,0.4827,0.4246,0.2573,0.4396,0.7177,0.398,0.3602,0.473,0.4087,0.3252,0.2883,0.6487,0.3461,0.375,0.4261,0.2338,0.3921,0.436,0.355,0.4019,0.6527,0.4628,0.3403,0.3688,0.3408,0.7052,0.4325,0.4949,0.6714,0.4673,0.5506,0.3182,0.3312,0.469,0.3421,0.4697,0.3616,0.3923,0.3602,0.4247,0.453,0.2953,0.3265,0.5176,0.4722,0.3513,0.4213,0.6369,0.3615,0.5938,0.2996,0.3833,0.4479,0.3256,0.1549,0.2493,0.4757,0.3161,0.5525,0.316,0.3775,0.4726,0.2765,0.5025,0.4349,0.2172,0.3467,0.4153,0.2155,0.2192,0.6956,0.3562,0.3532,0.3939,0.2386,0.3825,0.5157,0.2649,0.4494,0.4351,0.5557,0.3609,0.3735,0.4028,0.4929,0.6562,0.5448,0.6196,0.2141,0.3059,0.4078,0.3282,0.4058,0.3894
stats_4.csv,4,token_total,stats_4__token_total,266212.0,197709.0,49633.0,77088.0,145597.0,104545.0,212194.0,402037.0,99555.0,356771.0,207281.0,122669.0,105674.0,569627.0,118640.0,103524.0,130331.0,357476.0,86025.0,114807.0,116898.0,36591.0,63450.0,165732.0,99949.0,175035.0,59466.0,186671.0,321382.0,38901.0,26979.0,64433.0,181248.0,139674.0,181243.0,143977.0,560005.0,187164.0,189733.0,74857.0,117295.0,16856.0,133311.0,246561.0,179047.0,61542.0,65738.0,360014.0,26867.0,100131.0,431553.0,29833.0,179013.0,246674.0,161440.0,141632.0,78435.0,70022.0,247537.0,51575.0,102926.0,61559.0,102638.0,120820.0,216237.0,82538.0,62355.0,91346.0,22321.0,126156.0,102514.0,87405.0,232113.0,32495.0,50212.0,58419.0,84720.0,63920.0,465710.0,294139.0,190214.0,76587.0,80015.0,159648.0,235162.0,177895.0,268193.0,104220.0,78984.0,191593.0,93110.0,87451.0,139157.0,142902.0,71705.0,32843.0,126480.0,69585.0,308023.0,123626.0
stats_5.csv,5,chunk_count_used,stats_5__chunk_count_used,2663.0,1978.0,497.0,771.0,1456.0,1046.0,2122.0,4021.0,996.0,3568.0,2073.0,1227.0,1057.0,5697.0,1187.0,1036.0,1304.0,3575.0,861.0,1149.0,1169.0,366.0,635.0,1658.0,1000.0,1751.0,595.0,1867.0,3214.0,390.0,270.0,645.0,1813.0,1397.0,1813.0,1440.0,5601.0,1872.0,1898.0,749.0,1173.0,169.0,1334.0,2466.0,1791.0,616.0,658.0,3601.0,269.0,1002.0,4316.0,299.0,1791.0,2467.0,1615.0,1417.0,785.0,701.0,2476.0,516.0,1030.0,616.0,1027.0,1209.0,2163.0,826.0,624.0,914.0,224.0,1262.0,1026.0,875.0,2322.0,325.0,503.0,585.0,848.0,640.0,4658.0,2942.0,1903.0,766.0,801.0,1597.0,2352.0,1779.0,2682.0,1043.0,790.0,1916.0,932.0,875.0,1392.0,1430.0,718.0,329.0,1265.0,696.0,3081.0,1237.0
stats_5.csv,5,chunk_size_words,stats_5__chunk_size_words,100.0,100.0,100.0,100.0,100.0,100.0,100.0,100.0,100.0,100.0,100.0,100.0,100.0,100.0,100.0,100.0,100.0,100.0,100.0,100.0,100.0,100.0,100.0,100.0,100.0,100.0,100.0,100.0,100.0,100.0,100.0,100.0,100.0,100.0,100.0,100.0,100.0,100.0,100.0,100.0,100.0,100.0,100.0,100.0,100.0,100.0,100.0,100.0,100.0,100.0,100.0,100.0,100.0,100.0,100.0,100.0,100.0,100.0,100.0,100.0,100.0,100.0,100.0,100.0,100.0,100.0,100.0,100.0,100.0,100.0,100.0,100.0,100.0,100.0,100.0,100.0,100.0,100.0,100.0,100.0,100.0,100.0,100.0,100.0,100.0,100.0,100.0,100.0,100.0,100.0,100.0,100.0,100.0,100.0,100.0,100.0,100.0,100.0,100.0,100.0
stats_5.csv,5,gerund_nominals_ing_per100_avg,stats_5__gerund_nominals_ing_per100_avg,0.7278,0.6744,0.5333,0.4591,0.7225,0.7562,0.8158,0.4565,0.4257,0.6893,0.5675,0.5575,0.6481,0.5699,0.5981,0.5658,0.8719,0.4714,0.5505,0.7293,0.7519,0.6694,0.5307,0.3739,0.692,0.7709,0.921,0.6658,0.7813,0.8051,0.6148,0.9457,0.5527,0.6187,0.7033,0.6653,0.6292,0.5842,0.461,0.6382,0.5909,0.8225,0.5667,0.5174,0.665,0.737,0.734,0.5973,0.5056,0.8046,0.6622,0.9766,0.6315,0.5274,0.6204,0.7107,0.7159,0.6676,0.6058,0.6453,0.601,0.7933,0.6066,0.5219,0.7277,0.3801,0.6587,0.6291,0.7277,0.4889,0.4561,0.7589,0.4276,0.4769,0.6958,0.506,0.6769,0.7156,0.4878,0.8246,0.6012,0.7454,0.6504,0.8215,0.7781,0.6211,0.5611,0.7459,0.7443,0.8064,0.6148,0.584,0.6774,0.7916,0.5487,0.8298,0.6134,0.5029,0.5943,0.683
stats_5.csv,5,gerund_nominals_ing_per100_max,stats_5__gerund_nominals_ing_per100_max,8.0,4.0,4.0,5.0,6.0,7.0,6.0,6.0,4.0,6.0,5.0,5.0,5.0,6.0,4.0,5.0,6.0,5.0,5.0,5.0,5.0,3.0,4.0,7.0,6.0,5.0,5.0,7.0,6.0,5.0,6.0,7.0,5.0,5.0,5.0,5.0,6.0,5.0,4.0,4.0,4.0,5.0,7.0,5.0,8.0,6.0,6.0,5.0,4.0,6.0,7.0,6.0,11.0,5.0,4.0,8.0,6.0,6.0,5.0,5.0,17.0,4.0,5.0,4.0,5.0,3.0,5.0,5.0,5.0,6.0,6.0,5.0,5.0,4.0,5.0,6.0,5.0,5.0,5.0,6.0,6.0,6.0,4.0,5.0,7.0,6.0,5.0,5.0,8.0,6.0,9.0,4.0,6.0,6.0,4.0,5.0,6.0,4.0,7.0,5.0
stats_5.csv,5,gerund_nominals_ing_per100_min,stats_5__gerund_nominals_ing_per100_min,0.0,0.0,0.0,0.0,0.0,0.0,0.0,0.0,0.0,0.0,0.0,0.0,0.0,0.0,0.0,0.0,0.0,0.0,0.0,0.0,0.0,0.0,0.0,0.0,0.0,0.0,0.0,0.0,0.0,0.0,0.0,0.0,0.0,0.0,0.0,0.0,0.0,0.0,0.0,0.0,0.0,0.0,0.0,0.0,0.0,0.0,0.0,0.0,0.0,0.0,0.0,0.0,0.0,0.0,0.0,0.0,0.0,0.0,0.0,0.0,0.0,0.0,0.0,0.0,0.0,0.0,0.0,0.0,0.0,0.0,0.0,0.0,0.0,0.0,0.0,0.0,0.0,0.0,0.0,0.0,0.0,0.0,0.0,0.0,0.0,0.0,0.0,0.0,0.0,0.0,0.0,0.0,0.0,0.0,0.0,0.0,0.0,0.0,0.0,0.0
stats_5.csv,5,gerund_nominals_ing_per100_sd,stats_5__gerund_nominals_ing_per100_sd,0.9285,0.8354,0.7531,0.696,0.8833,0.9524,0.9642,0.721,0.6982,0.8989,0.7828,0.7664,0.8474,0.8142,0.7752,0.8136,0.9844,0.7422,0.8383,0.9463,0.8765,0.8081,0.7717,0.6868,0.8598,0.9164,1.0219,0.8756,0.9158,0.9408,0.886,1.0705,0.8337,0.8367,0.9024,0.8534,0.8452,0.8295,0.6792,0.8046,0.8059,1.0677,0.8221,0.7886,0.8569,0.9358,0.9046,0.8137,0.779,0.9638,0.8914,1.0359,0.8607,0.7627,0.8049,0.9472,0.9055,0.9462,0.8314,0.8673,0.9568,0.8829,0.8023,0.7737,0.8794,0.6132,0.899,0.8595,0.8823,0.7747,0.7204,0.9209,0.6815,0.717,0.9609,0.7977,0.9249,0.9255,0.7494,0.9432,0.7988,0.9362,0.8212,0.9377,0.9413,0.9086,0.807,0.8908,0.9811,0.9772,0.8806,0.7989,0.9145,0.9483,0.761,0.9588,0.8245,0.735,0.8262,0.8225
stats_5.csv,5,nominal_suffix_per100_avg,stats_5__nominal_suffix_per100_avg,1.8336,2.7113,1.6962,0.4904,2.5468,2.4366,2.1786,2.0646,0.6807,2.2465,1.9005,3.3862,2.001,2.3115,2.1255,1.168,0.7991,1.961,1.9071,0.5039,1.9393,1.7549,1.0142,0.6224,1.521,2.6635,1.7782,2.4478,3.0231,2.6897,1.1279,1.6838,1.9316,1.5615,1.5887,1.0754,2.4565,1.89,2.755,3.735,1.0324,1.5431,1.7181,2.042,2.0029,1.335,2.2675,2.0533,0.5353,0.8603,1.4592,2.8663,2.3998,2.2023,1.4344,1.7998,2.2177,0.6191,1.8368,1.0588,3.1018,1.3161,0.926,2.062,2.2108,3.2574,0.8923,0.731,1.5336,1.8803,2.2154,2.4754,2.6411,1.7971,1.4732,0.6154,1.9953,1.3891,2.2666,3.7504,1.3558,2.0287,1.995,2.7303,2.0798,0.9533,1.8662,2.3202,2.0534,2.2063,1.2833,2.3886,2.556,2.0224,0.9763,0.924,1.853,1.3103,2.1928,0.9271
stats_5.csv,5,nominal_suffix_per100_max,stats_5__nominal_suffix_per100_max,17.0,13.0,7.0,4.0,9.0,9.0,9.0,11.0,11.0,13.0,10.0,12.0,9.0,17.0,10.0,7.0,7.0,10.0,8.0,5.0,10.0,9.0,7.0,7.0,7.0,12.0,11.0,12.0,11.0,100.0,6.0,9.0,11.0,8.0,9.0,7.0,20.0,10.0,10.0,11.0,7.0,6.0,10.0,11.0,9.0,6.0,12.0,10.0,4.0,6.0,9.0,9.0,11.0,11.0,9.0,10.0,9.0,8.0,10.0,5.0,13.0,9.0,6.0,11.0,13.0,11.0,8.0,6.0,9.5238,9.0,9.0,20.0,13.0,8.0,8.0,6.0,11.0,8.0,15.0,15.0,8.0,9.0,14.0,11.0,12.0,9.0,11.0,12.0,9.0,12.0,9.0,10.0,11.0,11.0,8.0,6.0,12.0,6.0,10.0,7.0
stats_5.csv,5,nominal_suffix_per100_min,stats_5__nominal_suffix_per100_min,0.0,0.0,0.0,0.0,0.0,0.0,0.0,0.0,0.0,0.0,0.0,0.0,0.0,0.0,0.0,0.0,0.0,0.0,0.0,0.0,0.0,0.0,0.0,0.0,0.0,0.0,0.0,0.0,0.0,0.0,0.0,0.0,0.0,0.0,0.0,0.0,0.0,0.0,0.0,0.0,0.0,0.0,0.0,0.0,0.0,0.0,0.0,0.0,0.0,0.0,0.0,0.0,0.0,0.0,0.0,0.0,0.0,0.0,0.0,0.0,0.0,0.0,0.0,0.0,0.0,0.0,0.0,0.0,0.0,0.0,0.0,0.0,0.0,0.0,0.0,0.0,0.0,0.0,0.0,0.0,0.0,0.0,0.0,0.0,0.0,0.0,0.0,0.0,0.0,0.0,0.0,0.0,0.0,0.0,0.0,0.0,0.0,0.0,0.0,0.0
stats_5.csv,5,nominal_suffix_per100_sd,stats_5__nominal_suffix_per100_sd,2.25,1.9119,1.5099,0.751,1.7581,1.8194,1.7444,1.5638,1.1409,1.9195,1.714,2.1023,1.6051,2.0805,1.7689,1.2895,0.9843,1.7606,1.6537,0.7834,1.6593,1.6535,1.0889,0.8955,1.2718,2.0775,1.6667,1.8205,2.1405,5.2314,1.1878,1.6816,1.6076,1.3736,1.568,1.0689,1.991,1.561,1.8197,2.0681,1.1152,1.4911,1.6364,1.7207,1.6004,1.2299,1.803,1.6799,0.7734,1.1171,1.4019,1.6986,1.7088,1.7347,1.3683,1.5226,1.6807,1.0214,1.6055,1.1432,2.079,1.3633,1.0199,1.7594,1.6705,2.0709,1.1176,1.0186,1.3626,1.6212,1.5825,1.8884,1.8887,1.4513,1.4622,1.0365,1.9249,1.3498,1.7016,2.5087,1.3315,1.6067,1.8312,1.9055,1.6987,1.2166,1.6187,1.7409,1.5869,1.6752,1.515,1.9057,1.8499,1.7384,1.1421,1.0959,1.8685,1.1787,1.6389,1.1072
stats_5.csv,5,token_total,stats_5__token_total,266212.0,197709.0,49633.0,77088.0,145597.0,104545.0,212194.0,402037.0,99555.0,356771.0,207281.0,122669.0,105674.0,569627.0,118640.0,103524.0,130331.0,357476.0,86025.0,114807.0,116898.0,36591.0,63450.0,165732.0,99949.0,175035.0,59466.0,186671.0,321382.0,38901.0,26979.0,64433.0,181248.0,139674.0,181243.0,143977.0,560005.0,187164.0,189733.0,74857.0,117295.0,16856.0,133311.0,246561.0,179047.0,61542.0,65738.0,360014.0,26867.0,100131.0,431553.0,29833.0,179013.0,246674.0,161440.0,141632.0,78435.0,70022.0,247537.0,51575.0,102926.0,61559.0,102638.0,120820.0,216237.0,82538.0,62355.0,91346.0,22321.0,126156.0,102514.0,87405.0,232113.0,32495.0,50212.0,58419.0,84720.0,63920.0,465710.0,294139.0,190214.0,76587.0,80015.0,159648.0,235162.0,177895.0,268193.0,104220.0,78984.0,191593.0,93110.0,87451.0,139157.0,142902.0,71705.0,32843.0,126480.0,69585.0,308023.0,123626.0
stats_6.csv,6,agentless_passives_per100_avg,stats_6__agentless_passives_per100_avg,0.4202,0.5389,0.7445,1.0428,0.7074,1.2,0.6739,0.5317,0.5552,0.8728,0.9765,0.9038,0.5916,0.9217,0.6588,0.7423,1.0054,0.9036,1.1463,0.5144,0.8152,1.0249,0.6756,0.3673,0.32,0.6311,0.7799,0.7533,0.8224,0.7462,0.6704,0.6481,0.7424,0.9599,0.9206,0.1967,0.9755,0.7727,0.9531,0.7437,0.9301,0.8284,0.3763,0.6261,1.014,0.9756,0.8328,0.7251,0.8047,0.7475,0.8809,1.4582,0.3825,0.7872,0.7715,0.8299,0.7006,0.8217,1.1264,1.1047,0.5854,0.7154,0.258,0.4673,0.7582,0.6562,0.6426,0.8249,0.8125,0.8914,0.8996,1.2743,0.5418,0.9049,1.5355,0.8632,0.6651,0.9594,0.8231,0.868,0.64,0.7611,0.8102,0.9481,0.7309,0.8044,1.0015,0.7641,0.8051,0.7344,0.7275,0.7749,0.842,1.1364,0.7507,0.9757,0.8182,0.6422,0.7246,0.8787
stats_6.csv,6,agentless_passives_per100_max,stats_6__agentless_passives_per100_max,7.0,4.0,4.0,6.0,4.0,8.0,4.0,4.0,4.0,4.0,6.0,5.0,4.0,6.0,4.0,5.0,6.0,5.0,5.0,3.0,5.0,4.0,3.0,4.0,3.0,5.0,7.0,4.0,5.0,5.0,3.0,4.0,5.0,5.0,7.0,3.0,8.0,5.0,7.0,4.0,6.0,5.0,3.0,4.0,6.0,7.0,5.0,6.0,4.4776,5.0,6.0,5.0,3.0,6.0,5.0,5.0,4.0,6.0,6.0,5.0,4.0,5.0,4.0,5.0,5.0,4.0,3.0,8.0,4.0,5.0,4.0,6.0,3.0,6.0,8.3333,5.0,4.0,5.0,5.0,5.0,4.0,4.0,5.0,4.0,5.0,5.0,5.0,5.0,4.0,4.0,5.0,4.0,6.0,6.0,4.0,6.0,6.0,3.0,4.3478,6.0
stats_6.csv,6,agentless_passives_per100_min,stats_6__agentless_passives_per100_min,0.0,0.0,0.0,0.0,0.0,0.0,0.0,0.0,0.0,0.0,0.0,0.0,0.0,0.0,0.0,0.0,0.0,0.0,0.0,0.0,0.0,0.0,0.0,0.0,0.0,0.0,0.0,0.0,0.0,0.0,0.0,0.0,0.0,0.0,0.0,0.0,0.0,0.0,0.0,0.0,0.0,0.0,0.0,0.0,0.0,0.0,0.0,0.0,0.0,0.0,0.0,0.0,0.0,0.0,0.0,0.0,0.0,0.0,0.0,0.0,0.0,0.0,0.0,0.0,0.0,0.0,0.0,0.0,0.0,0.0,0.0,0.0,0.0,0.0,0.0,0.0,0.0,0.0,0.0,0.0,0.0,0.0,0.0,0.0,0.0,0.0,0.0,0.0,0.0,0.0,0.0,0.0,0.0,0.0,0.0,0.0,0.0,0.0,0.0,0.0
stats_6.csv,6,agentless_passives_per100_sd,stats_6__agentless_passives_per100_sd,0.6935,0.7123,0.8517,1.031,0.7745,1.0392,0.7713,0.6652,0.7902,0.8931,0.9881,0.8587,0.7596,0.9281,0.7629,0.8744,0.9629,0.9363,0.9612,0.6811,0.8637,0.9244,0.7415,0.6363,0.5363,0.7586,0.8947,0.8115,0.8295,0.8501,0.7927,0.7707,0.8535,0.9275,1.0026,0.4425,0.9746,0.8383,0.9144,0.8242,0.9453,0.9791,0.5955,0.7761,0.9785,0.9809,0.9139,0.8037,0.9203,0.853,0.9359,1.2162,0.5764,0.8512,0.8323,0.8914,0.8034,0.959,1.0313,0.9886,0.7146,0.8534,0.4979,0.6346,0.8172,0.7626,0.8079,0.9967,0.8187,0.8704,0.8745,1.0819,0.7045,0.9086,1.2305,0.9143,0.7807,0.9462,0.8574,0.8503,0.733,0.817,0.8919,0.9101,0.8219,0.9292,0.9534,0.8027,0.8801,0.8449,0.824,0.853,0.8624,1.0311,0.8365,1.0458,0.8639,0.7369,0.8048,0.9608
stats_6.csv,6,by_passives_per100_avg,stats_6__by_passives_per100_avg,0.1074,0.2664,0.0543,0.0195,0.2294,0.1826,0.2224,0.2211,0.0371,0.1326,0.1071,0.2755,0.1523,0.1859,0.1196,0.0676,0.1887,0.1287,0.1696,0.0435,0.1309,0.1175,0.1291,0.0169,0.087,0.1154,0.116,0.1409,0.1857,0.1051,0.0926,0.1101,0.1109,0.1682,0.07,0.0688,0.1621,0.1661,0.2613,0.3094,0.0614,0.1479,0.1207,0.3155,0.1161,0.1289,0.1079,0.1586,0.039,0.0758,0.0774,0.1973,0.2066,0.0944,0.1152,0.1842,0.242,0.0442,0.124,0.1298,0.368,0.0601,0.0828,0.201,0.2349,0.2191,0.0385,0.0449,0.1205,0.1482,0.1287,0.1657,0.0874,0.1938,0.1988,0.0513,0.1474,0.0766,0.1797,0.192,0.1077,0.0953,0.1049,0.1841,0.1165,0.0877,0.129,0.1409,0.1835,0.0825,0.0494,0.2034,0.1351,0.2084,0.0724,0.0517,0.1123,0.1437,0.1863,0.0372
stats_6.csv,6,by_passives_per100_max,stats_6__by_passives_per100_max,3.0,3.0,1.0,1.0,3.0,3.0,4.0,2.0,2.0,3.0,3.0,3.0,2.0,3.0,2.0,2.0,3.0,3.0,2.0,2.0,3.0,2.0,2.0,1.0,2.0,3.0,2.0,2.0,3.0,2.0,2.0,2.0,3.0,2.0,2.0,3.0,3.0,2.0,3.0,3.0,2.0,2.0,2.0,3.0,3.0,2.381,3.0,3.0,1.4925,2.0,2.0,2.0,2.0,2.0,3.0,3.0,2.0,2.0,3.0,3.0,3.0,2.0,2.0,3.0,3.0,2.0,1.0,2.0,2.0,2.0,4.0,2.0,3.0,2.0,3.0,1.0,2.0,2.0,3.0,3.0,2.0,2.0,2.0,2.0,3.0,2.0,2.0,2.0,2.0,2.0,3.0,2.0,2.0,3.0,1.0,2.0,2.0,2.0,3.0,2.0
stats_6.csv,6,by_passives_per100_min,stats_6__by_passives_per100_min,0.0,0.0,0.0,0.0,0.0,0.0,0.0,0.0,0.0,0.0,0.0,0.0,0.0,0.0,0.0,0.0,0.0,0.0,0.0,0.0,0.0,0.0,0.0,0.0,0.0,0.0,0.0,0.0,0.0,0.0,0.0,0.0,0.0,0.0,0.0,0.0,0.0,0.0,0.0,0.0,0.0,0.0,0.0,0.0,0.0,0.0,0.0,0.0,0.0,0.0,0.0,0.0,0.0,0.0,0.0,0.0,0.0,0.0,0.0,0.0,0.0,0.0,0.0,0.0,0.0,0.0,0.0,0.0,0.0,0.0,0.0,0.0,0.0,0.0,0.0,0.0,0.0,0.0,0.0,0.0,0.0,0.0,0.0,0.0,0.0,0.0,0.0,0.0,0.0,0.0,0.0,0.0,0.0,0.0,0.0,0.0,0.0,0.0,0.0,0.0
stats_6.csv,6,by_passives_per100_sd,stats_6__by_passives_per100_sd,0.3397,0.4752,0.2267,0.1381,0.4684,0.4461,0.459,0.4332,0.1995,0.3669,0.3404,0.5034,0.3823,0.4248,0.3495,0.2623,0.4445,0.3606,0.4135,0.2124,0.3546,0.3304,0.3446,0.1289,0.2854,0.3317,0.3356,0.3674,0.4241,0.315,0.3144,0.3179,0.3327,0.4035,0.2616,0.2766,0.3961,0.3931,0.4946,0.5653,0.2538,0.3869,0.3326,0.5383,0.3472,0.3658,0.3384,0.3966,0.2005,0.2758,0.2791,0.453,0.4264,0.3073,0.3471,0.4174,0.4571,0.219,0.3623,0.3743,0.5639,0.2443,0.2893,0.4248,0.4585,0.466,0.1923,0.2122,0.339,0.379,0.376,0.3956,0.2944,0.4253,0.4763,0.2206,0.3739,0.2717,0.4156,0.4206,0.3281,0.3109,0.3261,0.426,0.3463,0.2907,0.3483,0.3745,0.4124,0.2862,0.2356,0.4431,0.3582,0.458,0.2592,0.2347,0.3327,0.3707,0.4198,0.1934
stats_6.csv,6,chunk_count_used,stats_6__chunk_count_used,2663.0,1978.0,497.0,771.0,1456.0,1046.0,2122.0,4021.0,996.0,3568.0,2073.0,1227.0,1057.0,5697.0,1187.0,1036.0,1304.0,3575.0,861.0,1149.0,1169.0,366.0,635.0,1658.0,1000.0,1751.0,595.0,1867.0,3214.0,390.0,270.0,645.0,1813.0,1397.0,1813.0,1440.0,5601.0,1872.0,1898.0,749.0,1173.0,169.0,1334.0,2466.0,1791.0,616.0,658.0,3601.0,269.0,1002.0,4316.0,299.0,1791.0,2467.0,1615.0,1417.0,785.0,701.0,2476.0,516.0,1030.0,616.0,1027.0,1209.0,2163.0,826.0,624.0,914.0,224.0,1262.0,1026.0,875.0,2322.0,325.0,503.0,585.0,848.0,640.0,4658.0,2942.0,1903.0,766.0,801.0,1597.0,2352.0,1779.0,2682.0,1043.0,790.0,1916.0,932.0,875.0,1392.0,1430.0,718.0,329.0,1265.0,696.0,3081.0,1237.0
stats_6.csv,6,chunk_size_words,stats_6__chunk_size_words,100.0,100.0,100.0,100.0,100.0,100.0,100.0,100.0,100.0,100.0,100.0,100.0,100.0,100.0,100.0,100.0,100.0,100.0,100.0,100.0,100.0,100.0,100.0,100.0,100.0,100.0,100.0,100.0,100.0,100.0,100.0,100.0,100.0,100.0,100.0,100.0,100.0,100.0,100.0,100.0,100.0,100.0,100.0,100.0,100.0,100.0,100.0,100.0,100.0,100.0,100.0,100.0,100.0,100.0,100.0,100.0,100.0,100.0,100.0,100.0,100.0,100.0,100.0,100.0,100.0,100.0,100.0,100.0,100.0,100.0,100.0,100.0,100.0,100.0,100.0,100.0,100.0,100.0,100.0,100.0,100.0,100.0,100.0,100.0,100.0,100.0,100.0,100.0,100.0,100.0,100.0,100.0,100.0,100.0,100.0,100.0,100.0,100.0,100.0,100.0
stats_6.csv,6,token_total,stats_6__token_total,266212.0,197709.0,49633.0,77088.0,145597.0,104545.0,212194.0,402037.0,99555.0,356771.0,207281.0,122669.0,105674.0,569627.0,118640.0,103524.0,130331.0,357476.0,86025.0,114807.0,116898.0,36591.0,63450.0,165732.0,99949.0,175035.0,59466.0,186671.0,321382.0,38901.0,26979.0,64433.0,181248.0,139674.0,181243.0,143977.0,560005.0,187164.0,189733.0,74857.0,117295.0,16856.0,133311.0,246561.0,179047.0,61542.0,65738.0,360014.0,26867.0,100131.0,431553.0,29833.0,179013.0,246674.0,161440.0,141632.0,78435.0,70022.0,247537.0,51575.0,102926.0,61559.0,102638.0,120820.0,216237.0,82538.0,62355.0,91346.0,22321.0,126156.0,102514.0,87405.0,232113.0,32495.0,50212.0,58419.0,84720.0,63920.0,465710.0,294139.0,190214.0,76587.0,80015.0,159648.0,235162.0,177895.0,268193.0,104220.0,78984.0,191593.0,93110.0,87451.0,139157.0,142902.0,71705.0,32843.0,126480.0,69585.0,308023.0,123626.0
stats_7.csv,7,chunk_count_used,stats_7__chunk_count_used,2663.0,1978.0,497.0,771.0,1456.0,1046.0,2122.0,4021.0,996.0,3568.0,2073.0,1227.0,1057.0,5697.0,1187.0,1036.0,1304.0,3575.0,861.0,1149.0,1169.0,366.0,635.0,1658.0,1000.0,1751.0,595.0,1867.0,3214.0,390.0,270.0,645.0,1813.0,1397.0,1813.0,1440.0,5601.0,1872.0,1898.0,749.0,1173.0,169.0,1334.0,2466.0,1791.0,616.0,658.0,3601.0,269.0,1002.0,4316.0,299.0,1791.0,2467.0,1615.0,1417.0,785.0,701.0,2476.0,516.0,1030.0,616.0,1027.0,1209.0,2163.0,826.0,624.0,914.0,224.0,1262.0,1026.0,875.0,2322.0,325.0,503.0,585.0,848.0,640.0,4658.0,2942.0,1903.0,766.0,801.0,1597.0,2352.0,1779.0,2682.0,1043.0,790.0,1916.0,932.0,875.0,1392.0,1430.0,718.0,329.0,1265.0,696.0,3081.0,1237.0
stats_7.csv,7,chunk_size_words,stats_7__chunk_size_words,100.0,100.0,100.0,100.0,100.0,100.0,100.0,100.0,100.0,100.0,100.0,100.0,100.0,100.0,100.0,100.0,100.0,100.0,100.0,100.0,100.0,100.0,100.0,100.0,100.0,100.0,100.0,100.0,100.0,100.0,100.0,100.0,100.0,100.0,100.0,100.0,100.0,100.0,100.0,100.0,100.0,100.0,100.0,100.0,100.0,100.0,100.0,100.0,100.0,100.0,100.0,100.0,100.0,100.0,100.0,100.0,100.0,100.0,100.0,100.0,100.0,100.0,100.0,100.0,100.0,100.0,100.0,100.0,100.0,100.0,100.0,100.0,100.0,100.0,100.0,100.0,100.0,100.0,100.0,100.0,100.0,100.0,100.0,100.0,100.0,100.0,100.0,100.0,100.0,100.0,100.0,100.0,100.0,100.0,100.0,100.0,100.0,100.0,100.0,100.0
stats_7.csv,7,copular_per100_avg,stats_7__copular_per100_avg,1.4412,1.4282,1.8994,3.5647,1.7507,3.0289,1.7126,1.2594,1.6534,2.1578,2.5685,2.6715,1.8446,2.1662,2.0708,2.3012,2.2784,2.4811,2.3937,1.5448,2.006,2.3964,1.6362,1.5157,1.481,2.049,2.0639,2.2559,2.2564,2.1359,1.7963,2.0839,2.037,2.3682,2.6928,0.744,2.5628,2.0863,2.803,2.268,2.359,3.768,0.9115,1.4947,2.694,2.5802,2.3131,2.2088,2.7471,2.4611,2.5665,2.8496,0.9576,2.4864,2.3266,1.9634,1.7987,2.6712,3.1424,3.0562,1.7136,2.1359,0.9445,1.1911,1.7929,1.8208,2.0446,2.9477,1.6339,2.0638,2.6569,2.8263,1.9901,2.4649,3.8337,2.4838,2.1462,2.6953,2.3143,2.1045,2.1014,2.6102,3.1511,2.5505,2.263,2.6341,2.4605,2.0393,2.0256,2.3821,2.0547,2.7566,2.0158,2.979,2.085,2.9908,2.3198,1.9988,2.0481,2.8261
stats_7.csv,7,copular_per100_max,stats_7__copular_per100_max,8.0,8.0,6.0,10.0,5.0,8.0,8.0,6.0,7.0,7.0,8.0,8.0,9.0,9.0,8.0,7.0,7.0,9.0,7.0,6.0,6.0,6.0,6.0,8.0,6.0,7.0,8.0,9.0,9.0,7.0,5.0,12.1212,8.0,9.0,8.0,4.0,10.0,8.0,8.0,6.0,7.0,9.0,5.0,7.0,9.0,8.0,7.0,10.0,7.0,10.0,10.0,8.0,8.0,7.0,7.0,10.0,5.0,10.0,10.0,7.0,5.0,8.0,5.0,6.0,8.0,6.0,7.0,11.0,4.0,6.0,8.0,8.0,7.0,9.0,10.0,11.0,9.0,8.0,8.0,7.0,7.0,8.0,11.0,9.0,8.0,11.0,9.0,8.0,7.0,8.0,6.0,8.0,8.0,10.0,7.0,10.0,7.0,7.0,7.0,8.0
stats_7.csv,7,copular_per100_min,stats_7__copular_per100_min,0.0,0.0,0.0,0.0,0.0,0.0,0.0,0.0,0.0,0.0,0.0,0.0,0.0,0.0,0.0,0.0,0.0,0.0,0.0,0.0,0.0,0.0,0.0,0.0,0.0,0.0,0.0,0.0,0.0,0.0,0.0,0.0,0.0,0.0,0.0,0.0,0.0,0.0,0.0,0.0,0.0,0.0,0.0,0.0,0.0,0.0,0.0,0.0,0.0,0.0,0.0,0.0,0.0,0.0,0.0,0.0,0.0,0.0,0.0,0.0,0.0,0.0,0.0,0.0,0.0,0.0,0.0,0.0,0.0,0.0,0.0,0.0,0.0,0.0,0.0,0.0,0.0,0.0,0.0,0.0,0.0,0.0,0.0,0.0,0.0,0.0,0.0,0.0,0.0,0.0,0.0,0.0,0.0,0.0,0.0,0.0,0.0,0.0,0.0,0.0
stats_7.csv,7,copular_per100_sd,stats_7__copular_per100_sd,1.3651,1.1212,1.1774,1.7095,1.0478,1.4326,1.1525,0.9336,1.3889,1.2613,1.4549,1.3835,1.3534,1.3036,1.2156,1.2975,1.3578,1.4168,1.274,1.149,1.3103,1.2273,1.1047,1.2426,1.0196,1.2851,1.4983,1.333,1.2762,1.351,1.1284,1.5249,1.3753,1.4283,1.6945,0.8353,1.5438,1.2309,1.309,1.1711,1.4014,1.7317,0.9908,1.077,1.4727,1.5635,1.4448,1.2965,1.5189,1.5434,1.4172,1.5017,0.8982,1.3509,1.2879,1.3573,1.0967,1.6656,1.597,1.4755,0.9767,1.3786,0.8858,0.8812,1.2921,1.0733,1.345,1.7736,1.0479,1.1951,1.3755,1.4547,1.173,1.3686,1.8039,1.6487,1.4561,1.45,1.295,1.1958,1.1781,1.2697,1.716,1.4246,1.3635,1.7584,1.431,1.1715,1.3469,1.5397,1.368,1.4114,1.269,1.6257,1.2677,1.888,1.3142,1.1576,1.2367,1.5049
stats_7.csv,7,existential_per100_avg,stats_7__existential_per100_avg,0.1416,0.2376,0.2837,0.1595,0.1298,0.4866,0.2224,0.2604,0.1677,0.2343,0.2981,0.2518,0.2053,0.2031,0.1912,0.2058,0.3558,0.2731,0.4599,0.3075,0.207,0.2571,0.2661,0.1255,0.187,0.2199,0.3798,0.2121,0.3086,0.4179,0.263,0.3628,0.2432,0.3178,0.2664,0.034,0.3408,0.2762,0.1544,0.0908,0.2856,0.3077,0.2804,0.1387,0.2954,0.5308,0.3161,0.253,0.3457,0.3194,0.2968,0.398,0.2066,0.2635,0.3981,0.2653,0.2166,0.3281,0.2742,0.27,0.1398,0.3458,0.0487,0.2184,0.2598,0.2978,0.1506,0.4956,0.3393,0.3439,0.2719,0.3154,0.2636,0.2894,0.5964,0.2838,0.1851,0.4203,0.1662,0.2505,0.1881,0.3172,0.3608,0.2956,0.2611,0.516,0.3546,0.2502,0.3089,0.3768,0.2339,0.1874,0.222,0.3336,0.1866,0.2462,0.2198,0.2543,0.2093,0.4398
stats_7.csv,7,existential_per100_max,stats_7__existential_per100_max,3.0,3.0,3.0,3.0,3.0,7.0,3.0,3.0,4.0,4.0,4.0,3.0,4.0,4.0,2.0,4.1667,3.0,5.0,4.0,14.2857,3.0,2.0,3.0,3.0,3.0,3.0,3.0,3.0,4.0,4.0,2.0,4.0,8.0,3.0,4.0,2.0,5.0,4.0,3.0,3.0,3.0,3.0,2.0,2.0,3.0,4.0,4.0,3.0,3.0,4.0,4.0,3.0,2.0,3.0,3.0,4.0,3.0,3.0,4.0,3.0,2.0,3.0,1.0,3.0,4.0,3.0,3.0,5.0,3.0,3.0,3.0,3.0,3.0,3.0,6.0,3.0,3.0,4.0,4.0,3.0,3.0,4.0,3.0,3.0,4.0,5.0,5.0,3.0,4.0,4.0,5.0,3.0,4.0,4.0,3.0,3.0,4.0,3.0,4.0,4.0
stats_7.csv,7,existential_per100_min,stats_7__existential_per100_min,0.0,0.0,0.0,0.0,0.0,0.0,0.0,0.0,0.0,0.0,0.0,0.0,0.0,0.0,0.0,0.0,0.0,0.0,0.0,0.0,0.0,0.0,0.0,0.0,0.0,0.0,0.0,0.0,0.0,0.0,0.0,0.0,0.0,0.0,0.0,0.0,0.0,0.0,0.0,0.0,0.0,0.0,0.0,0.0,0.0,0.0,0.0,0.0,0.0,0.0,0.0,0.0,0.0,0.0,0.0,0.0,0.0,0.0,0.0,0.0,0.0,0.0,0.0,0.0,0.0,0.0,0.0,0.0,0.0,0.0,0.0,0.0,0.0,0.0,0.0,0.0,0.0,0.0,0.0,0.0,0.0,0.0,0.0,0.0,0.0,0.0,0.0,0.0,0.0,0.0,0.0,0.0,0.0,0.0,0.0,0.0,0.0,0.0,0.0,0.0
stats_7.csv,7,existential_per100_sd,stats_7__existential_per100_sd,0.3951,0.4793,0.5134,0.4128,0.3579,0.7557,0.4641,0.4923,0.4379,0.5006,0.559,0.4971,0.471,0.4643,0.4262,0.4571,0.5762,0.5711,0.6764,0.682,0.4492,0.4848,0.5295,0.3658,0.4243,0.4722,0.5886,0.4488,0.5396,0.6261,0.5104,0.591,0.5596,0.5731,0.5499,0.1851,0.6009,0.5431,0.4053,0.3097,0.5299,0.5756,0.4891,0.3639,0.5351,0.7617,0.5967,0.5061,0.6123,0.5649,0.5585,0.5944,0.4329,0.5112,0.6388,0.5084,0.4615,0.5685,0.5455,0.5322,0.3659,0.566,0.2152,0.4514,0.5088,0.5308,0.3919,0.7575,0.5909,0.5564,0.5253,0.5865,0.5179,0.5288,0.8589,0.5468,0.4632,0.6542,0.4189,0.4893,0.4268,0.5825,0.5771,0.5264,0.5256,0.7662,0.6106,0.4932,0.5473,0.6323,0.519,0.4576,0.4842,0.6087,0.4616,0.5261,0.4712,0.5057,0.4543,0.6413
stats_7.csv,7,token_total,stats_7__token_total,266212.0,197709.0,49633.0,77088.0,145597.0,104545.0,212194.0,402037.0,99555.0,356771.0,207281.0,122669.0,105674.0,569627.0,118640.0,103524.0,130331.0,357476.0,86025.0,114807.0,116898.0,36591.0,63450.0,165732.0,99949.0,175035.0,59466.0,186671.0,321382.0,38901.0,26979.0,64433.0,181248.0,139674.0,181243.0,143977.0,560005.0,187164.0,189733.0,74857.0,117295.0,16856.0,133311.0,246561.0,179047.0,61542.0,65738.0,360014.0,26867.0,100131.0,431553.0,29833.0,179013.0,246674.0,161440.0,141632.0,78435.0,70022.0,247537.0,51575.0,102926.0,61559.0,102638.0,120820.0,216237.0,82538.0,62355.0,91346.0,22321.0,126156.0,102514.0,87405.0,232113.0,32495.0,50212.0,58419.0,84720.0,63920.0,465710.0,294139.0,190214.0,76587.0,80015.0,159648.0,235162.0,177895.0,268193.0,104220.0,78984.0,191593.0,93110.0,87451.0,139157.0,142902.0,71705.0,32843.0,126480.0,69585.0,308023.0,123626.0
stats_8.csv,8,chunk_count_used,stats_8__chunk_count_used,2663.0,1978.0,497.0,771.0,1456.0,1046.0,2122.0,4021.0,996.0,3568.0,2073.0,1227.0,1057.0,5697.0,1187.0,1036.0,1304.0,3575.0,861.0,1149.0,1169.0,366.0,635.0,1658.0,1000.0,1751.0,595.0,1867.0,3214.0,390.0,270.0,645.0,1813.0,1397.0,1813.0,1440.0,5601.0,1872.0,1898.0,749.0,1173.0,169.0,1334.0,2466.0,1791.0,616.0,658.0,3601.0,269.0,1002.0,4316.0,299.0,1791.0,2467.0,1615.0,1417.0,785.0,701.0,2476.0,516.0,1030.0,616.0,1027.0,1209.0,2163.0,826.0,624.0,914.0,224.0,1262.0,1026.0,875.0,2322.0,325.0,503.0,585.0,848.0,640.0,4658.0,2942.0,1903.0,766.0,801.0,1597.0,2352.0,1779.0,2682.0,1043.0,790.0,1916.0,932.0,875.0,1392.0,1430.0,718.0,329.0,1265.0,696.0,3081.0,1237.0
stats_8.csv,8,chunk_size_words,stats_8__chunk_size_words,100.0,100.0,100.0,100.0,100.0,100.0,100.0,100.0,100.0,100.0,100.0,100.0,100.0,100.0,100.0,100.0,100.0,100.0,100.0,100.0,100.0,100.0,100.0,100.0,100.0,100.0,100.0,100.0,100.0,100.0,100.0,100.0,100.0,100.0,100.0,100.0,100.0,100.0,100.0,100.0,100.0,100.0,100.0,100.0,100.0,100.0,100.0,100.0,100.0,100.0,100.0,100.0,100.0,100.0,100.0,100.0,100.0,100.0,100.0,100.0,100.0,100.0,100.0,100.0,100.0,100.0,100.0,100.0,100.0,100.0,100.0,100.0,100.0,100.0,100.0,100.0,100.0,100.0,100.0,100.0,100.0,100.0,100.0,100.0,100.0,100.0,100.0,100.0,100.0,100.0,100.0,100.0,100.0,100.0,100.0,100.0,100.0,100.0,100.0,100.0
stats_8.csv,8,infinitive_per100_avg,stats_8__infinitive_per100_avg,2.2876,1.7604,2.3199,3.5427,1.9966,2.5738,1.9533,1.5118,3.6365,2.56,3.0787,2.7987,1.9344,2.2826,3.0927,2.9625,2.3305,3.0257,2.7015,2.6223,2.1463,2.5251,2.1008,3.2793,2.203,2.0102,2.3361,2.3718,2.6522,2.4359,2.7481,2.1752,2.7944,2.4033,3.1263,2.1585,2.0478,2.3777,2.6718,2.3401,2.3044,3.3322,1.5376,1.4371,3.143,2.8302,2.3465,2.4052,3.2936,3.1487,3.0038,2.4014,1.2624,2.9549,2.8158,1.8188,1.7987,3.4402,2.6337,2.7112,1.7621,2.6862,2.2366,1.4773,1.841,2.1743,3.5414,3.7243,2.2812,2.6058,2.9912,2.6149,3.065,2.1357,2.2286,3.3949,2.23,2.9688,2.3901,2.1345,2.5996,2.7203,3.0325,2.7971,2.287,3.2777,2.6518,2.1563,1.8165,3.0471,3.4013,2.6274,2.5903,2.5874,2.4192,3.4255,2.5864,2.2936,2.0469,2.8059
stats_8.csv,8,infinitive_per100_max,stats_8__infinitive_per100_max,11.0,8.0,7.0,11.0,6.0,11.0,9.0,6.0,11.0,10.0,12.0,8.0,9.0,12.0,10.0,9.0,9.0,11.0,7.0,9.0,9.0,7.0,7.0,12.0,6.0,7.0,7.0,9.0,10.0,10.0,8.0,10.0,11.0,9.0,10.0,8.0,10.0,9.0,10.0,8.0,9.0,8.0,18.1818,5.0,10.0,10.0,7.0,9.0,9.0,10.0,10.0,7.0,9.0,10.0,10.0,7.0,6.0,11.0,8.0,11.0,5.0,8.0,6.0,6.0,10.0,8.0,9.0,12.0,7.0,7.0,7.0,7.0,10.0,6.0,10.0,13.0,8.0,7.0,9.0,8.0,8.0,8.0,11.0,9.0,9.0,15.0,10.0,7.0,5.0,9.0,14.0,7.0,10.0,10.0,8.0,11.0,9.0,7.0,10.0,9.0
stats_8.csv,8,infinitive_per100_min,stats_8__infinitive_per100_min,0.0,0.0,0.0,0.0,0.0,0.0,0.0,0.0,0.0,0.0,0.0,0.0,0.0,0.0,0.0,0.0,0.0,0.0,0.0,0.0,0.0,0.0,0.0,0.0,0.0,0.0,0.0,0.0,0.0,0.0,0.0,0.0,0.0,0.0,0.0,0.0,0.0,0.0,0.0,0.0,0.0,0.0,0.0,0.0,0.0,0.0,0.0,0.0,0.0,0.0,0.0,0.0,0.0,0.0,0.0,0.0,0.0,0.0,0.0,0.0,0.0,0.0,0.0,0.0,0.0,0.0,0.0,0.0,0.0,0.0,0.0,0.0,0.0,0.0,0.0,0.0,0.0,0.0,0.0,0.0,0.0,0.0,0.0,0.0,0.0,0.0,0.0,0.0,0.0,0.0,0.0,0.0,0.0,0.0,0.0,0.0,0.0,0.0,0.0,0.0
stats_8.csv,8,infinitive_per100_sd,stats_8__infinitive_per100_sd,1.7834,1.1654,1.5591,1.7231,1.1641,1.6136,1.3585,0.9317,2.1024,1.5587,1.7178,1.451,1.3393,1.4592,1.5386,1.4958,1.7295,1.7124,1.2251,1.4721,1.4694,1.3998,1.0879,2.0582,1.1427,1.2721,1.3428,1.3666,1.3981,1.4339,1.3782,1.4602,1.7672,1.559,1.7895,1.2642,1.5343,1.3221,1.399,1.2848,1.4669,1.755,1.4419,0.9571,1.64,1.8422,1.5608,1.3597,1.9793,1.7812,1.6852,1.2695,0.9418,1.5538,1.3739,1.3231,1.1988,2.2177,1.3779,1.6318,0.9013,1.5548,1.2204,0.9093,1.241,1.2336,1.5408,2.2692,1.1442,1.309,1.4593,1.3298,1.6533,1.2429,1.4091,1.9853,1.5373,1.5559,1.3479,1.2749,1.2782,1.2818,1.9389,1.469,1.5396,2.0811,1.5104,1.2988,1.1309,1.7264,1.8214,1.466,1.5395,1.7952,1.3787,1.8861,1.6103,1.3488,1.2692,1.6112
stats_8.csv,8,that_adj_ccomp_per100_avg,stats_8__that_adj_ccomp_per100_avg,0.0113,0.0733,0.0262,0.0091,0.0955,0.0564,0.0207,0.0627,0.008,0.0524,0.0507,0.0652,0.0331,0.0449,0.0421,0.0174,0.0276,0.0338,0.0639,0.0044,0.0188,0.0301,0.0472,0.0097,0.018,0.036,0.0454,0.022,0.0803,0.0282,0.0481,0.0186,0.0298,0.048,0.037,0.0028,0.033,0.0507,0.04,0.0374,0.0179,0.0473,0.048,0.0178,0.0436,0.0244,0.0243,0.0489,0.0483,0.015,0.0375,0.0736,0.0173,0.077,0.0687,0.0198,0.028,0.0171,0.038,0.0271,0.0301,0.0292,0.0019,0.0438,0.0333,0.04,0.0112,0.012,0.0893,0.0555,0.037,0.0377,0.056,0.0308,0.0338,0.0085,0.0236,0.0516,0.038,0.051,0.042,0.0914,0.0499,0.0589,0.0383,0.0264,0.0503,0.07,0.0456,0.0183,0.0494,0.0617,0.0431,0.0315,0.0125,0.0365,0.0292,0.0388,0.0373,0.0437
stats_8.csv,8,that_adj_ccomp_per100_max,stats_8__that_adj_ccomp_per100_max,1.0,2.0,1.0,2.0,3.0,1.0,2.0,2.0,1.0,2.0,2.0,2.0,2.0,2.0,2.0,1.0,2.0,2.0,2.0,1.0,1.0,1.0,1.0,2.0,1.0,1.0,2.0,2.0,2.0,1.0,1.0,1.0,2.0,2.0,2.0,1.0,2.0,2.0,2.0,1.0,1.0,1.0,1.0,2.0,2.0,2.0,1.0,2.0,1.0,1.0,2.0,2.0,1.0,2.0,3.0,2.0,1.0,1.0,2.0,1.0,1.0,1.0,1.0,2.0,2.0,1.0,2.0,1.0,1.0,1.0,1.0,2.0,2.0,1.0,2.0,1.0,1.0,2.0,2.0,2.0,2.0,3.0,1.0,2.0,2.0,2.0,2.0,2.0,1.0,1.0,1.0,2.0,2.0,1.0,1.0,1.0,1.0,2.0,2.0,2.0
stats_8.csv,8,that_adj_ccomp_per100_min,stats_8__that_adj_ccomp_per100_min,0.0,0.0,0.0,0.0,0.0,0.0,0.0,0.0,0.0,0.0,0.0,0.0,0.0,0.0,0.0,0.0,0.0,0.0,0.0,0.0,0.0,0.0,0.0,0.0,0.0,0.0,0.0,0.0,0.0,0.0,0.0,0.0,0.0,0.0,0.0,0.0,0.0,0.0,0.0,0.0,0.0,0.0,0.0,0.0,0.0,0.0,0.0,0.0,0.0,0.0,0.0,0.0,0.0,0.0,0.0,0.0,0.0,0.0,0.0,0.0,0.0,0.0,0.0,0.0,0.0,0.0,0.0,0.0,0.0,0.0,0.0,0.0,0.0,0.0,0.0,0.0,0.0,0.0,0.0,0.0,0.0,0.0,0.0,0.0,0.0,0.0,0.0,0.0,0.0,0.0,0.0,0.0,0.0,0.0,0.0,0.0,0.0,0.0,0.0,0.0
stats_8.csv,8,that_adj_ccomp_per100_sd,stats_8__that_adj_ccomp_per100_sd,0.1055,0.2626,0.1596,0.1077,0.312,0.2307,0.1458,0.2474,0.0893,0.2278,0.2215,0.2502,0.1841,0.213,0.205,0.1307,0.1685,0.1839,0.2492,0.0658,0.1359,0.1707,0.2122,0.1037,0.133,0.1862,0.2161,0.1502,0.2785,0.1656,0.2141,0.1351,0.1732,0.217,0.1972,0.0526,0.1797,0.2267,0.1987,0.1897,0.1326,0.2124,0.2137,0.1354,0.2068,0.1643,0.154,0.222,0.2145,0.1214,0.1937,0.2736,0.1304,0.2828,0.2626,0.1442,0.165,0.1297,0.1953,0.1625,0.1709,0.1684,0.0441,0.2087,0.1819,0.1958,0.1196,0.109,0.2852,0.2289,0.1889,0.1964,0.2427,0.1727,0.1914,0.0921,0.1518,0.2281,0.1934,0.223,0.2033,0.31,0.2178,0.238,0.194,0.1672,0.2254,0.2589,0.2085,0.1339,0.2166,0.2545,0.21,0.1746,0.1113,0.1875,0.1685,0.2004,0.193,0.2121
stats_8.csv,8,that_verb_ccomp_per100_avg,stats_8__that_verb_ccomp_per100_avg,0.1217,0.5076,0.338,0.0791,0.5041,0.3836,0.2875,0.5021,0.1657,0.4751,0.4457,0.5509,0.2242,0.4164,0.3201,0.2114,0.3213,0.4699,0.3519,0.0966,0.2549,0.6178,0.3008,0.0464,0.204,0.2496,0.4,0.2426,0.5395,0.1615,0.2963,0.2,0.2179,0.3772,0.273,0.0181,0.3139,0.4973,0.3925,0.4753,0.0963,0.3846,0.4093,0.3848,0.2205,0.1136,0.1869,0.4674,0.2007,0.1277,0.3163,0.612,0.2652,0.5764,0.5344,0.1567,0.2076,0.0827,0.3861,0.3837,0.3932,0.2208,0.0195,0.3879,0.2395,0.2409,0.0929,0.0842,0.3929,0.4437,0.3353,0.6949,0.5013,0.56,0.3459,0.2137,0.3007,0.2313,0.415,0.4854,0.3069,0.896,0.3596,0.4126,0.2509,0.1967,0.4403,0.4602,0.3418,0.2437,0.5408,0.3669,0.502,0.2741,0.1407,0.234,0.219,0.1853,0.3048,0.177
stats_8.csv,8,that_verb_ccomp_per100_max,stats_8__that_verb_ccomp_per100_max,3.0,4.0,3.0,2.0,4.0,3.0,3.0,3.0,3.0,4.0,4.0,3.0,3.0,4.0,3.0,2.0,3.0,4.0,3.0,2.0,3.0,4.0,3.0,2.0,2.0,3.0,4.0,3.0,5.0,2.0,2.0,2.0,3.0,4.0,3.0,1.0,4.0,3.0,4.0,3.0,2.0,3.0,3.0,3.0,3.0,3.0,2.0,4.0,3.0,2.0,4.0,4.0,3.0,4.0,4.0,2.0,3.0,3.0,3.0,3.0,3.0,2.0,1.0,2.0,3.0,2.0,2.0,3.0,3.0,4.0,3.0,4.0,4.0,3.0,3.0,3.0,3.0,3.0,4.0,3.0,3.0,5.0,3.0,3.0,4.0,4.0,4.0,3.0,3.0,3.0,5.0,3.0,4.0,3.0,2.0,3.0,3.0,2.0,4.0,3.0
stats_8.csv,8,that_verb_ccomp_per100_min,stats_8__that_verb_ccomp_per100_min,0.0,0.0,0.0,0.0,0.0,0.0,0.0,0.0,0.0,0.0,0.0,0.0,0.0,0.0,0.0,0.0,0.0,0.0,0.0,0.0,0.0,0.0,0.0,0.0,0.0,0.0,0.0,0.0,0.0,0.0,0.0,0.0,0.0,0.0,0.0,0.0,0.0,0.0,0.0,0.0,0.0,0.0,0.0,0.0,0.0,0.0,0.0,0.0,0.0,0.0,0.0,0.0,0.0,0.0,0.0,0.0,0.0,0.0,0.0,0.0,0.0,0.0,0.0,0.0,0.0,0.0,0.0,0.0,0.0,0.0,0.0,0.0,0.0,0.0,0.0,0.0,0.0,0.0,0.0,0.0,0.0,0.0,0.0,0.0,0.0,0.0,0.0,0.0,0.0,0.0,0.0,0.0,0.0,0.0,0.0,0.0,0.0,0.0,0.0,0.0
stats_8.csv,8,that_verb_ccomp_per100_sd,stats_8__that_verb_ccomp_per100_sd,0.3628,0.6534,0.5695,0.2747,0.6773,0.6276,0.5168,0.6037,0.4271,0.6804,0.6698,0.6705,0.4581,0.6305,0.5464,0.4595,0.5527,0.6737,0.5867,0.307,0.4947,0.7798,0.5317,0.2161,0.4317,0.4932,0.6255,0.4937,0.6905,0.4077,0.5103,0.4226,0.4644,0.6137,0.5324,0.1332,0.5558,0.6651,0.611,0.6745,0.3036,0.6436,0.5811,0.5688,0.463,0.3559,0.4341,0.6481,0.5071,0.3569,0.5649,0.7012,0.4744,0.7232,0.709,0.3861,0.4388,0.305,0.6099,0.6257,0.5743,0.4376,0.1382,0.5465,0.4681,0.4759,0.2958,0.3112,0.5955,0.6379,0.5538,0.8152,0.6822,0.7149,0.5776,0.5001,0.5667,0.4773,0.6152,0.6426,0.5271,0.8985,0.6246,0.6001,0.4974,0.4653,0.6366,0.6263,0.5712,0.4917,0.7636,0.5945,0.6529,0.5449,0.3747,0.5316,0.4708,0.4273,0.5298,0.4351
stats_8.csv,8,token_total,stats_8__token_total,266212.0,197709.0,49633.0,77088.0,145597.0,104545.0,212194.0,402037.0,99555.0,356771.0,207281.0,122669.0,105674.0,569627.0,118640.0,103524.0,130331.0,357476.0,86025.0,114807.0,116898.0,36591.0,63450.0,165732.0,99949.0,175035.0,59466.0,186671.0,321382.0,38901.0,26979.0,64433.0,181248.0,139674.0,181243.0,143977.0,560005.0,187164.0,189733.0,74857.0,117295.0,16856.0,133311.0,246561.0,179047.0,61542.0,65738.0,360014.0,26867.0,100131.0,431553.0,29833.0,179013.0,246674.0,161440.0,141632.0,78435.0,70022.0,247537.0,51575.0,102926.0,61559.0,102638.0,120820.0,216237.0,82538.0,62355.0,91346.0,22321.0,126156.0,102514.0,87405.0,232113.0,32495.0,50212.0,58419.0,84720.0,63920.0,465710.0,294139.0,190214.0,76587.0,80015.0,159648.0,235162.0,177895.0,268193.0,104220.0,78984.0,191593.0,93110.0,87451.0,139157.0,142902.0,71705.0,32843.0,126480.0,69585.0,308023.0,123626.0
stats_8.csv,8,wh_free_rel_per100_avg,stats_8__wh_free_rel_per100_avg,0.5723,1.1936,0.8571,0.9366,1.1745,1.0172,0.7205,0.9637,0.757,1.0611,0.8784,1.0721,0.72,1.1181,0.7574,1.0368,0.685,0.9253,1.1208,0.7772,0.8845,1.0082,1.2693,0.6255,1.339,0.9263,0.9345,0.8511,1.2166,0.6615,0.9889,0.9488,0.9614,0.8249,0.8555,0.5111,1.3192,1.0398,1.4552,1.2814,0.7579,1.1822,0.9025,1.0977,0.8654,0.6721,0.6869,1.1039,0.7267,1.1447,0.918,1.174,0.756,0.9134,1.1127,0.8236,0.879,0.6519,1.0307,1.2661,1.1922,0.7614,0.668,0.9967,0.9279,1.0545,0.649,0.7724,0.8661,1.0063,1.0097,1.1897,1.0237,1.2277,1.0895,0.8769,0.921,0.7094,1.2246,1.0646,1.0005,0.8657,0.8851,0.8548,0.9305,0.9253,0.7953,0.9473,1.038,0.701,0.897,0.9909,1.0185,0.9182,0.7813,0.7882,0.9573,0.7792,1.1912,0.8042
stats_8.csv,8,wh_free_rel_per100_max,stats_8__wh_free_rel_per100_max,4.0,4.0,4.0,4.0,4.0,5.0,4.0,4.0,5.0,5.0,4.0,4.0,4.0,6.0,4.0,4.1667,4.0,5.0,5.0,5.0,5.0,4.0,4.0,5.0,4.0,4.0,6.0,4.0,5.0,3.0,4.0,3.0,4.0,4.0,4.0,3.0,6.0,4.0,5.0,5.0,3.0,6.0,4.0,4.0,4.0,4.0,5.0,5.0,4.0,4.0,5.0,4.0,4.0,5.0,4.0,4.0,4.0,5.0,5.0,5.0,4.0,4.0,3.0,4.0,4.0,4.0,4.0,5.0,3.0,4.0,5.0,5.0,5.0,5.0,5.0,5.0,4.0,3.0,5.0,5.0,4.0,5.0,4.0,4.0,4.0,5.0,4.0,3.0,5.0,5.0,4.0,5.0,4.0,4.0,4.0,4.0,5.0,4.0,4.0,4.0
stats_8.csv,8,wh_free_rel_per100_min,stats_8__wh_free_rel_per100_min,0.0,0.0,0.0,0.0,0.0,0.0,0.0,0.0,0.0,0.0,0.0,0.0,0.0,0.0,0.0,0.0,0.0,0.0,0.0,0.0,0.0,0.0,0.0,0.0,0.0,0.0,0.0,0.0,0.0,0.0,0.0,0.0,0.0,0.0,0.0,0.0,0.0,0.0,0.0,0.0,0.0,0.0,0.0,0.0,0.0,0.0,0.0,0.0,0.0,0.0,0.0,0.0,0.0,0.0,0.0,0.0,0.0,0.0,0.0,0.0,0.0,0.0,0.0,0.0,0.0,0.0,0.0,0.0,0.0,0.0,0.0,0.0,0.0,0.0,0.0,0.0,0.0,0.0,0.0,0.0,0.0,0.0,0.0,0.0,0.0,0.0,0.0,0.0,0.0,0.0,0.0,0.0,0.0,0.0,0.0,0.0,0.0,0.0,0.0,0.0
stats_8.csv,8,wh_free_rel_per100_sd,stats_8__wh_free_rel_per100_sd,0.7167,0.7946,0.8085,0.9096,0.8352,0.8949,0.7524,0.7455,0.8403,0.8732,0.8544,0.863,0.7363,0.8977,0.7713,0.9151,0.7923,0.8686,0.9077,0.8463,0.8197,0.9068,0.904,0.7768,0.8877,0.7903,0.8366,0.7952,0.869,0.7291,0.9047,0.7986,0.8996,0.8063,0.8468,0.6655,0.9583,0.8571,0.9505,0.8945,0.771,1.0463,0.7692,0.8018,0.8343,0.7934,0.8302,0.8377,0.7764,0.954,0.8769,0.8637,0.6809,0.8349,0.8852,0.7925,0.7848,0.8163,0.9098,1.0178,0.8407,0.8078,0.7263,0.7455,0.7932,0.8612,0.7723,0.8941,0.7849,0.8445,0.864,0.9298,0.8651,0.8998,0.9321,0.9088,0.8311,0.7866,0.9055,0.8416,0.8543,0.856,0.8607,0.8056,0.8409,0.918,0.8148,0.7943,0.8244,0.8148,0.9078,0.902,0.8615,0.8664,0.7958,0.9059,0.8244,0.7777,0.855,0.8679
stats_9.csv,9,chunk_count_used,stats_9__chunk_count_used,2663.0,1978.0,497.0,771.0,1456.0,1046.0,2122.0,4021.0,996.0,3568.0,2073.0,1227.0,1057.0,5697.0,1187.0,1036.0,1304.0,3575.0,861.0,1149.0,1169.0,366.0,635.0,1658.0,1000.0,1751.0,595.0,1867.0,3214.0,390.0,270.0,645.0,1813.0,1397.0,1813.0,1440.0,5601.0,1872.0,1898.0,749.0,1173.0,169.0,1334.0,2466.0,1791.0,616.0,658.0,3601.0,269.0,1002.0,4316.0,299.0,1791.0,2467.0,1615.0,1417.0,785.0,701.0,2476.0,516.0,1030.0,616.0,1027.0,1209.0,2163.0,826.0,624.0,914.0,224.0,1262.0,1026.0,875.0,2322.0,325.0,503.0,585.0,848.0,640.0,4658.0,2942.0,1903.0,766.0,801.0,1597.0,2352.0,1779.0,2682.0,1043.0,790.0,1916.0,932.0,875.0,1392.0,1430.0,718.0,329.0,1265.0,696.0,3081.0,1237.0
stats_9.csv,9,chunk_size_words,stats_9__chunk_size_words,100.0,100.0,100.0,100.0,100.0,100.0,100.0,100.0,100.0,100.0,100.0,100.0,100.0,100.0,100.0,100.0,100.0,100.0,100.0,100.0,100.0,100.0,100.0,100.0,100.0,100.0,100.0,100.0,100.0,100.0,100.0,100.0,100.0,100.0,100.0,100.0,100.0,100.0,100.0,100.0,100.0,100.0,100.0,100.0,100.0,100.0,100.0,100.0,100.0,100.0,100.0,100.0,100.0,100.0,100.0,100.0,100.0,100.0,100.0,100.0,100.0,100.0,100.0,100.0,100.0,100.0,100.0,100.0,100.0,100.0,100.0,100.0,100.0,100.0,100.0,100.0,100.0,100.0,100.0,100.0,100.0,100.0,100.0,100.0,100.0,100.0,100.0,100.0,100.0,100.0,100.0,100.0,100.0,100.0,100.0,100.0,100.0,100.0,100.0,100.0
stats_9.csv,9,past_participial_per100_avg,stats_9__past_participial_per100_avg,0.4416,0.5389,0.3843,0.1323,0.7074,0.5736,0.5816,0.467,0.246,0.426,0.3994,0.5004,0.4475,0.5087,0.4221,0.306,0.4908,0.4316,0.5215,0.2185,0.5595,0.3473,0.5465,0.2587,0.403,0.4889,0.4471,0.5337,0.5019,0.5436,0.2741,0.476,0.353,0.5039,0.4446,0.5094,0.5756,0.5665,0.4515,0.6155,0.2489,0.3242,0.4618,0.6865,0.4523,0.4162,0.4407,0.5157,0.2825,0.4172,0.4571,0.6555,0.3808,0.3968,0.4601,0.4961,0.6497,0.2154,0.4443,0.4516,0.5845,0.4968,0.3661,0.5079,0.5405,0.5763,0.2901,0.1991,0.6607,0.4992,0.5214,0.488,0.4983,0.5786,0.4573,0.3863,0.4587,0.2734,0.5799,0.4859,0.4598,0.4621,0.422,0.4321,0.4031,0.303,0.3714,0.5101,0.5392,0.4723,0.3487,0.4342,0.5934,0.5042,0.3552,0.2432,0.5324,0.5029,0.4276,0.3549
stats_9.csv,9,past_participial_per100_max,stats_9__past_participial_per100_max,4.0,3.0,3.0,2.0,4.0,4.0,4.0,3.0,3.0,3.0,3.0,3.0,3.0,4.0,3.0,3.0,4.0,3.0,4.0,3.0,3.0,4.0,4.0,3.0,3.0,3.0,3.0,3.0,4.0,4.0,2.0,3.0,3.0,3.0,4.0,4.0,4.0,4.0,3.0,3.0,2.0,2.0,3.0,4.0,4.0,3.0,3.0,4.0,2.0,4.0,4.0,3.0,3.0,3.0,3.0,3.0,4.0,2.0,4.0,3.0,3.0,3.0,3.0,4.0,3.0,3.0,3.0,3.0,3.0,3.0,3.0,3.0,3.0,3.0,3.0,3.0,3.0,3.0,4.0,3.0,3.0,3.0,4.0,3.0,4.0,3.0,3.0,3.0,3.0,4.0,3.0,3.0,4.0,4.0,3.0,2.0,3.0,3.0,4.3478,3.0
stats_9.csv,9,past_participial_per100_min,stats_9__past_participial_per100_min,0.0,0.0,0.0,0.0,0.0,0.0,0.0,0.0,0.0,0.0,0.0,0.0,0.0,0.0,0.0,0.0,0.0,0.0,0.0,0.0,0.0,0.0,0.0,0.0,0.0,0.0,0.0,0.0,0.0,0.0,0.0,0.0,0.0,0.0,0.0,0.0,0.0,0.0,0.0,0.0,0.0,0.0,0.0,0.0,0.0,0.0,0.0,0.0,0.0,0.0,0.0,0.0,0.0,0.0,0.0,0.0,0.0,0.0,0.0,0.0,0.0,0.0,0.0,0.0,0.0,0.0,0.0,0.0,0.0,0.0,0.0,0.0,0.0,0.0,0.0,0.0,0.0,0.0,0.0,0.0,0.0,0.0,0.0,0.0,0.0,0.0,0.0,0.0,0.0,0.0,0.0,0.0,0.0,0.0,0.0,0.0,0.0,0.0,0.0,0.0
stats_9.csv,9,past_participial_per100_sd,stats_9__past_participial_per100_sd,0.6613,0.6237,0.6011,0.3538,0.7474,0.709,0.7016,0.5907,0.4813,0.6097,0.6084,0.6464,0.5991,0.6611,0.6099,0.5453,0.6599,0.6331,0.6925,0.4534,0.6683,0.6296,0.6843,0.5021,0.575,0.6612,0.6178,0.6784,0.6557,0.7421,0.5008,0.6111,0.5744,0.6722,0.6608,0.6519,0.7076,0.6835,0.6227,0.7116,0.472,0.5778,0.5958,0.7144,0.6478,0.628,0.6479,0.6669,0.5192,0.6533,0.6595,0.7618,0.5523,0.6246,0.6427,0.653,0.7285,0.4602,0.6584,0.6222,0.6771,0.6838,0.5841,0.621,0.6721,0.6851,0.5134,0.4435,0.6821,0.6416,0.6811,0.685,0.6771,0.7088,0.6412,0.5973,0.6466,0.5231,0.7004,0.6314,0.6205,0.6407,0.6661,0.5995,0.5954,0.5436,0.587,0.647,0.6697,0.6806,0.5783,0.6186,0.6885,0.6645,0.5859,0.4824,0.715,0.6433,0.6058,0.6132
stats_9.csv,9,present_participial_per100_avg,stats_9__present_participial_per100_avg,0.7199,0.4191,0.5453,0.3619,0.4691,0.434,0.6692,0.4086,0.7098,0.9064,0.6377,0.2983,0.5878,0.7911,0.6908,0.3938,0.4617,0.5211,0.5029,0.3081,0.8186,0.6803,0.4094,0.2889,0.393,0.4197,0.9681,0.4124,0.5694,0.6026,0.6296,0.8806,0.5797,0.8676,1.0325,0.3361,0.3242,0.6004,0.275,0.2924,0.5712,0.1953,0.4415,0.5349,0.5556,0.7246,0.6064,0.6034,0.3141,0.6529,0.6149,0.4247,0.3987,0.4503,0.3907,0.8193,0.479,0.418,0.6947,0.3857,0.3932,0.8117,0.3963,0.3648,0.6232,0.4988,0.2869,0.2954,0.5312,0.5753,0.4513,0.5371,0.3247,0.3388,0.4771,0.9761,0.691,0.2234,0.4985,0.3821,0.6984,0.3251,0.4719,0.31,0.406,0.4453,0.5436,0.4679,0.557,0.7166,0.6491,0.624,0.4562,0.5993,0.5404,0.5593,0.5322,0.5046,0.4182,0.2296
stats_9.csv,9,present_participial_per100_max,stats_9__present_participial_per100_max,5.0,3.0,4.0,4.0,3.0,4.0,4.0,3.0,5.0,5.0,5.0,3.0,4.0,5.0,4.0,3.0,4.0,5.0,3.0,3.0,4.0,4.0,3.0,4.0,3.0,4.0,4.0,4.0,4.0,3.0,3.0,4.0,4.0,4.0,6.0,4.0,3.0,3.0,3.0,3.0,3.0,2.0,3.0,3.0,4.0,3.0,3.0,5.0,2.0,4.0,5.0,3.0,4.0,4.0,4.0,4.0,3.0,4.0,4.0,4.0,4.0,4.0,3.0,2.0,4.0,3.0,3.0,3.0,3.0,4.0,3.0,4.0,3.0,3.0,4.0,5.0,4.0,2.0,5.0,3.0,4.0,4.0,5.0,2.0,4.0,4.0,4.0,3.0,3.0,5.0,4.0,4.0,3.0,5.0,4.0,3.0,3.0,3.0,4.3478,3.0
stats_9.csv,9,present_participial_per100_min,stats_9__present_participial_per100_min,0.0,0.0,0.0,0.0,0.0,0.0,0.0,0.0,0.0,0.0,0.0,0.0,0.0,0.0,0.0,0.0,0.0,0.0,0.0,0.0,0.0,0.0,0.0,0.0,0.0,0.0,0.0,0.0,0.0,0.0,0.0,0.0,0.0,0.0,0.0,0.0,0.0,0.0,0.0,0.0,0.0,0.0,0.0,0.0,0.0,0.0,0.0,0.0,0.0,0.0,0.0,0.0,0.0,0.0,0.0,0.0,0.0,0.0,0.0,0.0,0.0,0.0,0.0,0.0,0.0,0.0,0.0,0.0,0.0,0.0,0.0,0.0,0.0,0.0,0.0,0.0,0.0,0.0,0.0,0.0,0.0,0.0,0.0,0.0,0.0,0.0,0.0,0.0,0.0,0.0,0.0,0.0,0.0,0.0,0.0,0.0,0.0,0.0,0.0,0.0
stats_9.csv,9,present_participial_per100_sd,stats_9__present_participial_per100_sd,0.826,0.5818,0.7081,0.5918,0.6391,0.6404,0.7544,0.5866,0.8485,0.9103,0.7867,0.5362,0.7138,0.8389,0.7764,0.5987,0.66,0.7112,0.6672,0.5558,0.7932,0.7639,0.6168,0.5539,0.5971,0.6231,0.8387,0.6306,0.6931,0.7362,0.7122,0.7873,0.72,0.8737,0.9989,0.5648,0.5501,0.7158,0.5073,0.5154,0.7052,0.4111,0.5801,0.6505,0.7215,0.7856,0.7469,0.7213,0.5477,0.7623,0.7632,0.6094,0.5871,0.6806,0.6077,0.8144,0.6463,0.6438,0.789,0.6353,0.6151,0.7958,0.5984,0.5458,0.7085,0.6514,0.5656,0.5557,0.6872,0.7332,0.6459,0.7215,0.5703,0.5578,0.6813,0.9515,0.8292,0.4628,0.6635,0.5838,0.7917,0.5736,0.7028,0.5258,0.6197,0.6526,0.703,0.6711,0.6962,0.8316,0.7863,0.7355,0.6373,0.7588,0.7143,0.6954,0.6906,0.6501,0.6252,0.4747
stats_9.csv,9,token_total,stats_9__token_total,266212.0,197709.0,49633.0,77088.0,145597.0,104545.0,212194.0,402037.0,99555.0,356771.0,207281.0,122669.0,105674.0,569627.0,118640.0,103524.0,130331.0,357476.0,86025.0,114807.0,116898.0,36591.0,63450.0,165732.0,99949.0,175035.0,59466.0,186671.0,321382.0,38901.0,26979.0,64433.0,181248.0,139674.0,181243.0,143977.0,560005.0,187164.0,189733.0,74857.0,117295.0,16856.0,133311.0,246561.0,179047.0,61542.0,65738.0,360014.0,26867.0,100131.0,431553.0,29833.0,179013.0,246674.0,161440.0,141632.0,78435.0,70022.0,247537.0,51575.0,102926.0,61559.0,102638.0,120820.0,216237.0,82538.0,62355.0,91346.0,22321.0,126156.0,102514.0,87405.0,232113.0,32495.0,50212.0,58419.0,84720.0,63920.0,465710.0,294139.0,190214.0,76587.0,80015.0,159648.0,235162.0,177895.0,268193.0,104220.0,78984.0,191593.0,93110.0,87451.0,139157.0,142902.0,71705.0,32843.0,126480.0,69585.0,308023.0,123626.0
stats_10.csv,10,chunk_count_used,stats_10__chunk_count_used,2663.0,1978.0,497.0,771.0,1456.0,1046.0,2122.0,4021.0,996.0,3568.0,2073.0,1227.0,1057.0,5697.0,1187.0,1036.0,1304.0,3575.0,861.0,1149.0,1169.0,366.0,635.0,1658.0,1000.0,1751.0,595.0,1867.0,3214.0,390.0,270.0,645.0,1813.0,1397.0,1813.0,1440.0,5601.0,1872.0,1898.0,749.0,1173.0,169.0,1334.0,2466.0,1791.0,616.0,658.0,3601.0,269.0,1002.0,4316.0,299.0,1791.0,2467.0,1615.0,1417.0,785.0,701.0,2476.0,516.0,1030.0,616.0,1027.0,1209.0,2163.0,826.0,624.0,914.0,224.0,1262.0,1026.0,875.0,2322.0,325.0,503.0,585.0,848.0,640.0,4658.0,2942.0,1903.0,766.0,801.0,1597.0,2352.0,1779.0,2682.0,1043.0,790.0,1916.0,932.0,875.0,1392.0,1430.0,718.0,329.0,1265.0,696.0,3081.0,1237.0
stats_10.csv,10,chunk_size_words,stats_10__chunk_size_words,100.0,100.0,100.0,100.0,100.0,100.0,100.0,100.0,100.0,100.0,100.0,100.0,100.0,100.0,100.0,100.0,100.0,100.0,100.0,100.0,100.0,100.0,100.0,100.0,100.0,100.0,100.0,100.0,100.0,100.0,100.0,100.0,100.0,100.0,100.0,100.0,100.0,100.0,100.0,100.0,100.0,100.0,100.0,100.0,100.0,100.0,100.0,100.0,100.0,100.0,100.0,100.0,100.0,100.0,100.0,100.0,100.0,100.0,100.0,100.0,100.0,100.0,100.0,100.0,100.0,100.0,100.0,100.0,100.0,100.0,100.0,100.0,100.0,100.0,100.0,100.0,100.0,100.0,100.0,100.0,100.0,100.0,100.0,100.0,100.0,100.0,100.0,100.0,100.0,100.0,100.0,100.0,100.0,100.0,100.0,100.0,100.0,100.0,100.0,100.0
stats_10.csv,10,rel_sentence_per100_avg,stats_10__rel_sentence_per100_avg,0.0124,0.1957,0.0342,0.0026,0.1058,0.0755,0.0952,0.1194,0.009,0.0866,0.0425,0.1076,0.0255,0.0628,0.0447,0.0328,0.0314,0.0506,0.0581,0.0418,0.0701,0.0683,0.0646,0.0066,0.279,0.1331,0.1042,0.0819,0.1095,0.0538,0.0519,0.1085,0.0243,0.0608,0.0138,0.0417,0.1968,0.0566,0.1143,0.1615,0.0384,0.0592,0.048,0.1111,0.0765,0.0097,0.0167,0.1066,0.0074,0.0339,0.009,0.1271,0.2116,0.0531,0.1046,0.0797,0.0637,0.0029,0.0509,0.0523,0.3913,0.0179,0.1091,0.3242,0.0966,0.1852,0.0016,0.0066,0.058,0.1236,0.0828,0.096,0.0659,0.0708,0.1292,0.0051,0.0177,0.0344,0.1677,0.1859,0.1098,0.0261,0.02,0.119,0.1186,0.009,0.0615,0.0412,0.1709,0.0047,0.0032,0.0549,0.0201,0.0762,0.0306,0.0061,0.0656,0.0776,0.1175,0.004
stats_10.csv,10,rel_sentence_per100_max,stats_10__rel_sentence_per100_max,2.0,2.0,2.0,1.0,2.0,4.0,2.0,2.0,2.0,2.0,2.0,2.0,1.0,2.0,2.0,2.0,2.0,2.0,2.0,1.0,2.0,1.0,2.0,2.0,3.0,2.0,2.0,2.0,2.0,1.0,2.0,2.0,2.0,2.0,1.0,2.0,3.0,1.0,2.0,2.0,1.0526,1.0,1.0,3.0,2.0,1.0,1.0,2.0,1.0,1.0,1.0,2.0,2.0,2.0,2.0,2.0,2.0,1.0,2.0,2.0,3.0,1.0,2.0,3.0,2.0,2.0,1.0,1.0,1.0,3.0,2.0,2.0,2.0,2.0,2.0,1.0,2.0,2.0,3.0,2.0,2.0,1.0,1.0,2.0,3.0,1.0,2.0,2.0,2.0,1.0,1.0,1.0,1.0,2.0,1.0,1.0,2.0,2.0,2.0,1.0
stats_10.csv,10,rel_sentence_per100_min,stats_10__rel_sentence_per100_min,0.0,0.0,0.0,0.0,0.0,0.0,0.0,0.0,0.0,0.0,0.0,0.0,0.0,0.0,0.0,0.0,0.0,0.0,0.0,0.0,0.0,0.0,0.0,0.0,0.0,0.0,0.0,0.0,0.0,0.0,0.0,0.0,0.0,0.0,0.0,0.0,0.0,0.0,0.0,0.0,0.0,0.0,0.0,0.0,0.0,0.0,0.0,0.0,0.0,0.0,0.0,0.0,0.0,0.0,0.0,0.0,0.0,0.0,0.0,0.0,0.0,0.0,0.0,0.0,0.0,0.0,0.0,0.0,0.0,0.0,0.0,0.0,0.0,0.0,0.0,0.0,0.0,0.0,0.0,0.0,0.0,0.0,0.0,0.0,0.0,0.0,0.0,0.0,0.0,0.0,0.0,0.0,0.0,0.0,0.0,0.0,0.0,0.0,0.0,0.0
stats_10.csv,10,rel_sentence_per100_sd,stats_10__rel_sentence_per100_sd,0.114,0.4117,0.1925,0.0509,0.3185,0.2885,0.3045,0.328,0.1047,0.292,0.211,0.3227,0.1578,0.2491,0.2145,0.1835,0.1788,0.228,0.2388,0.2001,0.2653,0.2523,0.2583,0.0883,0.5321,0.3545,0.311,0.2876,0.3202,0.2257,0.2378,0.316,0.1574,0.245,0.1166,0.2033,0.4361,0.2311,0.328,0.4125,0.1923,0.2359,0.2137,0.3343,0.27,0.0982,0.1282,0.3227,0.0859,0.1811,0.0946,0.3711,0.4259,0.2278,0.3219,0.2786,0.2544,0.0533,0.2252,0.2312,0.579,0.1324,0.3329,0.5247,0.3062,0.4127,0.04,0.0808,0.2338,0.3524,0.2861,0.3134,0.2583,0.2794,0.3639,0.0714,0.1405,0.1906,0.4045,0.4144,0.34,0.1595,0.1399,0.3389,0.3474,0.0944,0.2464,0.2036,0.3896,0.0684,0.0566,0.2277,0.1404,0.2731,0.1723,0.0777,0.2539,0.2882,0.3349,0.0634
stats_10.csv,10,token_total,stats_10__token_total,266212.0,197709.0,49633.0,77088.0,145597.0,104545.0,212194.0,402037.0,99555.0,356771.0,207281.0,122669.0,105674.0,569627.0,118640.0,103524.0,130331.0,357476.0,86025.0,114807.0,116898.0,36591.0,63450.0,165732.0,99949.0,175035.0,59466.0,186671.0,321382.0,38901.0,26979.0,64433.0,181248.0,139674.0,181243.0,143977.0,560005.0,187164.0,189733.0,74857.0,117295.0,16856.0,133311.0,246561.0,179047.0,61542.0,65738.0,360014.0,26867.0,100131.0,431553.0,29833.0,179013.0,246674.0,161440.0,141632.0,78435.0,70022.0,247537.0,51575.0,102926.0,61559.0,102638.0,120820.0,216237.0,82538.0,62355.0,91346.0,22321.0,126156.0,102514.0,87405.0,232113.0,32495.0,50212.0,58419.0,84720.0,63920.0,465710.0,294139.0,190214.0,76587.0,80015.0,159648.0,235162.0,177895.0,268193.0,104220.0,78984.0,191593.0,93110.0,87451.0,139157.0,142902.0,71705.0,32843.0,126480.0,69585.0,308023.0,123626.0
stats_11.csv,11,causal_subord_per100_avg,stats_11__causal_subord_per100_avg,0.4067,0.7452,0.5996,0.428,0.6999,0.7144,0.6815,0.7006,0.3291,0.6446,0.5798,0.7673,0.5954,0.6481,0.6672,0.4633,0.6403,0.5969,0.9036,0.4613,0.586,0.6995,0.778,0.1966,0.935,0.7481,0.6681,0.7193,0.7624,0.6538,0.7556,0.5612,0.551,0.5705,0.667,0.4361,0.5312,0.8208,0.6106,0.6405,0.4024,0.6746,0.6522,0.4631,0.7231,0.4789,0.5426,0.7517,0.6803,0.5609,0.6717,0.6355,0.6706,0.7468,0.8768,0.6083,0.6471,0.3224,0.7532,0.6828,0.6835,0.592,0.2736,0.7568,0.5626,0.8717,0.383,0.2812,0.9062,0.8067,0.6355,0.6411,0.7838,0.5046,0.4712,0.5778,0.5637,0.5344,0.6389,0.8073,0.8439,0.7415,0.6404,0.6769,0.5655,0.638,0.7103,0.7574,0.7256,0.4713,0.4056,0.6263,0.796,0.6755,0.5543,0.3951,0.6334,0.7227,0.6728,0.443
stats_11.csv,11,causal_subord_per100_max,stats_11__causal_subord_per100_max,3.0,4.0,3.0,3.0,4.0,5.0,4.0,3.0,4.0,5.0,4.0,3.0,4.0,5.0,3.0,4.0,3.0,4.0,4.0,4.0,3.0,3.0,4.0,4.0,4.0,4.0,3.0,4.0,4.0,3.0,3.0,4.0,5.0,3.0,4.0,3.0,4.0,4.0,4.0,3.0,3.0,4.0,4.0,3.0,4.0,4.0,4.0,5.0,4.0,4.0,4.0,4.0,3.0,5.0,4.0,3.0,3.0,3.0,5.0,3.0,3.0,4.0,3.0,3.0,3.0,4.0,3.0,3.0,3.0,4.0,4.0,4.0,4.0,3.0,4.0,3.0,4.0,4.0,4.0,4.0,5.0,4.0,4.0,4.0,4.0,6.0,4.0,4.0,4.0,4.0,3.0,4.0,5.0,4.0,4.0,3.0,4.0,3.0,4.0,4.0
stats_11.csv,11,causal_subord_per100_min,stats_11__causal_subord_per100_min,0.0,0.0,0.0,0.0,0.0,0.0,0.0,0.0,0.0,0.0,0.0,0.0,0.0,0.0,0.0,0.0,0.0,0.0,0.0,0.0,0.0,0.0,0.0,0.0,0.0,0.0,0.0,0.0,0.0,0.0,0.0,0.0,0.0,0.0,0.0,0.0,0.0,0.0,0.0,0.0,0.0,0.0,0.0,0.0,0.0,0.0,0.0,0.0,0.0,0.0,0.0,0.0,0.0,0.0,0.0,0.0,0.0,0.0,0.0,0.0,0.0,0.0,0.0,0.0,0.0,0.0,0.0,0.0,0.0,0.0,0.0,0.0,0.0,0.0,0.0,0.0,0.0,0.0,0.0,0.0,0.0,0.0,0.0,0.0,0.0,0.0,0.0,0.0,0.0,0.0,0.0,0.0,0.0,0.0,0.0,0.0,0.0,0.0,0.0,0.0
stats_11.csv,11,causal_subord_per100_sd,stats_11__causal_subord_per100_sd,0.6269,0.7165,0.7054,0.6308,0.7393,0.7932,0.7472,0.6793,0.582,0.7315,0.7168,0.7712,0.7008,0.7534,0.719,0.6632,0.7223,0.7279,0.8072,0.6227,0.709,0.7446,0.7609,0.4528,0.8383,0.7721,0.725,0.7531,0.7497,0.7684,0.7598,0.6964,0.7079,0.6885,0.7653,0.6079,0.6957,0.8054,0.7198,0.7433,0.6125,0.7886,0.7037,0.6118,0.7832,0.6858,0.6878,0.7749,0.8503,0.7319,0.7623,0.8286,0.6632,0.7888,0.83,0.7057,0.7185,0.5488,0.8109,0.7703,0.6987,0.7451,0.4935,0.6821,0.6732,0.7998,0.6117,0.5463,0.7531,0.7906,0.7478,0.7229,0.8014,0.6776,0.7125,0.7654,0.7338,0.6996,0.7098,0.78,0.7796,0.784,0.7549,0.7301,0.7107,0.7852,0.768,0.7557,0.72,0.6635,0.6357,0.7443,0.7933,0.7588,0.6669,0.6204,0.7223,0.75,0.7429,0.6578
stats_11.csv,11,chunk_count_used,stats_11__chunk_count_used,2663.0,1978.0,497.0,771.0,1456.0,1046.0,2122.0,4021.0,996.0,3568.0,2073.0,1227.0,1057.0,5697.0,1187.0,1036.0,1304.0,3575.0,861.0,1149.0,1169.0,366.0,635.0,1658.0,1000.0,1751.0,595.0,1867.0,3214.0,390.0,270.0,645.0,1813.0,1397.0,1813.0,1440.0,5601.0,1872.0,1898.0,749.0,1173.0,169.0,1334.0,2466.0,1791.0,616.0,658.0,3601.0,269.0,1002.0,4316.0,299.0,1791.0,2467.0,1615.0,1417.0,785.0,701.0,2476.0,516.0,1030.0,616.0,1027.0,1209.0,2163.0,826.0,624.0,914.0,224.0,1262.0,1026.0,875.0,2322.0,325.0,503.0,585.0,848.0,640.0,4658.0,2942.0,1903.0,766.0,801.0,1597.0,2352.0,1779.0,2682.0,1043.0,790.0,1916.0,932.0,875.0,1392.0,1430.0,718.0,329.0,1265.0,696.0,3081.0,1237.0
stats_11.csv,11,chunk_size_words,stats_11__chunk_size_words,100.0,100.0,100.0,100.0,100.0,100.0,100.0,100.0,100.0,100.0,100.0,100.0,100.0,100.0,100.0,100.0,100.0,100.0,100.0,100.0,100.0,100.0,100.0,100.0,100.0,100.0,100.0,100.0,100.0,100.0,100.0,100.0,100.0,100.0,100.0,100.0,100.0,100.0,100.0,100.0,100.0,100.0,100.0,100.0,100.0,100.0,100.0,100.0,100.0,100.0,100.0,100.0,100.0,100.0,100.0,100.0,100.0,100.0,100.0,100.0,100.0,100.0,100.0,100.0,100.0,100.0,100.0,100.0,100.0,100.0,100.0,100.0,100.0,100.0,100.0,100.0,100.0,100.0,100.0,100.0,100.0,100.0,100.0,100.0,100.0,100.0,100.0,100.0,100.0,100.0,100.0,100.0,100.0,100.0,100.0,100.0,100.0,100.0,100.0,100.0
stats_11.csv,11,concessive_subord_per100_avg,stats_11__concessive_subord_per100_avg,0.0661,0.1532,0.0744,0.2698,0.0639,0.1606,0.1645,0.1475,0.0482,0.1505,0.2248,0.1817,0.0605,0.0846,0.1011,0.0454,0.1465,0.2548,0.1754,0.0322,0.0402,0.0738,0.1134,0.0362,0.053,0.1399,0.0655,0.0723,0.0877,0.159,0.0481,0.0729,0.0883,0.1052,0.1919,0.0694,0.0773,0.0913,0.098,0.0761,0.0273,0.0178,0.2196,0.0539,0.0525,0.086,0.1641,0.088,0.145,0.0988,0.0906,0.1003,0.0709,0.1962,0.1548,0.1828,0.1159,0.0856,0.0638,0.0562,0.1194,0.1364,0.0,0.1671,0.0971,0.0847,0.0224,0.0503,0.25,0.1838,0.1082,0.128,0.0818,0.0523,0.0994,0.1333,0.0495,0.1203,0.0734,0.139,0.103,0.0705,0.0537,0.109,0.088,0.095,0.1514,0.0748,0.1165,0.0699,0.0783,0.104,0.2249,0.0776,0.0334,0.0608,0.1668,0.0991,0.0915,0.0857
stats_11.csv,11,concessive_subord_per100_max,stats_11__concessive_subord_per100_max,3.0,2.0,1.0,3.0,2.0,2.0,2.0,3.0,2.0,3.0,3.0,3.0,2.0,2.0,2.0,2.0,3.0,3.0,2.0,1.0,2.0,1.0,2.0,2.0,2.0,2.0,2.0,2.0,2.0,2.0,1.0,1.0,2.0,2.0,2.0,2.0,3.0,2.0,2.0,2.0,1.0,1.0,3.0,2.0,2.0,2.0,2.0,2.0,2.0,2.0,3.0,2.0,2.0,3.0,2.0,3.0,2.0,2.0,2.0,1.0,2.0,2.0,0.0,2.0,2.0,2.0,1.0,2.0,3.0,2.0,2.0,2.0,2.0,1.0,2.0,3.0,2.0,2.0,2.0,3.0,2.0,2.0,2.0,2.0,2.0,2.0,3.0,2.0,2.0,3.0,1.0,2.0,3.0,2.0,1.0,1.0,2.0,2.0,2.0,2.0
stats_11.csv,11,concessive_subord_per100_min,stats_11__concessive_subord_per100_min,0.0,0.0,0.0,0.0,0.0,0.0,0.0,0.0,0.0,0.0,0.0,0.0,0.0,0.0,0.0,0.0,0.0,0.0,0.0,0.0,0.0,0.0,0.0,0.0,0.0,0.0,0.0,0.0,0.0,0.0,0.0,0.0,0.0,0.0,0.0,0.0,0.0,0.0,0.0,0.0,0.0,0.0,0.0,0.0,0.0,0.0,0.0,0.0,0.0,0.0,0.0,0.0,0.0,0.0,0.0,0.0,0.0,0.0,0.0,0.0,0.0,0.0,0.0,0.0,0.0,0.0,0.0,0.0,0.0,0.0,0.0,0.0,0.0,0.0,0.0,0.0,0.0,0.0,0.0,0.0,0.0,0.0,0.0,0.0,0.0,0.0,0.0,0.0,0.0,0.0,0.0,0.0,0.0,0.0,0.0,0.0,0.0,0.0,0.0,0.0
stats_11.csv,11,concessive_subord_per100_sd,stats_11__concessive_subord_per100_sd,0.2715,0.3859,0.2625,0.5193,0.2555,0.3825,0.3941,0.371,0.2234,0.3818,0.4666,0.4239,0.2424,0.2858,0.3097,0.2216,0.3887,0.4958,0.4068,0.1765,0.205,0.2614,0.3268,0.1931,0.2285,0.3677,0.2542,0.2691,0.2905,0.3861,0.2141,0.2599,0.3043,0.3205,0.4261,0.2727,0.2801,0.3061,0.306,0.2846,0.1629,0.132,0.4504,0.2294,0.228,0.2918,0.3981,0.2863,0.3726,0.3147,0.305,0.3114,0.2631,0.4407,0.3929,0.4164,0.3319,0.2995,0.2509,0.2303,0.3331,0.3705,0.0,0.3925,0.3113,0.2828,0.1481,0.2332,0.5175,0.415,0.3229,0.3698,0.2849,0.2226,0.3122,0.4,0.2223,0.3394,0.2689,0.3734,0.3191,0.261,0.2309,0.3273,0.2965,0.3063,0.3912,0.2702,0.3247,0.2747,0.2687,0.3163,0.4538,0.2778,0.1797,0.2389,0.4053,0.3175,0.295,0.294
stats_11.csv,11,conditional_subord_per100_avg,stats_11__conditional_subord_per100_avg,0.1919,0.2452,0.2958,0.5568,0.1648,0.2266,0.2215,0.3803,0.3635,0.1704,0.2668,0.2918,0.2271,0.2231,0.3993,0.3707,0.3397,0.3029,0.4774,0.3429,0.213,0.3142,0.2724,0.2581,0.384,0.1896,0.4009,0.2748,0.3948,0.2282,0.3519,0.2403,0.2129,0.1632,0.203,0.1521,0.1257,0.4054,0.2671,0.248,0.1279,0.4413,0.2564,0.189,0.3009,0.2468,0.1945,0.4157,0.3123,0.2874,0.3814,0.1237,0.2725,0.2979,0.3938,0.2378,0.158,0.1455,0.3449,0.2597,0.1699,0.2316,0.1548,0.2953,0.1091,0.2627,0.3462,0.2965,0.4375,0.5119,0.2758,0.2343,0.4341,0.1663,0.1531,0.347,0.1781,0.2625,0.2827,0.3185,0.4609,0.342,0.2759,0.2887,0.2071,0.2895,0.3844,0.3749,0.257,0.1952,0.3455,0.2274,0.1315,0.2594,0.3078,0.2097,0.2379,0.3046,0.1973,0.1641
stats_11.csv,11,conditional_subord_per100_max,stats_11__conditional_subord_per100_max,3.0,3.0,3.0,4.0,3.0,3.0,2.0,3.0,3.0,3.0,3.0,4.0,3.0,3.0,3.0,4.0,4.0,4.0,4.0,4.0,3.0,4.0,3.0,6.0,3.0,3.0,3.0,3.0,3.0,3.0,3.0,2.0,3.0,3.0,3.0,3.0,4.0,4.0,3.0,2.0,2.0,3.5714,4.0,3.0,3.0,3.0,3.0,4.0,3.0,3.0,6.0,2.0,4.0,4.0,4.0,3.0,2.0,3.0,4.0,4.0,2.0,3.0,3.0,3.0,3.0,3.0,3.0,5.0,2.0,4.0,3.0,3.0,4.0,2.0,2.0,4.0,4.0,4.0,4.0,3.0,4.0,4.0,4.0,4.0,3.0,5.0,4.0,4.0,4.0,3.0,4.0,3.0,2.0,3.0,3.0,3.0,3.0,4.0,3.0,3.0
stats_11.csv,11,conditional_subord_per100_min,stats_11__conditional_subord_per100_min,0.0,0.0,0.0,0.0,0.0,0.0,0.0,0.0,0.0,0.0,0.0,0.0,0.0,0.0,0.0,0.0,0.0,0.0,0.0,0.0,0.0,0.0,0.0,0.0,0.0,0.0,0.0,0.0,0.0,0.0,0.0,0.0,0.0,0.0,0.0,0.0,0.0,0.0,0.0,0.0,0.0,0.0,0.0,0.0,0.0,0.0,0.0,0.0,0.0,0.0,0.0,0.0,0.0,0.0,0.0,0.0,0.0,0.0,0.0,0.0,0.0,0.0,0.0,0.0,0.0,0.0,0.0,0.0,0.0,0.0,0.0,0.0,0.0,0.0,0.0,0.0,0.0,0.0,0.0,0.0,0.0,0.0,0.0,0.0,0.0,0.0,0.0,0.0,0.0,0.0,0.0,0.0,0.0,0.0,0.0,0.0,0.0,0.0,0.0,0.0
stats_11.csv,11,conditional_subord_per100_sd,stats_11__conditional_subord_per100_sd,0.444,0.477,0.5298,0.7373,0.4013,0.4882,0.4554,0.5672,0.6082,0.4315,0.5323,0.5532,0.48,0.4765,0.5911,0.607,0.622,0.5767,0.6437,0.5818,0.4512,0.6025,0.4954,0.5445,0.6054,0.4439,0.6131,0.5196,0.6176,0.4875,0.5695,0.4721,0.4754,0.4186,0.4634,0.4028,0.3687,0.6103,0.5161,0.505,0.3562,0.6831,0.4823,0.43,0.5495,0.5532,0.4631,0.6338,0.609,0.5391,0.6519,0.3854,0.4996,0.5499,0.6381,0.489,0.3851,0.4088,0.5939,0.5377,0.403,0.4948,0.4121,0.5093,0.3319,0.497,0.6087,0.5996,0.5868,0.6775,0.5177,0.484,0.6518,0.4043,0.3918,0.6359,0.4583,0.5302,0.5292,0.549,0.6552,0.5985,0.5288,0.5249,0.4574,0.6146,0.6127,0.6181,0.5358,0.4687,0.6011,0.4778,0.3837,0.4967,0.5523,0.4823,0.4832,0.5741,0.4406,0.4271
stats_11.csv,11,other_subord_per100_avg,stats_11__other_subord_per100_avg,0.46,0.7513,0.8471,0.8872,0.9464,0.6405,0.6617,0.5262,0.6825,0.6783,0.67,0.7082,0.6272,0.6428,0.6411,0.8004,0.8437,0.6963,0.6864,0.6504,0.7237,1.0082,0.9528,0.4602,0.748,0.6819,0.6118,0.6481,0.6599,0.5974,0.7111,0.5364,0.7016,0.5371,0.5422,0.5799,0.5188,0.8977,0.6217,0.8478,0.4681,0.6746,0.6454,0.847,0.7672,0.6315,0.5365,0.8014,0.8104,0.9192,0.6848,0.8328,0.4394,0.7057,0.9022,0.5957,0.5745,0.5207,0.7048,0.9535,0.5981,0.7338,0.6329,0.7221,0.7157,0.5811,0.7628,0.6796,0.8571,0.6624,0.6657,0.7897,0.6047,0.5938,0.5924,0.8154,0.6439,0.7531,0.5681,0.6468,0.7357,0.6099,0.588,0.5373,0.6471,0.6144,0.654,0.6731,0.6367,0.4155,0.5901,0.7589,0.6406,0.6322,0.624,0.696,0.7283,0.7718,0.7163,0.9368
stats_11.csv,11,other_subord_per100_max,stats_11__other_subord_per100_max,5.0,4.0,4.0,5.0,4.0,4.0,4.0,3.0,5.0,4.0,4.0,4.0,4.0,4.0,4.0,4.1667,4.0,5.0,3.0,14.2857,4.0,4.0,3.0,5.0,4.0,4.0,4.0,4.0,4.0,3.0,3.0,3.0,4.0,4.0,4.0,4.0,4.0,4.0,4.0,4.0,3.0,4.0,4.0,4.0,4.0,4.0,4.0,5.0,3.0,4.0,5.0,3.0,6.0,4.0,4.0,3.125,4.0,4.0,4.0,4.0,3.0,4.0,4.0,4.0,5.0,3.0,4.0,5.0,3.0,4.0,4.0,5.0,4.0,4.0,3.0,4.0,3.0,3.0,5.0,4.0,3.0,3.0,3.0,4.0,4.0,5.0,4.0,3.0,3.0,4.0,4.0,3.0,3.0,4.0,3.0,4.0,4.0,4.0,4.0,5.0
stats_11.csv,11,other_subord_per100_min,stats_11__other_subord_per100_min,0.0,0.0,0.0,0.0,0.0,0.0,0.0,0.0,0.0,0.0,0.0,0.0,0.0,0.0,0.0,0.0,0.0,0.0,0.0,0.0,0.0,0.0,0.0,0.0,0.0,0.0,0.0,0.0,0.0,0.0,0.0,0.0,0.0,0.0,0.0,0.0,0.0,0.0,0.0,0.0,0.0,0.0,0.0,0.0,0.0,0.0,0.0,0.0,0.0,0.0,0.0,0.0,0.0,0.0,0.0,0.0,0.0,0.0,0.0,0.0,0.0,0.0,0.0,0.0,0.0,0.0,0.0,0.0,0.0,0.0,0.0,0.0,0.0,0.0,0.0,0.0,0.0,0.0,0.0,0.0,0.0,0.0,0.0,0.0,0.0,0.0,0.0,0.0,0.0,0.0,0.0,0.0,0.0,0.0,0.0,0.0,0.0,0.0,0.0,0.0
stats_11.csv,11,other_subord_per100_sd,stats_11__other_subord_per100_sd,0.6711,0.7319,0.8609,0.8976,0.8077,0.7667,0.7275,0.636,0.8161,0.7666,0.7834,0.7431,0.7142,0.7588,0.7163,0.8224,0.8468,0.7916,0.732,0.8266,0.7704,0.8977,0.81,0.6928,0.7606,0.7572,0.7045,0.7332,0.7246,0.7013,0.734,0.6959,0.7942,0.6852,0.7224,0.6926,0.6897,0.8233,0.7275,0.8176,0.649,0.8465,0.7167,0.777,0.8206,0.74,0.6904,0.798,0.7792,0.9005,0.7776,0.7664,0.5955,0.7989,0.8615,0.7058,0.6883,0.7215,0.7951,0.8923,0.6852,0.752,0.7161,0.7037,0.7651,0.7054,0.8557,0.8246,0.7542,0.7233,0.756,0.7995,0.7404,0.7112,0.7126,0.8791,0.7605,0.7695,0.6877,0.7457,0.7449,0.7302,0.7276,0.6738,0.75,0.7947,0.7426,0.7441,0.6776,0.632,0.7565,0.7813,0.71,0.7416,0.7125,0.8281,0.7866,0.7958,0.7507,0.9362
stats_11.csv,11,token_total,stats_11__token_total,266212.0,197709.0,49633.0,77088.0,145597.0,104545.0,212194.0,402037.0,99555.0,356771.0,207281.0,122669.0,105674.0,569627.0,118640.0,103524.0,130331.0,357476.0,86025.0,114807.0,116898.0,36591.0,63450.0,165732.0,99949.0,175035.0,59466.0,186671.0,321382.0,38901.0,26979.0,64433.0,181248.0,139674.0,181243.0,143977.0,560005.0,187164.0,189733.0,74857.0,117295.0,16856.0,133311.0,246561.0,179047.0,61542.0,65738.0,360014.0,26867.0,100131.0,431553.0,29833.0,179013.0,246674.0,161440.0,141632.0,78435.0,70022.0,247537.0,51575.0,102926.0,61559.0,102638.0,120820.0,216237.0,82538.0,62355.0,91346.0,22321.0,126156.0,102514.0,87405.0,232113.0,32495.0,50212.0,58419.0,84720.0,63920.0,465710.0,294139.0,190214.0,76587.0,80015.0,159648.0,235162.0,177895.0,268193.0,104220.0,78984.0,191593.0,93110.0,87451.0,139157.0,142902.0,71705.0,32843.0,126480.0,69585.0,308023.0,123626.0
stats_12.csv,12,attributive_adjs_per100_avg,stats_12__attributive_adjs_per100_avg,4.8832,4.135,4.2717,2.7111,4.5324,4.5001,5.9804,2.972,2.1103,3.4711,3.2088,3.2844,6.7166,3.8762,3.2174,2.7326,3.3117,3.3148,2.6597,2.329,3.8145,3.2497,3.0583,2.7666,4.46,4.8326,2.7127,3.8012,4.4798,4.9077,2.9745,3.5814,4.3232,3.9791,3.5793,6.2698,3.8756,3.597,4.3377,4.3912,4.3863,3.7904,3.4363,2.966,4.0057,3.2902,4.5181,3.7492,3.7303,2.4431,3.7885,3.8896,3.7007,3.2685,3.4514,4.4737,5.6186,2.602,3.7472,3.9251,4.6222,3.1575,6.2817,3.2994,4.3847,6.316,3.1824,2.4367,2.9275,3.0071,3.5478,4.056,3.7627,3.9394,3.8191,2.0325,4.8656,3.2656,3.4927,4.4324,4.5723,3.929,4.3999,3.7378,4.9509,2.6,3.6966,4.628,3.8888,3.5758,2.7897,3.8844,3.9107,3.851,4.454,3.1732,3.7632,3.387,4.852,3.7065
stats_12.csv,12,attributive_adjs_per100_max,stats_12__attributive_adjs_per100_max,26.0,14.0,12.0,10.0,16.0,15.0,18.0,14.0,11.0,16.0,15.0,11.0,18.0,19.0,12.0,15.0,14.0,18.0,13.0,11.0,12.0,14.0,10.0,14.0,12.0,18.0,10.0,15.0,17.0,16.0,12.0,14.0,21.0,13.0,16.0,16.0,20.0,13.0,13.0,14.0,15.0,9.0,14.0,15.0,15.0,13.0,13.0,12.0,11.0,13.0,15.0,11.0,13.0,16.0,15.0,14.0,15.0,10.0,20.0,12.0,15.0,15.0,18.0,11.0,15.0,15.0,12.0,12.0,8.0,12.0,11.0,12.0,17.0,15.0,13.0,13.0,20.0,15.0,15.0,13.0,16.0,12.0,13.3333,14.0,15.0,13.0,20.0,15.0,11.0,14.0,13.0,14.0,13.0,15.0,14.0,14.0,16.0,11.0,15.0,13.0
stats_12.csv,12,attributive_adjs_per100_min,stats_12__attributive_adjs_per100_min,0.0,0.0,0.0,0.0,0.0,0.0,0.0,0.0,0.0,0.0,0.0,0.0,0.0,0.0,0.0,0.0,0.0,0.0,0.0,0.0,0.0,0.0,0.0,0.0,0.0,0.0,0.0,0.0,0.0,0.0,0.0,0.0,0.0,0.0,0.0,0.0,0.0,0.0,0.0,0.0,0.0,0.0,0.0,0.0,0.0,0.0,0.0,0.0,0.0,0.0,0.0,0.0,0.0,0.0,0.0,0.0,0.0,0.0,0.0,0.0,0.0,0.0,0.0,0.0,0.0,0.0,0.0,0.0,0.0,0.0,0.0,0.0,0.0,0.0,0.0,0.0,0.0,0.0,0.0,0.0,0.0,0.0,0.0,0.0,0.0,0.0,0.0,0.0,0.0,0.0,0.0,0.0,0.0,0.0,0.0,0.0,0.0,0.0,0.0,0.0
stats_12.csv,12,attributive_adjs_per100_sd,stats_12__attributive_adjs_per100_sd,2.8499,2.3063,2.4968,1.8094,2.2151,2.5412,2.8421,1.9224,1.9686,2.352,2.2929,1.9005,2.9202,2.3617,2.099,2.0503,2.1361,2.333,1.885,1.8522,2.1979,2.2331,1.8625,2.0901,2.0958,2.5474,1.8687,2.3353,2.4998,2.6519,2.1087,2.0987,2.9213,2.3277,2.3248,2.5363,2.3221,2.1314,2.1565,2.1476,2.4771,1.9937,2.501,2.3676,2.5569,2.1593,2.4593,2.1682,2.1783,1.8656,2.3926,1.9279,2.075,2.2115,2.1409,2.6031,2.6277,1.8756,2.5221,2.1544,2.2422,2.2748,2.4405,1.9394,2.3279,2.4737,1.9918,1.8347,1.8199,1.9855,2.0199,2.2638,2.4066,2.1698,2.3188,1.851,2.6774,2.2392,2.1079,2.3593,2.5341,2.2277,2.6166,2.2043,2.7361,1.9443,2.4621,2.5768,2.013,2.1627,2.1975,2.302,2.1439,2.3737,2.5234,2.2415,2.5217,2.0504,2.4596,2.2647
stats_12.csv,12,chunk_count_used,stats_12__chunk_count_used,2663.0,1978.0,497.0,771.0,1456.0,1046.0,2122.0,4021.0,996.0,3568.0,2073.0,1227.0,1057.0,5697.0,1187.0,1036.0,1304.0,3575.0,861.0,1149.0,1169.0,366.0,635.0,1658.0,1000.0,1751.0,595.0,1867.0,3214.0,390.0,270.0,645.0,1813.0,1397.0,1813.0,1440.0,5601.0,1872.0,1898.0,749.0,1173.0,169.0,1334.0,2466.0,1791.0,616.0,658.0,3601.0,269.0,1002.0,4316.0,299.0,1791.0,2467.0,1615.0,1417.0,785.0,701.0,2476.0,516.0,1030.0,616.0,1027.0,1209.0,2163.0,826.0,624.0,914.0,224.0,1262.0,1026.0,875.0,2322.0,325.0,503.0,585.0,848.0,640.0,4658.0,2942.0,1903.0,766.0,801.0,1597.0,2352.0,1779.0,2682.0,1043.0,790.0,1916.0,932.0,875.0,1392.0,1430.0,718.0,329.0,1265.0,696.0,3081.0,1237.0
stats_12.csv,12,chunk_size_words,stats_12__chunk_size_words,100.0,100.0,100.0,100.0,100.0,100.0,100.0,100.0,100.0,100.0,100.0,100.0,100.0,100.0,100.0,100.0,100.0,100.0,100.0,100.0,100.0,100.0,100.0,100.0,100.0,100.0,100.0,100.0,100.0,100.0,100.0,100.0,100.0,100.0,100.0,100.0,100.0,100.0,100.0,100.0,100.0,100.0,100.0,100.0,100.0,100.0,100.0,100.0,100.0,100.0,100.0,100.0,100.0,100.0,100.0,100.0,100.0,100.0,100.0,100.0,100.0,100.0,100.0,100.0,100.0,100.0,100.0,100.0,100.0,100.0,100.0,100.0,100.0,100.0,100.0,100.0,100.0,100.0,100.0,100.0,100.0,100.0,100.0,100.0,100.0,100.0,100.0,100.0,100.0,100.0,100.0,100.0,100.0,100.0,100.0,100.0,100.0,100.0,100.0,100.0
stats_12.csv,12,predicative_adjs_per100_avg,stats_12__predicative_adjs_per100_avg,0.5488,0.9778,0.9235,1.5192,0.7246,1.37,0.606,0.8239,0.7338,1.2029,1.3266,1.5456,0.7625,1.009,1.1651,1.194,0.9946,1.3049,1.4808,0.9939,0.8828,1.0227,0.811,1.0193,0.557,1.0588,1.2059,1.2171,1.3412,1.1282,1.1185,1.1318,1.1616,0.9086,1.1583,0.2669,1.0698,1.0171,1.215,1.0761,0.8159,1.9053,0.6094,0.5911,1.3512,1.0227,1.2264,1.2019,1.4126,0.989,1.2481,1.0703,0.6616,1.3551,1.3167,0.825,0.9987,1.4009,1.559,1.0917,0.9883,1.2695,0.3028,1.0066,0.8723,0.6792,0.8381,1.7877,1.3616,1.3952,1.4308,1.2274,1.584,1.0062,1.1312,0.9214,0.8314,1.5531,0.9912,1.1462,1.4782,1.0591,1.5343,1.6124,1.0931,1.1669,1.2264,0.9818,1.0418,0.7724,1.1781,1.1771,0.7769,1.1427,0.961,1.462,1.0326,0.9184,0.9242,1.2724
stats_12.csv,12,predicative_adjs_per100_max,stats_12__predicative_adjs_per100_max,8.3333,6.0,5.0,6.0,5.0,8.0,5.0,6.0,4.0,7.0,6.0,7.0,5.0,7.4074,7.0,8.0,6.0,8.0,7.0,6.0,6.0,7.0,4.0,7.0,4.0,7.0,6.0,7.0,7.0,8.0,7.0,6.0,8.0,8.0,8.0,3.0,10.0,7.0,6.0,7.0,6.0,6.0,6.0,6.0,8.0,5.0,8.0,7.0,6.0,6.0,10.0,5.0,8.0,9.0,7.0,5.0,6.0,8.0,8.0,5.0,5.0,7.0,3.0,5.0,12.0,4.0,5.0,12.0,5.0,7.0,6.0,9.0,7.0,5.0,6.0,6.0,10.0,7.0,7.0,6.0,8.0,7.0,7.0,8.0,7.0,8.0,9.0,6.0,7.0,5.0,7.0,7.0,6.0,7.0,7.0,6.0,8.0,6.0,7.0,6.0
stats_12.csv,12,predicative_adjs_per100_min,stats_12__predicative_adjs_per100_min,0.0,0.0,0.0,0.0,0.0,0.0,0.0,0.0,0.0,0.0,0.0,0.0,0.0,0.0,0.0,0.0,0.0,0.0,0.0,0.0,0.0,0.0,0.0,0.0,0.0,0.0,0.0,0.0,0.0,0.0,0.0,0.0,0.0,0.0,0.0,0.0,0.0,0.0,0.0,0.0,0.0,0.0,0.0,0.0,0.0,0.0,0.0,0.0,0.0,0.0,0.0,0.0,0.0,0.0,0.0,0.0,0.0,0.0,0.0,0.0,0.0,0.0,0.0,0.0,0.0,0.0,0.0,0.0,0.0,0.0,0.0,0.0,0.0,0.0,0.0,0.0,0.0,0.0,0.0,0.0,0.0,0.0,0.0,0.0,0.0,0.0,0.0,0.0,0.0,0.0,0.0,0.0,0.0,0.0,0.0,0.0,0.0,0.0,0.0,0.0
stats_12.csv,12,predicative_adjs_per100_sd,stats_12__predicative_adjs_per100_sd,0.8057,1.0828,0.9818,1.3108,0.8535,1.2567,0.8291,0.9369,0.9151,1.1994,1.2436,1.2266,0.8794,1.1229,1.1135,1.2105,1.0885,1.26,1.2554,1.0771,0.9897,1.0204,0.9535,1.1528,0.7258,1.1298,1.2603,1.1721,1.2096,1.1936,1.1773,1.1929,1.2901,1.0371,1.1933,0.5414,1.1582,1.071,1.118,1.0831,0.9372,1.3156,0.8708,0.8088,1.2624,1.0254,1.2024,1.1835,1.2922,1.0357,1.2303,1.1028,0.8464,1.2347,1.1656,0.9617,1.0773,1.3931,1.3428,1.1196,0.9744,1.2309,0.5537,1.0345,1.0212,0.8278,0.9274,1.544,1.1294,1.1968,1.2416,1.1582,1.3813,1.0318,1.1909,1.1112,1.1004,1.3706,1.0479,1.0968,1.3118,1.0906,1.359,1.3286,1.1098,1.2682,1.2297,1.0862,1.1079,0.9624,1.1812,1.1561,0.9377,1.1752,1.0335,1.3592,1.1295,0.9945,1.0325,1.1241
stats_12.csv,12,token_total,stats_12__token_total,266212.0,197709.0,49633.0,77088.0,145597.0,104545.0,212194.0,402037.0,99555.0,356771.0,207281.0,122669.0,105674.0,569627.0,118640.0,103524.0,130331.0,357476.0,86025.0,114807.0,116898.0,36591.0,63450.0,165732.0,99949.0,175035.0,59466.0,186671.0,321382.0,38901.0,26979.0,64433.0,181248.0,139674.0,181243.0,143977.0,560005.0,187164.0,189733.0,74857.0,117295.0,16856.0,133311.0,246561.0,179047.0,61542.0,65738.0,360014.0,26867.0,100131.0,431553.0,29833.0,179013.0,246674.0,161440.0,141632.0,78435.0,70022.0,247537.0,51575.0,102926.0,61559.0,102638.0,120820.0,216237.0,82538.0,62355.0,91346.0,22321.0,126156.0,102514.0,87405.0,232113.0,32495.0,50212.0,58419.0,84720.0,63920.0,465710.0,294139.0,190214.0,76587.0,80015.0,159648.0,235162.0,177895.0,268193.0,104220.0,78984.0,191593.0,93110.0,87451.0,139157.0,142902.0,71705.0,32843.0,126480.0,69585.0,308023.0,123626.0
stats_12.csv,12,total_adverbs_per100_avg,stats_12__total_adverbs_per100_avg,4.5306,6.14,6.3424,8.0611,3.5804,6.313,6.7032,4.3571,5.8331,5.702,6.9934,6.6994,5.6172,5.2668,5.5447,4.9916,6.2634,6.5821,8.3333,6.9622,5.1985,6.5535,5.9811,5.2524,6.2091,6.4586,6.3832,5.9206,5.5718,6.1436,7.6511,6.0946,6.5282,5.5966,5.8215,3.9404,4.2694,5.8987,4.8867,4.754,5.2346,6.4045,6.9295,3.5188,6.7871,6.0327,6.3291,5.9168,6.4683,5.5468,5.8458,5.9133,4.9172,7.3415,5.9563,7.416,5.6712,5.3219,6.0935,4.9522,5.0201,6.0018,4.1015,6.4243,4.8382,6.0677,5.8904,5.8219,9.0247,8.8921,5.7128,5.6343,6.5092,4.5023,5.7117,5.9599,4.3726,7.3156,4.8847,7.1749,6.0243,5.9191,5.2959,7.4816,5.9504,5.7561,8.517,5.3835,5.6901,4.09,5.0386,5.1656,5.7477,5.1727,5.0515,5.7061,5.2897,6.1733,4.6605,5.6187
stats_12.csv,12,total_adverbs_per100_max,stats_12__total_adverbs_per100_max,17.0,19.0,18.1818,18.0,12.0,16.0,18.0,14.0,16.0,17.0,18.0,16.0,16.0,18.0,14.0,15.0,17.0,22.0,20.0,28.5714,15.0,15.0,15.0,16.0,16.0,19.0,19.0,17.0,16.0,16.0,15.0,19.0,18.0,18.0,17.0,13.0,20.0,17.0,15.0,14.0,14.0,16.0,20.0,13.0,20.0,15.0,17.0,21.4286,17.0,22.0,18.0,13.0,14.0,21.0,16.0,20.0,17.0,17.0,18.0,16.0,14.0,15.0,15.0,19.0,16.0,14.0,14.0,19.0,18.0,21.0,18.0,20.0,17.0,13.0,17.0,16.0,15.0,19.0,17.0,19.0,15.0,16.0,17.0,19.0,17.0,36.0,24.0,15.0,16.0,16.0,16.0,17.0,18.0,18.0,15.0,30.0,19.0,15.0,19.0,16.0
stats_12.csv,12,total_adverbs_per100_min,stats_12__total_adverbs_per100_min,0.0,0.0,0.0,0.0,0.0,0.0,0.0,0.0,0.0,0.0,0.0,0.0,0.0,0.0,0.0,0.0,0.0,0.0,1.0,0.0,0.0,1.0,0.0,0.0,0.0,0.0,0.0,0.0,0.0,0.0,0.0,0.0,0.0,0.0,0.0,0.0,0.0,0.0,0.0,0.0,0.0,0.0,0.0,0.0,0.0,0.0,0.0,0.0,0.0,0.0,0.0,0.0,0.0,0.0,0.0,0.0,0.0,0.0,0.0,0.0,0.0,0.0,0.0,0.0,0.0,0.0,1.0,0.0,2.0,0.0,0.0,0.0,0.0,0.0,0.0,0.0,0.0,0.0,0.0,0.0,0.0,0.0,0.0,1.0,0.0,0.0,0.0,0.0,0.0,0.0,0.0,0.0,0.0,0.0,0.0,0.0,0.0,0.0,0.0,0.0
stats_12.csv,12,total_adverbs_per100_sd,stats_12__total_adverbs_per100_sd,2.7191,2.8229,2.6951,3.0081,2.0835,2.7158,2.886,2.2586,2.7686,2.7547,2.9379,2.7973,2.6013,2.6721,2.4123,2.5284,3.0032,2.9638,3.2387,3.2423,2.5601,2.6797,2.6112,2.6484,2.6194,3.1395,3.0449,2.725,2.5134,2.8429,3.0067,3.0093,2.9265,2.6765,2.7729,2.1153,2.4887,2.744,2.3626,2.3308,2.4865,3.0243,3.1429,2.0165,3.008,2.5289,2.9739,2.7544,2.8734,2.7309,2.7609,2.5024,2.5614,3.1304,2.6734,3.0838,2.6604,2.8342,2.7185,2.5335,2.4145,2.7252,2.2109,2.8113,2.5155,2.4984,2.5963,3.0608,2.9739,3.2561,2.6562,2.6153,2.9026,2.3426,2.8267,2.8373,2.4668,3.1904,2.5089,2.9815,2.6797,2.8213,2.8357,3.0733,2.8732,3.1052,3.2739,2.478,2.6939,2.2483,2.6029,2.5381,2.5437,2.769,2.5049,2.9723,2.6239,2.6185,2.456,2.7595
stats_12.csv,12,total_pps_per100_avg,stats_12__total_pps_per100_avg,10.5133,12.0931,10.1168,7.0593,12.0716,10.7128,11.0823,10.4678,7.6646,10.2711,9.135,10.3121,10.4965,10.5209,8.7422,8.3536,10.7867,9.4725,9.1951,7.3229,11.9257,9.8606,10.5921,7.7451,10.6442,10.7749,9.8018,9.2457,10.6387,11.1846,8.3422,9.9583,9.6312,10.1628,8.8172,9.6438,11.3623,10.246,11.2082,10.7687,10.5809,8.4057,9.0262,11.699,10.2379,9.6327,10.0105,10.1073,8.0798,8.5698,9.0509,10.9938,11.0985,9.2752,9.5811,10.5739,11.8781,8.677,9.1982,9.3663,11.8919,9.5442,9.5978,10.6807,10.9785,11.7593,7.3974,7.8357,9.9955,9.3407,8.5586,10.808,9.3866,10.1526,9.7064,8.353,11.4304,9.45,9.8886,11.237,8.2838,10.8667,9.7557,9.2214,10.2522,9.2122,9.2948,10.4966,10.7824,9.6595,8.5386,10.8134,10.8466,10.7315,10.0585,8.1195,8.4638,9.8919,10.5245,9.7008
stats_12.csv,12,total_pps_per100_max,stats_12__total_pps_per100_max,24.0,24.0,19.0,17.0,22.0,20.0,21.0,23.0,19.0,23.0,21.0,21.0,20.0,26.0,18.0,18.0,22.0,20.0,18.0,18.0,21.0,17.0,19.0,18.0,20.0,22.8571,19.0,18.0,22.0,20.0,16.0,21.0,21.0,20.0,21.0,20.0,25.0,20.0,21.0,20.0,23.0,17.0,19.0,24.0,21.0,20.0,23.0,21.0,20.0,19.0,20.0,19.0,26.0,21.0,20.0,20.0,23.0,19.0,20.0,19.0,22.0,19.0,18.0,20.0,21.0,24.0,20.0,18.0,18.0,20.0,18.0,20.0,22.0,18.0,18.0,20.0,21.0,20.0,24.0,22.0,20.0,19.0,21.0,21.0,20.0,21.0,20.0,23.0,20.0,22.0,30.0,20.0,21.0,50.0,20.0,16.0,17.0,18.0,21.0,20.0
stats_12.csv,12,total_pps_per100_min,stats_12__total_pps_per100_min,0.0,1.0,3.0,0.0,3.0,0.0,1.0,1.0,0.0,0.0,0.0,2.0,2.0,0.0,1.0,0.0,1.0,0.0,1.0,0.0,1.0,3.0,3.0,0.0,3.0,0.0,2.0,2.0,1.0,0.0,1.0,2.0,0.0,1.0,0.0,3.0,0.0,1.0,2.0,4.0,3.0,1.0,0.0,2.0,0.0,2.0,2.0,1.0,0.0,1.0,1.0,4.0,0.0,0.0,1.0,2.0,4.0,0.0,1.0,2.0,4.0,2.0,2.0,1.0,1.0,4.0,0.0,0.0,0.0,3.0,1.0,2.0,0.0,1.0,1.0,1.0,3.0,1.0,0.0,2.0,1.0,2.0,2.0,0.0,0.0,1.0,1.0,1.0,4.0,2.0,0.0,1.0,3.0,2.0,3.0,1.0,1.0,3.0,0.0,2.0
stats_12.csv,12,total_pps_per100_sd,stats_12__total_pps_per100_sd,3.476,3.3854,2.973,2.5195,2.9354,3.09,3.1265,2.8867,3.1316,3.2247,2.9793,3.0888,3.0549,3.312,2.8623,2.8472,3.5748,3.0542,2.7848,2.8726,3.2942,2.7796,2.8036,3.1416,2.6822,3.2929,2.9677,2.9053,3.1526,3.3331,2.8976,3.0455,3.4696,3.1285,3.2163,2.7434,3.4138,3.0651,2.8459,2.9066,2.9479,3.0214,3.1292,3.0647,3.1293,3.1213,3.2273,3.2179,3.2312,2.8813,3.0461,2.7597,3.3474,3.0226,2.9252,2.9713,3.1485,3.3686,2.9657,2.8283,2.8266,2.8902,2.5118,3.0974,2.9918,3.0304,3.3635,3.3814,2.7589,2.7058,2.7027,3.1506,3.2963,2.8764,2.9243,3.2115,3.4688,2.9005,3.2046,3.0424,2.9303,3.0046,3.103,3.0832,3.0981,3.2001,3.1324,2.9894,2.9896,2.949,3.0692,2.916,3.0575,3.5745,2.896,2.8322,2.8978,3.1668,2.9406,2.8793
stats_13.csv,13,chunk_count_used,stats_13__chunk_count_used,2632.0,1963.0,492.0,764.0,1439.0,1032.0,2098.0,3986.0,987.0,3540.0,2054.0,1219.0,1045.0,5642.0,1179.0,1026.0,1292.0,3533.0,855.0,1136.0,1156.0,362.0,629.0,1637.0,990.0,1732.0,589.0,1852.0,3194.0,386.0,267.0,639.0,1795.0,1383.0,1801.0,1432.0,5509.0,1858.0,1872.0,744.0,1161.0,166.0,1314.0,2432.0,1774.0,611.0,646.0,3576.0,267.0,989.0,4289.0,295.0,1767.0,2444.0,1604.0,1402.0,776.0,693.0,2453.0,509.0,1013.0,611.0,1022.0,1190.0,2138.0,821.0,620.0,905.0,222.0,1255.0,1018.0,864.0,2304.0,320.0,495.0,580.0,841.0,632.0,4597.0,2911.0,1887.0,757.0,793.0,1585.0,2328.0,1759.0,2652.0,1034.0,780.0,1903.0,924.0,865.0,1377.0,1418.0,711.0,326.0,1244.0,688.0,3056.0,1223.0
stats_13.csv,13,chunk_size_words,stats_13__chunk_size_words,100.0,100.0,100.0,100.0,100.0,100.0,100.0,100.0,100.0,100.0,100.0,100.0,100.0,100.0,100.0,100.0,100.0,100.0,100.0,100.0,100.0,100.0,100.0,100.0,100.0,100.0,100.0,100.0,100.0,100.0,100.0,100.0,100.0,100.0,100.0,100.0,100.0,100.0,100.0,100.0,100.0,100.0,100.0,100.0,100.0,100.0,100.0,100.0,100.0,100.0,100.0,100.0,100.0,100.0,100.0,100.0,100.0,100.0,100.0,100.0,100.0,100.0,100.0,100.0,100.0,100.0,100.0,100.0,100.0,100.0,100.0,100.0,100.0,100.0,100.0,100.0,100.0,100.0,100.0,100.0,100.0,100.0,100.0,100.0,100.0,100.0,100.0,100.0,100.0,100.0,100.0,100.0,100.0,100.0,100.0,100.0,100.0,100.0,100.0,100.0
stats_13.csv,13,mean_len_avg,stats_13__mean_len_avg,4.4164,4.3162,4.1652,3.7589,4.453,4.4119,4.3916,4.1331,3.8059,4.2774,4.2082,4.4022,4.386,4.4071,4.2038,4.052,4.0704,4.1607,4.083,3.6825,4.3345,4.0037,4.0282,3.8392,4.2281,4.3971,4.2561,4.1851,4.3435,4.2045,3.9688,4.3552,4.3978,4.4062,4.0685,4.4238,4.4065,4.0754,4.3209,4.4164,4.0471,4.018,4.2314,4.2674,4.1909,4.1952,4.4583,4.1048,3.8073,4.019,4.2012,4.4061,4.3473,4.2267,3.9647,4.4624,4.4599,3.8601,4.1126,4.1501,4.3433,4.018,4.3992,3.9508,4.4422,4.533,3.8818,3.841,4.1935,4.1277,4.2967,4.3516,4.1801,4.3508,4.2715,3.7606,4.2356,4.0687,4.3591,4.5037,4.0768,4.1961,4.1401,4.3065,4.3299,4.008,4.3421,4.3469,4.3126,4.315,3.9683,4.3311,4.4118,4.2639,4.0153,4.1222,4.2979,3.9454,4.3327,4.0611
stats_13.csv,13,mean_len_max,stats_13__mean_len_max,6.59,5.39,5.11,4.65,5.4516,5.57,5.4,5.13,5.03,5.45,5.41,5.45,5.4,5.55,5.2,5.09,5.28,5.34,5.0,4.69,5.41,4.93,4.74,4.91,4.77,5.68,4.99,5.43,5.69,5.06,4.65,5.41,5.54,5.35,5.26,5.18,5.86,5.16,5.22,5.23,5.03,4.82,5.41,5.61,5.74,4.97,5.5,5.21,4.42,4.97,5.54,5.11,6.42,5.4,5.1,6.57,5.32,4.78,5.71,4.81,5.78,4.82,5.7143,4.78,6.21,5.65,4.92,4.92,4.89,5.08,5.1,5.56,5.13,5.03,5.27,4.83,5.18,5.24,5.73,5.56,5.31,5.1,5.71,5.47,5.52,5.06,5.59,5.31,5.24,5.38,5.23,5.46,5.38,5.58,5.01,4.96,5.81,4.63,5.32,5.25
stats_13.csv,13,mean_len_min,stats_13__mean_len_min,2.85,3.41,3.34,3.2,3.73,3.0,3.32,3.34,3.15,3.22,3.27,3.43,3.44,3.35,3.2,3.11,3.29,3.19,3.36,3.0,3.56,3.26,3.38,2.99,3.61,3.27,3.58,3.28,3.23,3.43,3.35,3.45,3.25,3.19,3.22,3.84,3.23,3.24,3.42,3.73,3.2,3.37,3.14,3.41,3.14,3.31,3.61,3.29,3.31,3.07,3.21,3.52,3.17,3.27,3.07,3.49,3.64,2.97,3.23,3.45,3.38,3.21,3.86,3.23,3.4,3.61,3.24,2.99,3.62,3.4,3.33,3.47,3.21,3.74,3.28,2.91,3.48,3.25,3.47,3.22,3.15,3.36,3.35,3.4,3.01,3.17,3.35,3.42,3.59,3.5,3.11,3.51,3.35,3.2,3.31,3.35,3.36,3.08,3.36,3.31
stats_13.csv,13,mean_len_sd,stats_13__mean_len_sd,0.4826,0.2798,0.2958,0.2261,0.268,0.3429,0.3239,0.2621,0.3076,0.318,0.3335,0.3058,0.2924,0.3068,0.3033,0.31,0.286,0.34,0.2609,0.246,0.2641,0.2631,0.2343,0.3096,0.1793,0.3252,0.2474,0.2992,0.3327,0.2817,0.2181,0.271,0.3518,0.2912,0.3101,0.1991,0.327,0.2716,0.2593,0.2548,0.2777,0.2671,0.3115,0.2824,0.3518,0.2558,0.3303,0.2904,0.2091,0.311,0.3308,0.258,0.3341,0.3296,0.2778,0.3227,0.3027,0.2909,0.312,0.2391,0.3125,0.2566,0.185,0.2553,0.2998,0.2764,0.2527,0.2749,0.2186,0.2652,0.2875,0.2889,0.3336,0.2808,0.3002,0.2988,0.2864,0.2813,0.2939,0.3039,0.3308,0.244,0.3157,0.3083,0.3174,0.2611,0.3447,0.31,0.2491,0.2681,0.2851,0.3069,0.3236,0.3616,0.2493,0.2429,0.4094,0.2562,0.2856,0.2521
stats_13.csv,13,n_tokens_total,stats_13__n_tokens_total,263129.0,196216.0,49103.0,76354.0,143831.0,103102.0,209778.0,398521.0,98679.0,353981.0,205320.0,121810.0,104482.0,564152.0,117812.0,102583.0,129109.0,353276.0,85432.0,113523.0,115569.0,36200.0,62867.0,163649.0,98936.0,173152.0,58840.0,185162.0,319379.0,38572.0,26697.0,63822.0,179480.0,138218.0,180041.0,143106.0,550883.0,185728.0,187188.0,74382.0,116051.0,16501.0,131392.0,243169.0,177341.0,61087.0,64592.0,357579.0,26609.0,98900.0,428839.0,29467.0,176625.0,244320.0,160330.0,140101.0,77518.0,69294.0,245300.0,50823.0,101273.0,61034.0,102107.0,118907.0,213719.0,82075.0,61917.0,90468.0,22120.0,125414.0,101729.0,86336.0,230363.0,31930.0,49479.0,57949.0,84091.0,63104.0,459636.0,291076.0,188683.0,75682.0,79227.0,158443.0,232791.0,175855.0,265157.0,103360.0,77983.0,190204.0,92389.0,86426.0,137613.0,141743.0,71046.0,32547.0,124370.0,68751.0,305572.0,122208.0
stats_13.csv,13,token_total,stats_13__token_total,263129.0,196216.0,49103.0,76354.0,143831.0,103102.0,209778.0,398521.0,98679.0,353981.0,205320.0,121810.0,104482.0,564152.0,117812.0,102583.0,129109.0,353276.0,85432.0,113523.0,115569.0,36200.0,62867.0,163649.0,98936.0,173152.0,58840.0,185162.0,319379.0,38572.0,26697.0,63822.0,179480.0,138218.0,180041.0,143106.0,550883.0,185728.0,187188.0,74382.0,116051.0,16501.0,131392.0,243169.0,177341.0,61087.0,64592.0,357579.0,26609.0,98900.0,428839.0,29467.0,176625.0,244320.0,160330.0,140101.0,77518.0,69294.0,245300.0,50823.0,101273.0,61034.0,102107.0,118907.0,213719.0,82075.0,61917.0,90468.0,22120.0,125414.0,101729.0,86336.0,230363.0,31930.0,49479.0,57949.0,84091.0,63104.0,459636.0,291076.0,188683.0,75682.0,79227.0,158443.0,232791.0,175855.0,265157.0,103360.0,77983.0,190204.0,92389.0,86426.0,137613.0,141743.0,71046.0,32547.0,124370.0,68751.0,305572.0,122208.0
stats_13.csv,13,ttr_lemma_avg,stats_13__ttr_lemma_avg,72.2602,68.8476,70.4756,61.327,68.6216,67.655,71.3197,66.8418,62.3097,65.7507,66.2619,69.4914,73.0753,66.761,71.6319,68.0521,67.6602,64.943,64.6471,63.8799,71.3061,67.8536,68.4493,66.5372,76.2945,70.705,67.118,69.316,69.8921,68.9368,65.1978,68.5428,67.2394,68.8752,65.8569,75.3387,66.7421,65.9641,69.0419,68.4983,68.3107,61.5723,65.1146,63.8754,68.5061,67.8684,69.5701,67.0265,60.494,66.634,67.7554,67.926,69.1092,67.1395,66.8223,71.7981,72.6668,61.7481,65.0351,65.2677,69.3726,67.3574,74.9119,63.4546,71.7966,72.6281,69.6437,59.7754,67.482,66.881,70.3521,67.8925,67.2578,67.8365,65.6139,61.3163,65.0736,68.1456,68.3321,69.3015,70.9277,64.3554,67.4507,68.2575,70.1904,61.9095,68.3368,70.8117,69.0496,69.2412,64.6014,66.7578,69.243,67.662,67.5442,66.2668,71.1347,68.3508,69.773,66.9763
stats_13.csv,13,ttr_lemma_max,stats_13__ttr_lemma_max,91.0,93.75,100.0,75.0,93.5484,100.0,85.0,95.2381,83.0,81.0,81.0,100.0,88.0,85.0,100.0,84.0,100.0,85.0,81.25,82.6087,85.0,80.0,81.0,80.0,87.0,89.0,79.0,84.0,85.0,84.0,78.0,87.0,85.0,94.4444,85.3659,100.0,85.0,89.2857,84.0,80.0,85.0,100.0,79.0,81.0,85.0,80.0,85.0,82.0,88.8889,80.0,85.0,81.0,92.0,100.0,90.0,100.0,94.4444,75.0,80.0,78.2609,83.0,82.3529,100.0,100.0,86.0,84.0,94.1176,73.0,95.0,85.7143,84.0,86.1111,82.0,96.6667,86.0,80.0,83.0,100.0,83.0,83.0,85.5422,77.0,82.0,81.0,86.0,77.0,84.2105,84.0,84.0,100.0,84.0,88.4615,84.6154,83.0,81.0,82.9787,87.0,82.3529,86.0,100.0
stats_13.csv,13,ttr_lemma_min,stats_13__ttr_lemma_min,33.0,54.0,56.0,36.0,28.0,49.0,50.0,45.0,39.0,46.0,48.0,56.0,56.0,39.0,54.0,43.0,50.0,44.0,48.0,43.0,57.0,53.0,57.0,38.0,59.0,52.0,53.0,52.0,50.0,53.0,45.0,48.0,38.0,54.0,45.0,58.0,46.0,47.0,54.0,56.0,48.0,43.0,42.0,30.0,48.0,53.0,47.0,50.0,48.0,44.0,45.0,54.0,41.0,48.0,48.0,47.0,60.0,44.0,42.0,47.0,44.0,51.0,63.0,42.0,38.0,59.0,52.0,32.0,55.0,43.0,52.0,52.0,48.0,51.0,51.0,36.0,45.0,51.0,48.0,52.0,52.0,50.0,48.0,52.0,49.0,35.0,41.0,55.0,48.0,52.0,43.0,51.0,49.0,46.0,51.0,47.0,48.0,54.0,52.0,43.0
stats_13.csv,13,ttr_lemma_sd,stats_13__ttr_lemma_sd,6.0675,4.3519,4.5148,5.377,4.283,4.8526,4.8689,4.605,6.5234,5.0454,5.1291,4.3199,4.7681,5.0504,4.6886,5.1201,4.8387,5.3855,4.6948,4.7238,3.8539,4.1088,4.018,5.2395,3.9509,4.7544,5.1224,4.7175,4.575,4.7933,5.0644,5.2894,6.3705,4.6938,5.349,3.975,5.0018,4.8936,3.9892,3.9008,4.8266,6.6517,6.0871,5.2106,5.1406,4.2338,5.2554,4.7889,4.6698,6.05,5.1497,4.3449,5.037,5.0213,4.8074,5.5293,4.0945,4.9793,5.4665,4.6594,4.0665,5.3027,3.6688,4.5186,4.7206,4.0163,5.1268,5.1756,4.7341,4.8803,4.3408,4.5835,4.989,5.2088,4.8455,7.2385,5.7821,4.4485,4.7824,4.7298,4.7881,4.719,5.1705,4.5209,4.4999,5.5092,5.6161,4.3935,4.6681,4.8559,5.7376,4.7821,4.7452,4.8994,5.087,5.6054,5.2843,4.21,4.2556,4.7412
stats_13.csv,13,ttr_word_avg,stats_13__ttr_word_avg,74.3836,71.9046,73.0955,65.9506,70.7766,70.719,73.695,70.4175,66.1192,68.9748,69.7532,73.0943,75.2872,69.8179,74.7693,71.1987,70.5348,68.469,69.3268,66.5334,73.5619,70.9199,72.1258,68.682,78.3925,73.2062,70.236,72.4624,73.3778,71.9326,68.344,71.3605,69.7787,71.7617,69.747,76.3792,69.5065,69.3718,72.3951,71.1965,71.6371,65.8614,68.069,66.8042,72.6499,70.9846,72.0144,70.3716,64.3404,70.0212,71.2779,71.0531,71.451,70.6395,70.5985,74.2482,75.0508,65.3487,69.6237,68.7006,72.1726,70.9939,75.9168,66.8655,74.5525,74.8571,71.8147,63.5687,70.3784,70.4788,73.772,71.2999,70.2885,71.3312,69.1705,65.9941,67.6327,71.9573,71.479,72.2409,74.5,67.8388,71.1102,72.0133,72.7063,65.6177,72.1094,73.862,71.6211,72.5155,67.6298,70.1254,72.0351,71.1178,70.8274,69.62,73.951,71.0949,72.4242,70.0523
stats_13.csv,13,ttr_word_max,stats_13__ttr_word_max,92.0,93.75,100.0,80.0,93.5484,100.0,88.0,95.2381,84.0,85.0,85.0,100.0,88.0,87.0,100.0,85.0,100.0,88.0,84.375,86.9565,87.0,81.0,87.0,83.0,89.0,89.0,83.0,87.0,90.0,85.0,81.0,89.0,86.0,94.4444,85.3659,100.0,86.0,92.8571,85.0,83.0,86.0,100.0,80.0,85.0,87.0,86.0,88.0,85.0,88.8889,83.0,86.0,82.0,92.0,100.0,90.0,100.0,94.4444,81.0,84.0,82.6087,85.0,85.2941,100.0,100.0,88.0,86.0,94.1176,76.0,95.0,92.8571,86.0,86.1111,83.0,100.0,87.0,81.0,86.0,100.0,86.0,86.0,86.0,82.0,85.0,86.0,87.0,80.0,87.0,86.0,87.0,100.0,84.0,88.4615,92.3077,84.0,83.0,85.1064,88.0,84.3137,87.0,100.0
stats_13.csv,13,ttr_word_min,stats_13__ttr_word_min,34.0,58.0,59.0,41.0,32.0,53.0,52.0,51.0,43.0,47.0,48.0,59.0,58.0,41.0,59.0,46.0,51.0,49.0,55.0,43.0,61.0,57.0,58.0,41.0,61.0,55.0,53.0,57.0,55.0,59.0,45.0,55.0,42.0,58.0,48.0,58.0,46.0,50.0,58.0,59.0,55.0,48.0,47.0,30.0,50.0,59.0,49.0,52.0,49.0,50.0,53.0,59.0,43.0,53.0,52.0,50.0,62.0,46.0,52.0,52.0,47.0,53.0,63.0,43.0,39.0,62.0,56.0,37.0,58.0,46.0,53.0,58.0,50.0,55.0,51.0,41.0,49.0,56.0,50.0,56.0,59.0,53.0,53.0,54.0,54.0,42.0,43.0,61.0,48.0,56.0,49.0,53.0,53.0,48.0,54.0,52.0,55.0,57.0,58.0,47.0
stats_13.csv,13,ttr_word_sd,stats_13__ttr_word_sd,5.9019,4.0457,4.3417,5.2733,4.2527,4.7363,4.7275,4.4236,6.2031,4.9214,4.9909,4.0995,4.3815,4.9263,4.2579,4.8683,4.8505,5.1202,4.4455,4.6308,3.8827,4.0531,4.2576,5.3002,3.7998,4.5045,4.8945,4.4026,4.2967,4.4907,5.1713,5.0286,6.0248,4.4947,4.8976,3.897,4.9247,4.7407,3.9789,3.8283,4.4889,6.5739,5.3801,5.2046,4.5306,4.1003,5.1265,4.5995,4.689,5.2644,4.6631,4.1785,4.9895,4.7475,4.6647,5.2528,3.9423,5.0787,4.9311,4.4747,4.0905,4.8514,3.6621,4.515,4.5118,3.9106,4.958,5.2427,4.5551,4.689,4.2392,4.2378,4.6483,4.9462,4.7018,6.6559,5.5327,4.3668,4.6179,4.6796,4.1046,4.6938,4.8157,4.4476,4.2175,5.5419,5.1487,4.121,4.557,4.5711,5.4683,4.677,4.5802,4.5855,4.6367,5.2619,4.8756,4.0583,4.099,4.6368
stats_14.csv,14,amplifiers_per100_avg,stats_14__amplifiers_per100_avg,0.4232,0.7042,0.487,1.2297,0.3523,0.4123,0.5853,0.6742,0.3645,0.7217,0.8312,1.0713,0.544,0.4978,0.5265,0.3629,0.4064,0.7658,0.9013,0.7659,0.4312,0.7492,0.622,0.2986,0.641,0.6962,0.6269,0.658,0.5841,0.7718,1.0963,0.8109,0.5472,0.4316,0.4837,0.225,0.3789,0.6825,0.716,0.4206,0.4271,1.1124,0.4873,0.2587,0.7801,0.3523,0.5897,0.8731,0.6245,0.5012,0.6909,0.4348,0.6996,0.9838,0.8204,0.5745,0.6841,0.724,0.7112,0.5588,0.7359,0.8247,0.2483,1.0289,0.4193,0.6743,0.6635,0.8589,0.6875,1.0174,0.7183,0.4149,1.0745,0.628,0.6759,0.4821,0.3455,0.6234,0.5964,0.6315,0.9007,0.8411,0.7378,1.593,0.6418,0.6105,0.7845,0.4899,0.5557,0.2626,0.3509,0.4069,0.5682,0.4091,0.5292,0.5562,0.483,0.5,0.6686,0.523
stats_14.csv,14,amplifiers_per100_max,stats_14__amplifiers_per100_max,7.0,6.0,3.0303,6.0,4.0,6.0,7.0,7.0,5.0,6.0,6.0,7.0,6.0,7.0,4.0,4.0,4.0,9.0,7.0,6.0,5.0,4.0,4.0,5.0,5.0,8.0,5.0,7.0,7.0,6.0,5.0,6.0,6.0,4.0,5.0,3.0,12.0,6.0,5.0,5.0,6.0,5.0,7.0,4.0,8.0,4.0,5.0,7.0,6.0,4.0,8.0,4.0,7.0,7.0,7.0,6.0,6.0,8.0,6.0,4.0,6.0,4.0,4.0,7.0,6.0,6.0,6.0,8.0,3.0,8.0,6.0,4.0,8.0,5.0,5.0,6.0,5.0,6.0,6.0,5.0,8.0,8.0,6.0,9.0,7.0,8.0,7.0,4.0,7.0,4.0,4.0,6.0,5.0,6.0,5.0,6.0,8.0,3.0,6.0,4.0
stats_14.csv,14,amplifiers_per100_min,stats_14__amplifiers_per100_min,0.0,0.0,0.0,0.0,0.0,0.0,0.0,0.0,0.0,0.0,0.0,0.0,0.0,0.0,0.0,0.0,0.0,0.0,0.0,0.0,0.0,0.0,0.0,0.0,0.0,0.0,0.0,0.0,0.0,0.0,0.0,0.0,0.0,0.0,0.0,0.0,0.0,0.0,0.0,0.0,0.0,0.0,0.0,0.0,0.0,0.0,0.0,0.0,0.0,0.0,0.0,0.0,0.0,0.0,0.0,0.0,0.0,0.0,0.0,0.0,0.0,0.0,0.0,0.0,0.0,0.0,0.0,0.0,0.0,0.0,0.0,0.0,0.0,0.0,0.0,0.0,0.0,0.0,0.0,0.0,0.0,0.0,0.0,0.0,0.0,0.0,0.0,0.0,0.0,0.0,0.0,0.0,0.0,0.0,0.0,0.0,0.0,0.0,0.0,0.0
stats_14.csv,14,amplifiers_per100_sd,stats_14__amplifiers_per100_sd,0.7756,0.9832,0.7181,1.1957,0.659,0.6859,0.8303,0.9313,0.6453,0.9486,0.9932,1.1508,0.8436,0.8068,0.7365,0.6257,0.7053,0.9749,0.9857,0.9569,0.7507,0.8954,0.789,0.6219,0.7682,0.9251,0.9178,0.9294,0.8305,0.9617,1.1887,1.0543,0.8381,0.7011,0.7834,0.5008,0.7121,0.9275,0.9227,0.7599,0.7288,1.1117,0.8436,0.5154,0.9498,0.6301,0.8985,1.0499,0.9147,0.7487,0.9486,0.7071,1.0247,1.0964,1.0266,0.8369,0.9387,1.0065,0.9294,0.7797,0.9234,1.0201,0.5631,1.1934,0.7172,0.8701,0.928,1.0547,0.856,1.1124,0.9301,0.6782,1.195,0.8845,0.903,0.7736,0.6459,0.8608,0.8608,0.8238,1.0664,1.0848,0.9618,1.5481,0.9221,0.9409,0.9681,0.7461,0.8838,0.5554,0.6025,0.7117,0.7821,0.7202,0.7977,0.8383,0.7554,0.6759,0.8911,0.7643
stats_14.csv,14,chunk_count_used,stats_14__chunk_count_used,2663.0,1978.0,497.0,771.0,1456.0,1046.0,2122.0,4021.0,996.0,3568.0,2073.0,1227.0,1057.0,5697.0,1187.0,1036.0,1304.0,3575.0,861.0,1149.0,1169.0,366.0,635.0,1658.0,1000.0,1751.0,595.0,1867.0,3214.0,390.0,270.0,645.0,1813.0,1397.0,1813.0,1440.0,5601.0,1872.0,1898.0,749.0,1173.0,169.0,1334.0,2466.0,1791.0,616.0,658.0,3601.0,269.0,1002.0,4316.0,299.0,1791.0,2467.0,1615.0,1417.0,785.0,701.0,2476.0,516.0,1030.0,616.0,1027.0,1209.0,2163.0,826.0,624.0,914.0,224.0,1262.0,1026.0,875.0,2322.0,325.0,503.0,585.0,848.0,640.0,4658.0,2942.0,1903.0,766.0,801.0,1597.0,2352.0,1779.0,2682.0,1043.0,790.0,1916.0,932.0,875.0,1392.0,1430.0,718.0,329.0,1265.0,696.0,3081.0,1237.0
stats_14.csv,14,chunk_size_words,stats_14__chunk_size_words,100.0,100.0,100.0,100.0,100.0,100.0,100.0,100.0,100.0,100.0,100.0,100.0,100.0,100.0,100.0,100.0,100.0,100.0,100.0,100.0,100.0,100.0,100.0,100.0,100.0,100.0,100.0,100.0,100.0,100.0,100.0,100.0,100.0,100.0,100.0,100.0,100.0,100.0,100.0,100.0,100.0,100.0,100.0,100.0,100.0,100.0,100.0,100.0,100.0,100.0,100.0,100.0,100.0,100.0,100.0,100.0,100.0,100.0,100.0,100.0,100.0,100.0,100.0,100.0,100.0,100.0,100.0,100.0,100.0,100.0,100.0,100.0,100.0,100.0,100.0,100.0,100.0,100.0,100.0,100.0,100.0,100.0,100.0,100.0,100.0,100.0,100.0,100.0,100.0,100.0,100.0,100.0,100.0,100.0,100.0,100.0,100.0,100.0,100.0,100.0
stats_14.csv,14,conjuncts_per100_avg,stats_14__conjuncts_per100_avg,0.059,0.1416,0.0684,0.061,0.1037,0.1444,0.2615,0.1838,0.0321,0.0914,0.1216,0.2738,0.1183,0.0986,0.1643,0.0763,0.1235,0.1262,0.2067,0.0252,0.2361,0.153,0.4094,0.0036,0.614,0.1588,0.0874,0.1559,0.1497,0.1385,0.1333,0.0574,0.0541,0.1396,0.0684,0.4083,0.1846,0.1298,0.1444,0.2507,0.0538,0.1124,0.0652,0.335,0.0804,0.0519,0.1292,0.1391,0.0446,0.0709,0.0554,0.1672,0.1865,0.2059,0.1238,0.1256,0.1172,0.0385,0.1022,0.0407,0.2631,0.0487,0.3739,0.3085,0.1327,0.3184,0.0369,0.047,0.1696,0.2377,0.1209,0.1829,0.2145,0.2308,0.0477,0.0154,0.0495,0.1281,0.2265,0.2101,0.0662,0.1292,0.0899,0.1997,0.0957,0.0725,0.233,0.117,0.2,0.0418,0.0161,0.128,0.2866,0.0755,0.0613,0.0669,0.1241,0.1006,0.1243,0.059
stats_14.csv,14,conjuncts_per100_max,stats_14__conjuncts_per100_max,3.0,3.0,2.0,2.0,2.0,2.0,4.0,3.0,2.0,3.0,3.0,4.0,2.0,5.0,3.0,3.0,3.0,3.0,4.0,1.0,2.0,2.0,3.0,1.0,4.0,3.0,2.0,2.0,3.0,2.0,3.0,2.0,2.0,3.0,2.0,4.0,5.0,4.0,3.0,3.0,2.0,2.0,3.0,4.0,2.0,2.0,2.0,3.0,1.0,3.0,2.0,2.0,3.0,4.0,2.0,2.0,2.0,2.0,3.0,1.0,3.0,1.0,3.0,4.0,3.0,3.0,1.0,2.0,2.0,3.0,2.0,3.0,3.0,3.0,1.0,1.0,2.0,2.0,4.0,4.0,2.0,3.0,2.0,3.0,3.0,4.0,4.0,3.0,3.0,2.0,1.0,3.0,3.0,2.0,1.0,2.0,3.0,2.0,2.0,2.0
stats_14.csv,14,conjuncts_per100_min,stats_14__conjuncts_per100_min,0.0,0.0,0.0,0.0,0.0,0.0,0.0,0.0,0.0,0.0,0.0,0.0,0.0,0.0,0.0,0.0,0.0,0.0,0.0,0.0,0.0,0.0,0.0,0.0,0.0,0.0,0.0,0.0,0.0,0.0,0.0,0.0,0.0,0.0,0.0,0.0,0.0,0.0,0.0,0.0,0.0,0.0,0.0,0.0,0.0,0.0,0.0,0.0,0.0,0.0,0.0,0.0,0.0,0.0,0.0,0.0,0.0,0.0,0.0,0.0,0.0,0.0,0.0,0.0,0.0,0.0,0.0,0.0,0.0,0.0,0.0,0.0,0.0,0.0,0.0,0.0,0.0,0.0,0.0,0.0,0.0,0.0,0.0,0.0,0.0,0.0,0.0,0.0,0.0,0.0,0.0,0.0,0.0,0.0,0.0,0.0,0.0,0.0,0.0,0.0
stats_14.csv,14,conjuncts_per100_sd,stats_14__conjuncts_per100_sd,0.2627,0.3818,0.2603,0.2499,0.3182,0.3852,0.5387,0.4425,0.1819,0.3097,0.3618,0.5295,0.3456,0.329,0.4032,0.2864,0.3644,0.3733,0.4588,0.1569,0.4884,0.3892,0.6193,0.06,0.7556,0.4097,0.3107,0.3898,0.3909,0.3739,0.381,0.2455,0.2333,0.3912,0.2652,0.6561,0.4385,0.3864,0.3775,0.5063,0.2331,0.3341,0.2701,0.575,0.278,0.2361,0.382,0.3753,0.2064,0.2717,0.2396,0.382,0.4689,0.458,0.3582,0.3678,0.3446,0.1997,0.3297,0.1976,0.5079,0.2152,0.607,0.5865,0.3958,0.5709,0.1884,0.2168,0.3984,0.4914,0.3463,0.4339,0.4581,0.5014,0.2132,0.1231,0.2377,0.3524,0.4788,0.4672,0.259,0.3688,0.2988,0.4499,0.3217,0.3142,0.5025,0.3554,0.4805,0.2026,0.1258,0.3572,0.5257,0.2822,0.2398,0.273,0.3682,0.3282,0.3509,0.2457
stats_14.csv,14,demonstrative_dets_per100_avg,stats_14__demonstrative_dets_per100_avg,0.5137,0.8104,0.5171,0.8796,0.4176,0.3413,1.1131,0.7874,0.4729,0.5617,0.4949,0.4328,0.5866,0.6503,0.4473,0.444,0.4456,0.5855,0.6272,0.4822,0.4508,0.5273,0.3417,0.3269,1.145,0.455,0.6706,0.5629,0.6677,0.8205,0.4407,0.7319,0.3558,0.5156,0.4214,0.5639,1.1478,0.6341,1.0695,0.765,0.4842,0.645,0.7976,0.7583,0.6812,0.3707,0.4726,0.6034,0.2007,0.4022,0.468,0.4615,0.7113,0.7094,0.444,0.6655,0.7758,0.2896,0.6006,0.4703,0.767,0.5422,0.5385,0.7403,0.4785,0.822,0.2228,0.2538,0.433,0.5293,0.4493,0.8103,0.5327,0.8125,0.3757,0.4957,0.5012,0.3609,0.7125,0.8273,0.3647,0.782,0.3483,0.3651,0.3886,0.5453,0.5906,0.4286,0.5165,0.6702,0.7672,0.3383,0.5084,0.4944,0.4081,0.4195,0.4577,0.5807,0.717,0.515
stats_14.csv,14,demonstrative_dets_per100_max,stats_14__demonstrative_dets_per100_max,6.0,8.0,5.0,6.0,8.0,3.0,8.0,6.0,6.0,6.0,4.0,4.0,4.0,7.0,4.0,5.0,4.0,5.0,4.0,7.0,5.0,5.0,3.0,6.0,5.0,6.0,8.0,7.0,6.0,4.0,3.0,6.0606,6.0,5.0,5.0,5.0,10.0,5.0,5.0,6.0,5.0,3.0,10.0,7.0,4.0,4.0,5.0,5.0,3.0,3.0,5.0,4.0,8.0,5.0,4.0,8.0,7.0,3.0,6.0,4.0,5.0,4.0,6.0,9.0,4.0,5.0,3.0,4.0,4.0,5.0,3.0,5.0,4.0,5.0,4.0,4.0,6.0,5.0,6.0,6.0,4.0,6.0,4.0,4.0,5.0,5.0,6.0,4.0,7.0,5.0,7.0,4.0,4.0,5.0,4.0,5.0,4.0,5.0,5.0,5.0
stats_14.csv,14,demonstrative_dets_per100_min,stats_14__demonstrative_dets_per100_min,0.0,0.0,0.0,0.0,0.0,0.0,0.0,0.0,0.0,0.0,0.0,0.0,0.0,0.0,0.0,0.0,0.0,0.0,0.0,0.0,0.0,0.0,0.0,0.0,0.0,0.0,0.0,0.0,0.0,0.0,0.0,0.0,0.0,0.0,0.0,0.0,0.0,0.0,0.0,0.0,0.0,0.0,0.0,0.0,0.0,0.0,0.0,0.0,0.0,0.0,0.0,0.0,0.0,0.0,0.0,0.0,0.0,0.0,0.0,0.0,0.0,0.0,0.0,0.0,0.0,0.0,0.0,0.0,0.0,0.0,0.0,0.0,0.0,0.0,0.0,0.0,0.0,0.0,0.0,0.0,0.0,0.0,0.0,0.0,0.0,0.0,0.0,0.0,0.0,0.0,0.0,0.0,0.0,0.0,0.0,0.0,0.0,0.0,0.0,0.0
stats_14.csv,14,demonstrative_dets_per100_sd,stats_14__demonstrative_dets_per100_sd,0.8109,1.0175,0.7822,1.0121,0.6682,0.5973,1.1236,1.0013,0.7685,0.8103,0.7526,0.6505,0.8175,0.8881,0.6791,0.7481,0.6974,0.8462,0.8017,0.7687,0.7149,0.7983,0.579,0.6511,1.0733,0.7021,1.0269,0.7941,0.8147,0.9022,0.6514,0.9924,0.6772,0.7612,0.7567,0.8309,1.2183,0.8014,0.9902,0.9029,0.7346,0.7564,1.2545,0.9346,0.8304,0.6383,0.7699,0.7809,0.461,0.6649,0.7288,0.7322,0.9696,0.8952,0.7067,0.9193,0.9352,0.5681,0.8203,0.703,0.889,0.7526,0.8461,0.9822,0.7201,0.8486,0.4968,0.5446,0.7165,0.7321,0.6651,0.9237,0.7117,0.9074,0.6305,0.7445,0.8467,0.6418,0.8594,0.9029,0.5964,0.8957,0.6118,0.6343,0.6659,0.8237,0.8284,0.6491,0.8578,0.8675,1.0797,0.5835,0.7138,0.7789,0.6458,0.6844,0.7113,0.7578,0.8472,0.7976
stats_14.csv,14,demonstrative_prons_per100_avg,stats_14__demonstrative_prons_per100_avg,0.6046,0.6223,0.666,0.7691,0.8716,0.6807,0.631,1.0358,0.5311,0.6365,0.704,0.3928,0.4686,0.613,0.449,0.6342,0.8351,0.7257,1.137,0.6902,0.7074,0.7844,0.7118,0.5501,0.948,0.6419,0.7109,0.3914,0.5324,0.6308,0.7741,0.521,0.6299,0.4903,0.7402,0.4472,0.5799,0.5972,0.4415,0.7206,0.6241,1.3005,0.6259,0.661,0.7767,0.7906,0.4544,0.529,0.7026,0.7625,0.5304,0.6355,0.4796,0.6786,0.5988,0.6189,0.5541,0.6334,0.7104,0.4729,0.433,0.599,0.3963,0.7758,0.3356,0.6065,0.3333,0.6236,0.7902,0.8384,0.7349,1.136,0.8639,0.554,0.6044,0.494,0.5259,0.7094,0.5474,1.2402,0.4498,1.0341,0.9625,0.4152,0.5923,0.9955,0.6148,0.5043,0.5582,0.7422,0.7103,0.4822,0.576,0.6517,0.4833,0.5106,0.6387,0.9026,0.3054,0.6362
stats_14.csv,14,demonstrative_prons_per100_max,stats_14__demonstrative_prons_per100_max,8.0,6.0,4.0,7.0,7.0,5.0,6.0,16.0,5.0,5.0,6.0,5.0,4.0,5.0,4.0,5.0,5.0,6.0,8.0,6.0,6.0,5.0,6.0,6.0,9.0,5.0,4.0,4.0,5.0,4.0,5.0,5.0,6.0,4.0,6.0,4.0,8.0,5.0,4.0,4.0,5.0,5.0,8.0,7.0,6.0,4.0,4.0,5.0,5.0,9.0,5.0,6.0,6.0,6.0,7.0,11.0,7.0,4.0,7.0,3.0,4.0,4.0,4.0,6.0,6.0,4.0,4.0,5.0,5.0,5.0,6.0,7.0,6.0,3.0,5.0,7.0,4.0,5.0,6.0,8.0,4.0,5.0,8.0,5.0,6.0,10.0,7.0,4.0,10.0,5.0,6.0,5.0,8.0,5.0,4.0,4.0,6.0,6.0,3.0,4.0
stats_14.csv,14,demonstrative_prons_per100_min,stats_14__demonstrative_prons_per100_min,0.0,0.0,0.0,0.0,0.0,0.0,0.0,0.0,0.0,0.0,0.0,0.0,0.0,0.0,0.0,0.0,0.0,0.0,0.0,0.0,0.0,0.0,0.0,0.0,0.0,0.0,0.0,0.0,0.0,0.0,0.0,0.0,0.0,0.0,0.0,0.0,0.0,0.0,0.0,0.0,0.0,0.0,0.0,0.0,0.0,0.0,0.0,0.0,0.0,0.0,0.0,0.0,0.0,0.0,0.0,0.0,0.0,0.0,0.0,0.0,0.0,0.0,0.0,0.0,0.0,0.0,0.0,0.0,0.0,0.0,0.0,0.0,0.0,0.0,0.0,0.0,0.0,0.0,0.0,0.0,0.0,0.0,0.0,0.0,0.0,0.0,0.0,0.0,0.0,0.0,0.0,0.0,0.0,0.0,0.0,0.0,0.0,0.0,0.0,0.0
stats_14.csv,14,demonstrative_prons_per100_sd,stats_14__demonstrative_prons_per100_sd,0.9181,0.8757,0.8302,0.9273,0.9299,0.8576,0.8402,1.2414,0.7979,0.8526,0.8969,0.6675,0.7106,0.8282,0.6793,0.8589,0.9258,0.9249,1.1706,0.9196,0.8842,0.9233,0.8232,0.8394,1.0466,0.8183,0.8966,0.6471,0.7559,0.8516,0.9052,0.8492,0.8846,0.7084,0.9278,0.7061,0.8356,0.808,0.6809,0.857,0.8223,1.0696,1.0113,0.8728,0.9049,0.8955,0.7137,0.7606,0.9048,0.9401,0.7477,0.8983,0.7862,0.857,0.8598,0.9149,0.8232,0.8685,0.8873,0.6857,0.7043,0.847,0.6891,0.9635,0.6437,0.7584,0.6363,0.8654,0.914,0.9195,0.8583,1.1947,0.9311,0.7891,0.8369,0.8675,0.7842,0.9048,0.77,1.1415,0.6911,1.0366,1.1573,0.6778,0.8175,1.1764,0.8366,0.7358,0.8808,0.899,0.9088,0.7301,0.802,0.8797,0.7306,0.6482,0.7892,1.0623,0.5719,0.7993
stats_14.csv,14,discourse_particles_per100_avg,stats_14__discourse_particles_per100_avg,0.1209,0.043,0.1308,0.2425,0.0446,0.0411,0.1569,0.0597,0.1566,0.1497,0.1746,0.0456,0.0937,0.1215,0.0826,0.1245,0.1779,0.1495,0.1649,0.4656,0.0907,0.1421,0.1008,0.313,0.145,0.0817,0.1345,0.0905,0.0579,0.1103,0.2037,0.1364,0.0938,0.1195,0.1826,0.1625,0.075,0.1528,0.0885,0.016,0.1509,0.1953,0.1222,0.12,0.1608,0.2143,0.1307,0.1055,0.1896,0.1856,0.1747,0.0435,0.0754,0.1689,0.0978,0.0797,0.1057,0.1712,0.1874,0.0504,0.0107,0.0666,0.1305,0.0538,0.0712,0.0835,0.3106,0.0799,0.1429,0.2092,0.1053,0.1063,0.0883,0.0492,0.4135,0.1932,0.0708,0.15,0.1574,0.1054,0.135,0.1658,0.0649,0.0852,0.1042,0.1647,0.1391,0.0815,0.1266,0.1153,0.1524,0.0914,0.069,0.1888,0.1031,0.231,0.1723,0.2572,0.0587,0.0865
stats_14.csv,14,discourse_particles_per100_max,stats_14__discourse_particles_per100_max,3.0,3.0,2.0,3.0,2.0,2.0,3.0,2.0,3.0,3.0,3.0,2.0,2.0,4.0,2.0,3.0,3.0,4.0,3.0,4.0,2.0,2.0,2.0,4.0,2.0,3.0,2.0,2.0,2.0,2.0,4.0,3.0,2.0,2.0,4.0,3.0,5.0,2.0,3.0,2.0,3.0,2.0,2.0,2.0,3.0,3.0,3.0,3.0,2.0,3.0,4.0,1.0,2.0,3.0,2.0,2.0,2.0,4.0,3.0,2.0,1.0,2.0,2.0,2.0,2.0,2.0,2.0,2.0,2.0,3.0,2.0,2.0,2.0,1.0,3.0,2.0,2.0,2.0,2.0,2.0,3.0,2.0,2.0,3.0,3.0,9.0,4.0,2.0,3.0,4.0,3.0,2.0,2.0,3.0,3.0,3.0,3.0,3.0,2.0,2.0
stats_14.csv,14,discourse_particles_per100_min,stats_14__discourse_particles_per100_min,0.0,0.0,0.0,0.0,0.0,0.0,0.0,0.0,0.0,0.0,0.0,0.0,0.0,0.0,0.0,0.0,0.0,0.0,0.0,0.0,0.0,0.0,0.0,0.0,0.0,0.0,0.0,0.0,0.0,0.0,0.0,0.0,0.0,0.0,0.0,0.0,0.0,0.0,0.0,0.0,0.0,0.0,0.0,0.0,0.0,0.0,0.0,0.0,0.0,0.0,0.0,0.0,0.0,0.0,0.0,0.0,0.0,0.0,0.0,0.0,0.0,0.0,0.0,0.0,0.0,0.0,0.0,0.0,0.0,0.0,0.0,0.0,0.0,0.0,0.0,0.0,0.0,0.0,0.0,0.0,0.0,0.0,0.0,0.0,0.0,0.0,0.0,0.0,0.0,0.0,0.0,0.0,0.0,0.0,0.0,0.0,0.0,0.0,0.0,0.0
stats_14.csv,14,discourse_particles_per100_sd,stats_14__discourse_particles_per100_sd,0.3631,0.2172,0.3658,0.488,0.2163,0.2125,0.4123,0.2492,0.4246,0.406,0.4342,0.2344,0.3133,0.3752,0.2843,0.3714,0.4261,0.412,0.4041,0.6727,0.3045,0.3719,0.3213,0.6167,0.3714,0.3016,0.3829,0.3068,0.2452,0.3292,0.4861,0.3937,0.3169,0.3519,0.4545,0.4014,0.2855,0.3924,0.3003,0.1358,0.392,0.4389,0.3496,0.3372,0.4091,0.4694,0.3795,0.3398,0.4368,0.4325,0.4391,0.2039,0.2682,0.4266,0.3211,0.2811,0.3236,0.4586,0.4444,0.2274,0.1028,0.2681,0.3646,0.2499,0.2745,0.281,0.5387,0.2829,0.3625,0.4632,0.3224,0.3227,0.3056,0.2163,0.6242,0.4551,0.2785,0.3824,0.4075,0.3243,0.3741,0.399,0.2514,0.3028,0.3385,0.4687,0.4,0.3003,0.3652,0.3506,0.407,0.2999,0.259,0.4634,0.3346,0.5006,0.4305,0.5155,0.2459,0.3059
stats_14.csv,14,downtoners_per100_avg,stats_14__downtoners_per100_avg,0.0939,0.1517,0.2233,0.1855,0.0604,0.1329,0.1268,0.0967,0.0873,0.0942,0.1418,0.1394,0.1873,0.0739,0.1601,0.0763,0.1196,0.111,0.2253,0.1462,0.1309,0.3716,0.0441,0.2014,0.066,0.2182,0.1782,0.1751,0.2589,0.1564,0.3815,0.1783,0.0734,0.1059,0.0745,0.0076,0.1264,0.1581,0.1249,0.1015,0.0665,0.2532,0.096,0.0495,0.2004,0.1078,0.1778,0.1886,0.1115,0.1248,0.0985,0.1171,0.1122,0.1779,0.1146,0.1531,0.1376,0.2111,0.1014,0.0562,0.1165,0.2338,0.0175,0.1778,0.062,0.1344,0.1122,0.1597,0.2634,0.2306,0.1589,0.152,0.2554,0.1077,0.0577,0.1385,0.0755,0.1969,0.0799,0.1329,0.2202,0.1777,0.1423,0.2373,0.2447,0.0663,0.1559,0.1764,0.138,0.0423,0.073,0.0731,0.1049,0.086,0.1114,0.1246,0.1115,0.1537,0.1327,0.0905
stats_14.csv,14,downtoners_per100_max,stats_14__downtoners_per100_max,3.0,3.0,3.0,3.0,2.0,2.0,3.0,3.0,2.0,3.0,4.0,2.0,2.0,3.0,2.0,2.0,3.0,3.0,2.0,2.0,3.0,3.0,1.0,3.0,2.0,3.0,4.0,4.0,4.0,2.0,2.0,3.0,3.0,3.0,3.0,1.0,3.0,3.0,3.0,2.0,2.0,2.0,2.0,2.0,3.0,2.381,2.0,4.0,2.0,2.0,4.0,2.0,3.0,3.0,2.0,3.0,3.0,4.0,2.0,2.0,2.0,2.0,1.0,2.0,2.0,3.0,2.0,3.0,4.0,3.0,4.0,3.0,3.0,2.0,1.0,2.0,2.0,2.0,3.0,3.0,3.0,3.0,3.0,4.0,4.0,2.0,4.0,3.0,2.0,2.0,2.0,2.0,3.0,2.0,2.0,2.0,2.0,2.0,3.0,2.0
stats_14.csv,14,downtoners_per100_min,stats_14__downtoners_per100_min,0.0,0.0,0.0,0.0,0.0,0.0,0.0,0.0,0.0,0.0,0.0,0.0,0.0,0.0,0.0,0.0,0.0,0.0,0.0,0.0,0.0,0.0,0.0,0.0,0.0,0.0,0.0,0.0,0.0,0.0,0.0,0.0,0.0,0.0,0.0,0.0,0.0,0.0,0.0,0.0,0.0,0.0,0.0,0.0,0.0,0.0,0.0,0.0,0.0,0.0,0.0,0.0,0.0,0.0,0.0,0.0,0.0,0.0,0.0,0.0,0.0,0.0,0.0,0.0,0.0,0.0,0.0,0.0,0.0,0.0,0.0,0.0,0.0,0.0,0.0,0.0,0.0,0.0,0.0,0.0,0.0,0.0,0.0,0.0,0.0,0.0,0.0,0.0,0.0,0.0,0.0,0.0,0.0,0.0,0.0,0.0,0.0,0.0,0.0,0.0
stats_14.csv,14,downtoners_per100_sd,stats_14__downtoners_per100_sd,0.3175,0.4025,0.4836,0.4238,0.244,0.3665,0.3715,0.3136,0.2894,0.3143,0.4134,0.3669,0.4294,0.2766,0.389,0.2726,0.3625,0.3496,0.4823,0.3678,0.3688,0.6475,0.2053,0.4439,0.2562,0.4711,0.4549,0.4377,0.5199,0.397,0.5954,0.4498,0.2869,0.3409,0.2788,0.0871,0.3606,0.409,0.3596,0.3149,0.2752,0.4947,0.319,0.226,0.4576,0.3186,0.4202,0.438,0.3376,0.3481,0.3255,0.3317,0.346,0.4218,0.3464,0.392,0.3993,0.5244,0.3324,0.2466,0.3414,0.494,0.1312,0.4215,0.2505,0.3716,0.3493,0.4193,0.5648,0.4743,0.4178,0.4179,0.5115,0.3198,0.2331,0.3918,0.2897,0.4493,0.2887,0.3627,0.468,0.4368,0.4056,0.4974,0.5125,0.2642,0.41,0.433,0.3731,0.2038,0.2761,0.2815,0.3355,0.3066,0.319,0.3568,0.3458,0.3913,0.3791,0.3007
stats_14.csv,14,emphatics_per100_avg,stats_14__emphatics_per100_avg,0.0342,0.1041,0.0443,0.0571,0.0192,0.0612,0.0608,0.043,0.003,0.0855,0.1423,0.1434,0.0577,0.0421,0.0581,0.0415,0.102,0.0901,0.1382,0.0026,0.0334,0.0904,0.063,0.0012,0.032,0.1182,0.1025,0.0948,0.1017,0.059,0.1148,0.062,0.0447,0.0823,0.0287,0.0056,0.033,0.0657,0.0385,0.1105,0.0136,0.1065,0.0435,0.0134,0.0508,0.026,0.0304,0.0758,0.0297,0.0332,0.0598,0.0836,0.0698,0.1159,0.0693,0.1094,0.0726,0.0271,0.0812,0.062,0.0767,0.0341,0.0039,0.1447,0.049,0.0993,0.0128,0.0241,0.1562,0.1965,0.1111,0.0994,0.1253,0.0862,0.0338,0.0034,0.033,0.0422,0.1069,0.1171,0.0257,0.1149,0.1086,0.1735,0.0689,0.0798,0.11,0.0508,0.1177,0.059,0.0182,0.04,0.1501,0.035,0.0237,0.0517,0.049,0.0836,0.0818,0.0243
stats_14.csv,14,emphatics_per100_max,stats_14__emphatics_per100_max,4.0,2.0,1.0,2.0,1.0,2.0,2.0,2.0,1.0,2.0,3.0,2.0,1.0,2.0,2.0,2.0,2.0,3.0,2.0,1.0,2.0,2.0,2.0,1.0,2.0,3.0,2.0,2.0,3.0,2.0,2.0,2.0,2.0,2.0,1.0,1.0,2.0,3.0,2.0,2.0,1.0,1.0,3.0,1.0,2.0,1.0,1.0,3.0,1.0,3.2258,3.0,2.0,2.0,3.0,3.0,3.0,3.0,3.0,4.0,2.0,2.0,1.0,1.0,2.0,2.0,2.0,2.0,2.0,2.0,4.0,2.0,2.0,2.0,2.0,1.0,1.0,2.0,2.0,3.0,3.0,2.0,2.0,3.0,3.0,3.0,3.0,3.0,1.0,2.0,2.0,1.0,1.0,4.0,2.0,1.0,2.0,2.0,2.0,2.0,2.0
stats_14.csv,14,emphatics_per100_min,stats_14__emphatics_per100_min,0.0,0.0,0.0,0.0,0.0,0.0,0.0,0.0,0.0,0.0,0.0,0.0,0.0,0.0,0.0,0.0,0.0,0.0,0.0,0.0,0.0,0.0,0.0,0.0,0.0,0.0,0.0,0.0,0.0,0.0,0.0,0.0,0.0,0.0,0.0,0.0,0.0,0.0,0.0,0.0,0.0,0.0,0.0,0.0,0.0,0.0,0.0,0.0,0.0,0.0,0.0,0.0,0.0,0.0,0.0,0.0,0.0,0.0,0.0,0.0,0.0,0.0,0.0,0.0,0.0,0.0,0.0,0.0,0.0,0.0,0.0,0.0,0.0,0.0,0.0,0.0,0.0,0.0,0.0,0.0,0.0,0.0,0.0,0.0,0.0,0.0,0.0,0.0,0.0,0.0,0.0,0.0,0.0,0.0,0.0,0.0,0.0,0.0,0.0,0.0
stats_14.csv,14,emphatics_per100_sd,stats_14__emphatics_per100_sd,0.2031,0.3324,0.2057,0.2375,0.1373,0.2436,0.2448,0.2113,0.0548,0.2942,0.3886,0.3795,0.2332,0.2119,0.248,0.2042,0.3199,0.3088,0.3679,0.051,0.1843,0.3057,0.2617,0.0347,0.1816,0.3517,0.3195,0.3072,0.3222,0.2462,0.3412,0.2537,0.2195,0.2998,0.1669,0.0743,0.1875,0.2685,0.203,0.3407,0.116,0.3085,0.2215,0.1149,0.2296,0.1591,0.1717,0.2888,0.1699,0.2079,0.2531,0.3109,0.2738,0.3538,0.2796,0.3584,0.2918,0.1869,0.3066,0.2568,0.2697,0.1815,0.0623,0.3833,0.2243,0.3109,0.1259,0.1734,0.3983,0.4515,0.3382,0.3178,0.3488,0.2914,0.1807,0.0584,0.1852,0.2086,0.3369,0.3509,0.1617,0.3501,0.3381,0.4224,0.2788,0.2986,0.3553,0.2196,0.33,0.2568,0.1338,0.196,0.4008,0.1912,0.152,0.2347,0.2195,0.2973,0.2879,0.164
stats_14.csv,14,hedges_per100_avg,stats_14__hedges_per100_avg,0.276,0.2341,0.5493,1.2058,0.3304,0.4283,0.3426,0.1738,0.4378,0.2864,0.412,0.2111,0.2734,0.2561,0.2241,0.4913,0.2362,0.3566,0.5889,0.6971,0.3045,0.4317,0.3748,0.3179,0.065,0.3632,0.4168,0.225,0.3955,0.3667,0.5222,0.338,0.5362,0.2813,0.4186,0.1174,0.2769,0.242,0.2882,0.2216,0.5686,0.2367,0.401,0.1938,0.579,0.3052,0.3435,0.2785,0.2918,0.3782,0.4289,0.2943,0.244,0.4985,0.2793,0.4086,0.3134,0.515,0.5905,0.3081,0.3699,0.4399,0.1525,0.3441,0.282,0.2554,0.4853,0.3731,0.5402,0.4842,0.3051,0.4251,0.3609,0.1169,0.5149,0.4667,0.2099,0.2906,0.2106,0.4517,0.3027,0.5602,0.377,0.2968,0.3656,0.3019,0.5563,0.3375,0.2456,0.3351,0.3315,0.3646,0.2399,0.4252,0.4401,0.5441,0.4071,0.3322,0.2898,0.6249
stats_14.csv,14,hedges_per100_max,stats_14__hedges_per100_max,6.0,3.0,4.0,6.0,6.0,4.0,6.0,3.0,5.0,4.0,8.0,2.0,5.0,7.0,3.0,5.0,4.0,6.0,5.0,5.0,3.0,4.0,3.0,4.0,1.0,5.0,5.0,4.0,4.0,4.0,4.0,3.0,5.0,5.0,4.0,2.0,4.0,5.0,4.0,3.0,5.0,3.0,5.0,5.0,5.0,5.0,6.0,6.0,3.0,6.0,5.0,2.0,5.0,7.0,4.0,4.0,4.0,4.0,5.0,5.0,4.0,4.0,3.0,4.0,4.0,3.0,4.0,6.0,5.0,4.0,4.0,4.0,5.0,2.0,5.0,5.0,3.0,3.0,4.0,5.0,3.0,7.0,5.0,3.0,4.0,8.0,12.0,3.0,4.0,4.0,4.0,4.0,4.0,5.0,4.0,6.0,4.0,4.0,4.0,4.0
stats_14.csv,14,hedges_per100_min,stats_14__hedges_per100_min,0.0,0.0,0.0,0.0,0.0,0.0,0.0,0.0,0.0,0.0,0.0,0.0,0.0,0.0,0.0,0.0,0.0,0.0,0.0,0.0,0.0,0.0,0.0,0.0,0.0,0.0,0.0,0.0,0.0,0.0,0.0,0.0,0.0,0.0,0.0,0.0,0.0,0.0,0.0,0.0,0.0,0.0,0.0,0.0,0.0,0.0,0.0,0.0,0.0,0.0,0.0,0.0,0.0,0.0,0.0,0.0,0.0,0.0,0.0,0.0,0.0,0.0,0.0,0.0,0.0,0.0,0.0,0.0,0.0,0.0,0.0,0.0,0.0,0.0,0.0,0.0,0.0,0.0,0.0,0.0,0.0,0.0,0.0,0.0,0.0,0.0,0.0,0.0,0.0,0.0,0.0,0.0,0.0,0.0,0.0,0.0,0.0,0.0,0.0,0.0
stats_14.csv,14,hedges_per100_sd,stats_14__hedges_per100_sd,0.6048,0.5081,0.786,1.1327,0.6022,0.6817,0.6498,0.4288,0.7398,0.5788,0.6918,0.4499,0.5345,0.5407,0.4843,0.7527,0.516,0.6465,0.842,0.8665,0.5653,0.644,0.6081,0.6063,0.2465,0.6738,0.7828,0.4896,0.6492,0.6574,0.7133,0.6053,0.8106,0.5551,0.6706,0.3407,0.5473,0.5338,0.561,0.5053,0.7646,0.5468,0.747,0.5131,0.7882,0.6119,0.6756,0.5581,0.5795,0.6684,0.7073,0.5304,0.538,0.7564,0.5669,0.667,0.5896,0.8128,0.8111,0.61,0.6551,0.6811,0.3984,0.6052,0.5615,0.5103,0.761,0.6952,0.7782,0.7293,0.5837,0.7041,0.6334,0.3489,0.7821,0.7642,0.4766,0.5533,0.4798,0.7061,0.5566,0.909,0.7015,0.5603,0.63,0.6462,0.8314,0.5819,0.5353,0.6022,0.6009,0.6699,0.5127,0.7024,0.6768,0.7551,0.6602,0.6,0.5635,0.827
stats_14.csv,14,token_total,stats_14__token_total,266212.0,197709.0,49633.0,77088.0,145597.0,104545.0,212194.0,402037.0,99555.0,356771.0,207281.0,122669.0,105674.0,569627.0,118640.0,103524.0,130331.0,357476.0,86025.0,114807.0,116898.0,36591.0,63450.0,165732.0,99949.0,175035.0,59466.0,186671.0,321382.0,38901.0,26979.0,64433.0,181248.0,139674.0,181243.0,143977.0,560005.0,187164.0,189733.0,74857.0,117295.0,16856.0,133311.0,246561.0,179047.0,61542.0,65738.0,360014.0,26867.0,100131.0,431553.0,29833.0,179013.0,246674.0,161440.0,141632.0,78435.0,70022.0,247537.0,51575.0,102926.0,61559.0,102638.0,120820.0,216237.0,82538.0,62355.0,91346.0,22321.0,126156.0,102514.0,87405.0,232113.0,32495.0,50212.0,58419.0,84720.0,63920.0,465710.0,294139.0,190214.0,76587.0,80015.0,159648.0,235162.0,177895.0,268193.0,104220.0,78984.0,191593.0,93110.0,87451.0,139157.0,142902.0,71705.0,32843.0,126480.0,69585.0,308023.0,123626.0
stats_15.csv,15,chunk_count_used,stats_15__chunk_count_used,2663.0,1978.0,497.0,771.0,1456.0,1046.0,2122.0,4021.0,996.0,3568.0,2073.0,1227.0,1057.0,5697.0,1187.0,1036.0,1304.0,3575.0,861.0,1149.0,1169.0,366.0,635.0,1658.0,1000.0,1751.0,595.0,1867.0,3214.0,390.0,270.0,645.0,1813.0,1397.0,1813.0,1440.0,5601.0,1872.0,1898.0,749.0,1173.0,169.0,1334.0,2466.0,1791.0,616.0,658.0,3601.0,269.0,1002.0,4316.0,299.0,1791.0,2467.0,1615.0,1417.0,785.0,701.0,2476.0,516.0,1030.0,616.0,1027.0,1209.0,2163.0,826.0,624.0,914.0,224.0,1262.0,1026.0,875.0,2322.0,325.0,503.0,585.0,848.0,640.0,4658.0,2942.0,1903.0,766.0,801.0,1597.0,2352.0,1779.0,2682.0,1043.0,790.0,1916.0,932.0,875.0,1392.0,1430.0,718.0,329.0,1265.0,696.0,3081.0,1237.0
stats_15.csv,15,chunk_size_words,stats_15__chunk_size_words,100.0,100.0,100.0,100.0,100.0,100.0,100.0,100.0,100.0,100.0,100.0,100.0,100.0,100.0,100.0,100.0,100.0,100.0,100.0,100.0,100.0,100.0,100.0,100.0,100.0,100.0,100.0,100.0,100.0,100.0,100.0,100.0,100.0,100.0,100.0,100.0,100.0,100.0,100.0,100.0,100.0,100.0,100.0,100.0,100.0,100.0,100.0,100.0,100.0,100.0,100.0,100.0,100.0,100.0,100.0,100.0,100.0,100.0,100.0,100.0,100.0,100.0,100.0,100.0,100.0,100.0,100.0,100.0,100.0,100.0,100.0,100.0,100.0,100.0,100.0,100.0,100.0,100.0,100.0,100.0,100.0,100.0,100.0,100.0,100.0,100.0,100.0,100.0,100.0,100.0,100.0,100.0,100.0,100.0,100.0,100.0,100.0,100.0,100.0,100.0
stats_15.csv,15,necessity_per100_avg,stats_15__necessity_per100_avg,0.2107,0.5243,0.2555,0.3191,0.3056,0.369,0.2601,0.4173,0.3544,0.4285,0.4448,0.6707,0.2823,0.3502,0.5392,0.2635,0.2998,0.4053,0.6063,0.1967,0.3234,0.4648,0.4047,0.0995,0.21,0.3798,0.4504,0.4526,0.6677,0.3795,0.437,0.4558,0.3217,0.3064,0.4043,0.1347,0.3237,0.4471,0.4747,0.4126,0.3214,0.5313,0.4408,0.2097,0.4936,0.3166,0.3222,0.4485,0.5465,0.3902,0.4203,0.4615,0.3596,0.4957,0.5542,0.2908,0.3401,0.3224,0.4584,0.4212,0.3922,0.5531,0.1139,0.4409,0.3338,0.3765,0.2532,0.4136,0.6429,0.5238,0.5146,0.4937,0.7252,0.4185,0.3002,0.2957,0.2394,0.4766,0.4399,0.4602,0.3915,0.6203,0.5381,0.7583,0.4065,0.4486,0.3255,0.5014,0.3051,0.4462,0.4399,0.3886,0.5438,0.4,0.3997,0.3131,0.3075,0.3678,0.3557,0.2781
stats_15.csv,15,necessity_per100_max,stats_15__necessity_per100_max,3.0,3.0,2.0,3.0,3.0,4.0,3.0,3.0,4.0,4.0,5.0,5.0,6.0,4.0,5.0,3.0,5.0,4.0,4.0,2.0,3.0,3.0,3.0,3.0,3.0,4.0,3.0,3.0,5.0,4.0,2.0,4.0,5.0,4.0,5.0,3.0,6.0,4.0,3.0,3.0,6.0,4.0,4.0,4.0,4.0,3.0,3.0,5.0,5.0,4.0,5.0,3.0,4.0,4.0,6.0,3.125,3.0,4.0,4.0,5.0,3.0,4.0,3.0,3.0,5.0,3.0,3.0,6.0,3.0,3.0,3.0,4.0,5.0,3.0,3.0,3.0,3.0,4.0,4.0,5.0,3.0,5.0,4.0,4.0,4.0,5.0,3.0,4.0,3.0,6.0,4.0,3.0,4.0,4.0,3.0,3.0,3.0,5.0,4.0,4.0
stats_15.csv,15,necessity_per100_min,stats_15__necessity_per100_min,0.0,0.0,0.0,0.0,0.0,0.0,0.0,0.0,0.0,0.0,0.0,0.0,0.0,0.0,0.0,0.0,0.0,0.0,0.0,0.0,0.0,0.0,0.0,0.0,0.0,0.0,0.0,0.0,0.0,0.0,0.0,0.0,0.0,0.0,0.0,0.0,0.0,0.0,0.0,0.0,0.0,0.0,0.0,0.0,0.0,0.0,0.0,0.0,0.0,0.0,0.0,0.0,0.0,0.0,0.0,0.0,0.0,0.0,0.0,0.0,0.0,0.0,0.0,0.0,0.0,0.0,0.0,0.0,0.0,0.0,0.0,0.0,0.0,0.0,0.0,0.0,0.0,0.0,0.0,0.0,0.0,0.0,0.0,0.0,0.0,0.0,0.0,0.0,0.0,0.0,0.0,0.0,0.0,0.0,0.0,0.0,0.0,0.0,0.0,0.0
stats_15.csv,15,necessity_per100_sd,stats_15__necessity_per100_sd,0.4605,0.6522,0.4966,0.589,0.5182,0.618,0.5157,0.5802,0.6352,0.6535,0.6726,0.7927,0.5542,0.5929,0.6899,0.5227,0.5976,0.6481,0.7432,0.4431,0.5578,0.6798,0.6186,0.3263,0.4625,0.6076,0.6752,0.6597,0.7887,0.6198,0.5787,0.6888,0.6074,0.5694,0.7149,0.3907,0.6047,0.6638,0.6705,0.6408,0.578,0.8821,0.6236,0.4656,0.7,0.5773,0.5725,0.6533,0.8507,0.6554,0.669,0.709,0.5432,0.7052,0.7544,0.5252,0.5801,0.615,0.668,0.6474,0.5639,0.7291,0.3553,0.5824,0.5829,0.6005,0.528,0.692,0.6989,0.6819,0.7121,0.6918,0.8156,0.6204,0.5344,0.5483,0.5075,0.6843,0.6416,0.6598,0.5966,0.7653,0.7685,0.7979,0.6571,0.7361,0.5652,0.669,0.5413,0.7143,0.6915,0.6177,0.7482,0.6612,0.6203,0.5696,0.5447,0.5919,0.5821,0.5617
stats_15.csv,15,possibility_per100_avg,stats_15__possibility_per100_avg,0.2869,0.4954,0.328,0.6316,0.261,0.6272,0.3586,0.4541,0.7359,0.5045,0.5563,0.8476,0.3911,0.3763,0.5931,0.4846,0.487,0.5206,0.669,0.5683,0.2455,0.4836,0.5638,0.4934,0.336,0.4197,0.516,0.5147,0.6675,0.4974,0.5741,0.5132,0.4815,0.393,0.4666,0.2,0.291,0.4877,0.3541,0.6182,0.318,0.4734,0.4438,0.2445,0.5187,0.539,0.3769,0.531,0.7472,0.6287,0.5982,0.3478,0.4098,0.5436,0.7882,0.4475,0.3185,0.3894,0.4515,0.3469,0.5282,0.4399,0.224,0.5591,0.3056,0.5363,0.4824,0.5853,0.6071,0.7353,0.5643,0.5669,0.5508,0.3908,0.3598,0.7932,0.3302,0.6062,0.4182,0.5393,0.4845,0.5888,0.4669,0.8848,0.3776,0.5397,0.4314,0.3643,0.4911,0.643,0.4742,0.5246,0.5582,0.3944,0.5474,0.535,0.4951,0.4871,0.3823,0.4802
stats_15.csv,15,possibility_per100_max,stats_15__possibility_per100_max,5.0,3.0,4.0,5.0,3.0,6.0,3.0,3.0,5.0,5.0,4.0,5.0,3.0,5.0,4.0,4.0,4.0,5.0,4.0,4.0,4.0,4.0,3.0,5.0,3.0,3.0,4.0,4.0,4.0,4.0,3.0,4.0,5.0,5.0,4.0,3.0,5.0,4.0,3.0,4.0,3.0,4.0,4.0,4.0,5.0,3.0,4.0,5.0,4.0,4.0,4.0,4.0,4.0,4.0,5.0,4.0,3.0,4.0,4.0,4.0,3.0,3.0,3.0,3.0,4.0,3.0,3.0,5.0,3.0,4.0,4.0,4.0,5.0,3.0,5.0,4.0,3.0,4.0,4.0,4.0,4.0,4.0,5.0,4.0,4.0,4.0,4.0,4.0,3.0,4.0,4.0,4.0,4.0,4.0,4.0,3.0,3.0,5.0,5.0,5.0
stats_15.csv,15,possibility_per100_min,stats_15__possibility_per100_min,0.0,0.0,0.0,0.0,0.0,0.0,0.0,0.0,0.0,0.0,0.0,0.0,0.0,0.0,0.0,0.0,0.0,0.0,0.0,0.0,0.0,0.0,0.0,0.0,0.0,0.0,0.0,0.0,0.0,0.0,0.0,0.0,0.0,0.0,0.0,0.0,0.0,0.0,0.0,0.0,0.0,0.0,0.0,0.0,0.0,0.0,0.0,0.0,0.0,0.0,0.0,0.0,0.0,0.0,0.0,0.0,0.0,0.0,0.0,0.0,0.0,0.0,0.0,0.0,0.0,0.0,0.0,0.0,0.0,0.0,0.0,0.0,0.0,0.0,0.0,0.0,0.0,0.0,0.0,0.0,0.0,0.0,0.0,0.0,0.0,0.0,0.0,0.0,0.0,0.0,0.0,0.0,0.0,0.0,0.0,0.0,0.0,0.0,0.0,0.0
stats_15.csv,15,possibility_per100_sd,stats_15__possibility_per100_sd,0.5619,0.6511,0.5806,0.8503,0.4992,0.838,0.5793,0.6036,0.8948,0.7297,0.7513,0.8538,0.5918,0.6294,0.7357,0.7265,0.7471,0.7291,0.758,0.7309,0.4916,0.7156,0.6875,0.7539,0.556,0.6304,0.7248,0.6804,0.7816,0.6897,0.7303,0.7294,0.7437,0.6439,0.6972,0.4522,0.546,0.68,0.6003,0.7654,0.5497,0.6533,0.644,0.5037,0.7187,0.7782,0.6668,0.7169,0.8936,0.7827,0.797,0.6116,0.6021,0.7458,0.8488,0.683,0.5534,0.7053,0.6705,0.6484,0.6673,0.6419,0.4859,0.6353,0.5553,0.6954,0.6862,0.8074,0.7178,0.799,0.735,0.7304,0.735,0.5748,0.6429,0.8982,0.5963,0.7591,0.6222,0.6979,0.6782,0.7626,0.7026,0.8355,0.6365,0.7668,0.6605,0.622,0.6651,0.83,0.7254,0.7109,0.7238,0.6388,0.7119,0.7185,0.6867,0.6864,0.6034,0.7038
stats_15.csv,15,predictive_per100_avg,stats_15__predictive_per100_avg,0.2895,0.6658,0.2233,0.7912,0.5117,0.5335,0.3586,0.5312,0.4237,0.4498,0.6015,0.7327,0.4607,0.392,0.7254,0.3824,0.5399,0.6893,0.7433,0.4587,0.3653,0.3197,0.6913,0.1435,0.32,0.3734,0.6437,0.6258,0.7231,0.4231,0.5185,0.4419,0.3835,0.472,0.5814,0.2944,0.3946,0.429,0.8272,0.4937,0.4143,0.9751,0.542,0.3536,0.8252,0.5276,0.2553,0.4574,0.7807,0.498,0.8239,0.5686,0.459,0.5638,0.6613,0.3049,0.372,0.4251,0.6523,0.5924,0.4029,0.7078,0.2902,0.3515,0.3851,0.4927,0.3029,0.7582,0.6339,0.5594,0.6355,0.5589,0.5978,0.5017,0.493,0.8923,0.4469,0.6312,0.6456,0.3688,0.8087,0.6007,0.7291,0.8153,0.4898,0.724,0.7182,0.4382,0.3785,0.736,0.6062,0.5749,0.6415,0.5776,0.7256,0.7173,0.3067,0.3367,0.5005,0.612
stats_15.csv,15,predictive_per100_max,stats_15__predictive_per100_max,5.0,6.0,3.0,7.0,4.0,9.0,4.0,5.0,5.0,5.0,6.0,6.0,4.0,6.0,5.0,5.0,5.0,6.0,6.0,5.0,5.0,4.0,4.0,3.0,4.0,5.0,4.0,6.0,5.0,3.0,4.0,4.0,6.25,5.0,7.0,5.0,7.0,6.0,8.0,5.0,5.0,8.0,6.0,4.0,7.0,5.0,3.0,6.0,6.0,6.0,8.0,4.0,4.0,5.0,4.0,6.0,4.0,8.0,6.0,5.0,3.0,6.0,5.0,4.0,4.0,4.0,5.0,7.0,4.0,5.0,4.0,4.0,6.0,4.0,4.0,7.0,5.0,4.0,6.0,4.0,5.0,4.0,8.0,7.0,6.0,6.0,7.0,4.0,5.0,6.0,6.0,4.0,6.0,6.0,7.0,6.0,4.0,4.0,5.0,6.0
stats_15.csv,15,predictive_per100_min,stats_15__predictive_per100_min,0.0,0.0,0.0,0.0,0.0,0.0,0.0,0.0,0.0,0.0,0.0,0.0,0.0,0.0,0.0,0.0,0.0,0.0,0.0,0.0,0.0,0.0,0.0,0.0,0.0,0.0,0.0,0.0,0.0,0.0,0.0,0.0,0.0,0.0,0.0,0.0,0.0,0.0,0.0,0.0,0.0,0.0,0.0,0.0,0.0,0.0,0.0,0.0,0.0,0.0,0.0,0.0,0.0,0.0,0.0,0.0,0.0,0.0,0.0,0.0,0.0,0.0,0.0,0.0,0.0,0.0,0.0,0.0,0.0,0.0,0.0,0.0,0.0,0.0,0.0,0.0,0.0,0.0,0.0,0.0,0.0,0.0,0.0,0.0,0.0,0.0,0.0,0.0,0.0,0.0,0.0,0.0,0.0,0.0,0.0,0.0,0.0,0.0,0.0,0.0
stats_15.csv,15,predictive_per100_sd,stats_15__predictive_per100_sd,0.5767,0.8001,0.4794,1.0508,0.729,1.0078,0.5993,0.652,0.6922,0.7101,0.848,0.8754,0.7412,0.6797,0.8445,0.6648,0.8517,0.9339,0.8637,0.7076,0.665,0.635,0.8205,0.4064,0.6048,0.654,0.8285,0.8465,0.8691,0.6891,0.6976,0.7143,0.7051,0.7894,0.8947,0.5946,0.7646,0.7012,0.986,0.8126,0.6764,1.4545,0.726,0.5918,1.0473,0.8768,0.5361,0.729,1.024,0.7559,1.0405,0.8083,0.6352,0.7964,0.8554,0.606,0.6438,0.797,0.868,0.9119,0.6024,0.9058,0.6422,0.5706,0.6306,0.7269,0.6173,1.0757,0.7961,0.7389,0.8175,0.7781,0.806,0.751,0.713,1.0767,0.8109,0.8524,0.8598,0.6183,0.9119,0.8046,1.0742,0.9654,0.7726,0.9962,0.9599,0.6632,0.6824,1.0009,0.9128,0.8335,0.8946,0.9202,0.9026,0.9811,0.563,0.6236,0.738,0.9221
stats_15.csv,15,token_total,stats_15__token_total,266212.0,197709.0,49633.0,77088.0,145597.0,104545.0,212194.0,402037.0,99555.0,356771.0,207281.0,122669.0,105674.0,569627.0,118640.0,103524.0,130331.0,357476.0,86025.0,114807.0,116898.0,36591.0,63450.0,165732.0,99949.0,175035.0,59466.0,186671.0,321382.0,38901.0,26979.0,64433.0,181248.0,139674.0,181243.0,143977.0,560005.0,187164.0,189733.0,74857.0,117295.0,16856.0,133311.0,246561.0,179047.0,61542.0,65738.0,360014.0,26867.0,100131.0,431553.0,29833.0,179013.0,246674.0,161440.0,141632.0,78435.0,70022.0,247537.0,51575.0,102926.0,61559.0,102638.0,120820.0,216237.0,82538.0,62355.0,91346.0,22321.0,126156.0,102514.0,87405.0,232113.0,32495.0,50212.0,58419.0,84720.0,63920.0,465710.0,294139.0,190214.0,76587.0,80015.0,159648.0,235162.0,177895.0,268193.0,104220.0,78984.0,191593.0,93110.0,87451.0,139157.0,142902.0,71705.0,32843.0,126480.0,69585.0,308023.0,123626.0
stats_16.csv,16,chunk_count_used,stats_16__chunk_count_used,2663.0,1978.0,497.0,771.0,1456.0,1046.0,2122.0,4021.0,996.0,3568.0,2073.0,1227.0,1057.0,5697.0,1187.0,1036.0,1304.0,3575.0,861.0,1149.0,1169.0,366.0,635.0,1658.0,1000.0,1751.0,595.0,1867.0,3214.0,390.0,270.0,645.0,1813.0,1397.0,1813.0,1440.0,5601.0,1872.0,1898.0,749.0,1173.0,169.0,1334.0,2466.0,1791.0,616.0,658.0,3601.0,269.0,1002.0,4316.0,299.0,1791.0,2467.0,1615.0,1417.0,785.0,701.0,2476.0,516.0,1030.0,616.0,1027.0,1209.0,2163.0,826.0,624.0,914.0,224.0,1262.0,1026.0,875.0,2322.0,325.0,503.0,585.0,848.0,640.0,4658.0,2942.0,1903.0,766.0,801.0,1597.0,2352.0,1779.0,2682.0,1043.0,790.0,1916.0,932.0,875.0,1392.0,1430.0,718.0,329.0,1265.0,696.0,3081.0,1237.0
stats_16.csv,16,chunk_size_words,stats_16__chunk_size_words,100.0,100.0,100.0,100.0,100.0,100.0,100.0,100.0,100.0,100.0,100.0,100.0,100.0,100.0,100.0,100.0,100.0,100.0,100.0,100.0,100.0,100.0,100.0,100.0,100.0,100.0,100.0,100.0,100.0,100.0,100.0,100.0,100.0,100.0,100.0,100.0,100.0,100.0,100.0,100.0,100.0,100.0,100.0,100.0,100.0,100.0,100.0,100.0,100.0,100.0,100.0,100.0,100.0,100.0,100.0,100.0,100.0,100.0,100.0,100.0,100.0,100.0,100.0,100.0,100.0,100.0,100.0,100.0,100.0,100.0,100.0,100.0,100.0,100.0,100.0,100.0,100.0,100.0,100.0,100.0,100.0,100.0,100.0,100.0,100.0,100.0,100.0,100.0,100.0,100.0,100.0,100.0,100.0,100.0,100.0,100.0,100.0,100.0,100.0,100.0
stats_16.csv,16,private_cognition_per100_avg,stats_16__private_cognition_per100_avg,0.5321,0.6962,0.8571,1.1113,0.5811,0.7782,0.3761,0.5489,0.9046,0.9703,0.9986,1.0644,0.5254,0.7794,0.6302,0.888,0.6196,0.9801,0.784,0.6371,0.5475,0.6669,0.3843,0.544,0.312,0.514,0.9605,0.7542,0.9499,0.8385,1.163,0.9458,0.663,0.5848,0.9732,0.2194,0.4303,0.8862,0.6886,0.5948,0.5765,0.8922,1.0787,0.3009,0.7644,0.5406,0.6064,1.0025,1.3327,1.0359,1.0094,0.5351,0.4941,1.123,0.8811,0.6422,0.5656,0.8096,1.2084,0.6279,0.4524,1.2808,0.2356,0.6187,0.4882,0.3692,0.726,0.826,0.6339,0.8556,0.8674,0.7863,1.2382,0.4862,0.6044,0.694,0.6274,0.55,0.7557,0.7269,0.8061,1.1246,0.9064,1.2273,0.5753,0.9741,0.9124,0.8533,0.4873,0.9928,0.9635,0.6617,0.4768,0.7531,0.9819,0.7508,0.804,0.6051,0.5985,0.8003
stats_16.csv,16,private_cognition_per100_max,stats_16__private_cognition_per100_max,8.0,6.0,5.0,6.8182,6.0,8.0,6.0,7.0,7.0,12.0,9.0,6.0,6.0,10.0,5.0,7.0,7.0,9.0,5.0,6.0,5.0,4.0,4.0,6.0,3.0,5.0,7.0,7.0,7.0,5.0,6.0,6.0,7.0,6.0,7.0,4.0,6.0,8.0,5.0,5.0,7.0,4.0,12.0,4.0,6.0,4.0,8.0,7.0,6.0,8.0,9.0,4.0,8.0,8.0,8.0,6.0,5.0,8.0,8.0,5.0,4.0,8.0,3.0,6.0,5.0,4.0,5.0,8.0,5.0,6.0,6.0,8.0,9.0,3.0,5.0,9.0,6.0,5.0,7.0,7.0,6.0,7.0,7.0,8.0,6.0,9.0,8.0,5.0,6.0,7.0,8.0,6.0,5.0,7.0,9.0,7.0,6.0,4.0,5.0,8.0
stats_16.csv,16,private_cognition_per100_min,stats_16__private_cognition_per100_min,0.0,0.0,0.0,0.0,0.0,0.0,0.0,0.0,0.0,0.0,0.0,0.0,0.0,0.0,0.0,0.0,0.0,0.0,0.0,0.0,0.0,0.0,0.0,0.0,0.0,0.0,0.0,0.0,0.0,0.0,0.0,0.0,0.0,0.0,0.0,0.0,0.0,0.0,0.0,0.0,0.0,0.0,0.0,0.0,0.0,0.0,0.0,0.0,0.0,0.0,0.0,0.0,0.0,0.0,0.0,0.0,0.0,0.0,0.0,0.0,0.0,0.0,0.0,0.0,0.0,0.0,0.0,0.0,0.0,0.0,0.0,0.0,0.0,0.0,0.0,0.0,0.0,0.0,0.0,0.0,0.0,0.0,0.0,0.0,0.0,0.0,0.0,0.0,0.0,0.0,0.0,0.0,0.0,0.0,0.0,0.0,0.0,0.0,0.0,0.0
stats_16.csv,16,private_cognition_per100_sd,stats_16__private_cognition_per100_sd,0.9116,0.9812,1.0699,1.1924,0.8248,1.0704,0.698,0.8825,1.1948,1.2059,1.1736,1.1483,0.808,1.0912,0.8254,1.0695,0.9566,1.1709,1.0051,0.9411,0.8029,0.8862,0.6761,0.8981,0.5733,0.806,1.172,0.9413,1.1,1.0163,1.1782,1.1393,1.0256,0.9006,1.1578,0.4991,0.7448,1.1254,0.8585,0.8198,0.9214,0.9473,1.5711,0.5776,0.9681,0.8461,0.984,1.1055,1.4702,1.2254,1.1794,0.8585,0.8486,1.2143,1.1126,0.9046,0.7988,1.1667,1.2638,0.9344,0.7086,1.2447,0.4963,0.9036,0.7878,0.6568,0.9575,1.1165,0.9209,1.0013,1.0335,1.0855,1.348,0.7384,0.8876,1.1534,0.958,0.8239,0.9833,0.9423,0.9632,1.2459,1.0856,1.2593,0.8904,1.2805,1.122,1.0178,0.7741,1.103,1.1594,0.8943,0.7555,1.0097,1.1176,1.0249,1.0166,0.8063,0.8603,1.0893
stats_16.csv,16,public_reporting_per100_avg,stats_16__public_reporting_per100_avg,0.8139,0.3938,0.6801,1.1623,0.3743,0.5373,0.3572,1.145,2.746,1.0785,0.5794,0.7897,0.4626,0.8599,0.6327,1.473,0.8198,0.6288,1.2149,1.1671,0.5843,1.0027,0.5685,1.4584,0.28,0.5877,0.9244,0.5661,1.0404,0.5359,2.2111,0.8993,0.5058,0.8905,1.1224,0.2701,0.6242,1.0748,0.7734,0.2854,0.6078,1.5503,0.6297,1.1221,0.4478,0.5666,0.7842,1.1927,0.7806,0.6667,0.5623,0.6055,0.8414,0.9669,0.4811,0.4686,0.3185,1.6128,1.2835,0.8837,0.268,1.3355,0.3174,0.3623,0.3981,0.3196,0.3413,1.4739,0.4018,1.0711,0.7856,0.872,0.9488,1.1969,0.8337,2.1748,0.8632,0.4891,1.1939,0.535,0.763,0.5487,0.5593,0.7095,0.5972,1.6464,0.4821,0.6031,0.4709,1.3367,0.9968,0.5566,0.7162,0.3741,0.734,1.459,0.7652,0.8434,0.7072,0.5966
stats_16.csv,16,public_reporting_per100_max,stats_16__public_reporting_per100_max,15.0,4.0,4.0,7.0,6.0,7.0,5.0,9.0,13.0,8.0,6.0,6.0,6.0,8.0,4.0,8.0,6.0,7.0,6.0,8.0,5.0,5.0,4.0,8.0,3.0,5.0,6.0,5.0,10.0,4.0,8.0,6.0,15.0,7.0,8.0,3.0,11.0,8.0,5.0,4.0,5.0,6.0,8.0,7.0,7.0,7.0,6.0,7.0,5.0,8.0,6.0,4.0,20.0,7.0,5.0,5.0,3.0,8.0,9.0,8.0,5.0,9.0,3.0,6.0,5.0,4.0,3.0,9.0,5.0,8.0,8.0,5.0,6.0,5.0,8.3333,12.0,8.0,5.0,7.0,5.0,5.0,5.0,4.0,6.0,6.0,12.0,6.0,4.0,5.0,7.0,8.0,5.0,5.0,8.0,5.0,8.0,5.0,6.0,6.0,5.0
stats_16.csv,16,public_reporting_per100_min,stats_16__public_reporting_per100_min,0.0,0.0,0.0,0.0,0.0,0.0,0.0,0.0,0.0,0.0,0.0,0.0,0.0,0.0,0.0,0.0,0.0,0.0,0.0,0.0,0.0,0.0,0.0,0.0,0.0,0.0,0.0,0.0,0.0,0.0,0.0,0.0,0.0,0.0,0.0,0.0,0.0,0.0,0.0,0.0,0.0,0.0,0.0,0.0,0.0,0.0,0.0,0.0,0.0,0.0,0.0,0.0,0.0,0.0,0.0,0.0,0.0,0.0,0.0,0.0,0.0,0.0,0.0,0.0,0.0,0.0,0.0,0.0,0.0,0.0,0.0,0.0,0.0,0.0,0.0,0.0,0.0,0.0,0.0,0.0,0.0,0.0,0.0,0.0,0.0,0.0,0.0,0.0,0.0,0.0,0.0,0.0,0.0,0.0,0.0,0.0,0.0,0.0,0.0,0.0
stats_16.csv,16,public_reporting_per100_sd,stats_16__public_reporting_per100_sd,1.3491,0.6894,0.8723,1.3401,0.7086,0.9214,0.7018,1.3181,2.4879,1.2416,0.8527,0.9276,0.8096,1.1142,0.8074,1.3699,1.0319,0.8961,1.3143,1.3311,0.8466,1.1839,0.7631,1.4328,0.5381,0.8584,1.1665,0.7703,1.2001,0.8086,1.9408,1.2242,0.9777,1.157,1.4399,0.5257,0.8971,1.2721,0.8778,0.5778,0.843,1.3583,1.0678,1.1753,0.7505,0.9596,0.9639,1.32,1.0311,1.023,0.8689,0.8292,1.3857,1.0762,0.7601,0.7667,0.6103,1.7761,1.4189,1.1854,0.5863,1.4656,0.5639,0.7418,0.7054,0.6122,0.6049,1.5994,0.7375,1.308,0.9936,1.0753,1.0337,1.2421,1.1888,2.0844,1.3788,0.8459,1.2773,0.8282,0.9031,0.8133,0.7753,0.9185,0.8301,1.6779,0.7587,0.8167,0.8041,1.3282,1.4032,0.8944,0.8982,0.705,0.9632,1.4852,0.9598,1.1115,0.9624,0.8414
stats_16.csv,16,seem_appear_per100_avg,stats_16__seem_appear_per100_avg,0.2167,0.3316,0.4608,0.3424,0.2445,0.3977,0.3751,0.2096,0.5179,0.3893,0.4766,0.2689,0.2422,0.4128,0.2763,0.4846,0.3474,0.3396,0.5563,0.295,0.3901,0.4399,0.178,0.5133,0.188,0.3398,0.6589,0.4215,0.3958,0.5769,0.563,0.4729,0.2013,0.3078,0.6034,0.0729,0.1909,0.4829,0.2871,0.2523,0.3529,0.4662,0.3081,0.1334,0.2915,0.5308,0.3116,0.4243,0.2305,0.4681,0.3411,0.3145,0.1502,0.4495,0.5059,0.4079,0.2841,0.5036,0.3279,0.2384,0.2068,0.4427,0.1461,0.2184,0.227,0.3983,0.3542,0.453,0.4286,0.4311,0.2554,0.4663,0.4634,0.1385,0.2664,0.7778,0.2606,0.3078,0.3117,0.326,0.4735,0.4178,0.5131,0.3463,0.368,0.4295,0.3155,0.441,0.3506,0.3038,0.4442,0.2971,0.2371,0.2748,0.3983,0.4286,0.264,0.2816,0.2249,0.3953
stats_16.csv,16,seem_appear_per100_max,stats_16__seem_appear_per100_max,7.0,4.0,5.0,4.0,4.0,5.0,10.0,5.0,5.0,5.0,6.0,3.0,4.0,5.0,3.0,5.0,5.0,5.0,5.0,5.0,4.0,3.0,3.0,5.0,3.0,4.0,5.0,4.0,5.0,5.0,5.0,6.0,5.0,4.0,8.0,2.0,4.0,5.0,6.0,3.0,4.0,4.0,5.0,3.0,4.0,4.0,4.0,7.0,3.0,4.0,5.0,5.0,4.0,5.0,5.0,5.0,4.0,6.0,5.0,4.0,5.0,3.0,3.0,5.0,4.0,4.0,5.0,4.0,3.0,5.0,4.0,4.0,5.0,2.0,4.0,7.0,4.0,3.0,4.0,8.0,5.0,4.0,5.0,3.0,3.0,6.0,5.0,4.0,4.0,4.0,6.0,3.0,3.0,5.0,4.0,4.0,3.0,4.0,4.0,7.0
stats_16.csv,16,seem_appear_per100_min,stats_16__seem_appear_per100_min,0.0,0.0,0.0,0.0,0.0,0.0,0.0,0.0,0.0,0.0,0.0,0.0,0.0,0.0,0.0,0.0,0.0,0.0,0.0,0.0,0.0,0.0,0.0,0.0,0.0,0.0,0.0,0.0,0.0,0.0,0.0,0.0,0.0,0.0,0.0,0.0,0.0,0.0,0.0,0.0,0.0,0.0,0.0,0.0,0.0,0.0,0.0,0.0,0.0,0.0,0.0,0.0,0.0,0.0,0.0,0.0,0.0,0.0,0.0,0.0,0.0,0.0,0.0,0.0,0.0,0.0,0.0,0.0,0.0,0.0,0.0,0.0,0.0,0.0,0.0,0.0,0.0,0.0,0.0,0.0,0.0,0.0,0.0,0.0,0.0,0.0,0.0,0.0,0.0,0.0,0.0,0.0,0.0,0.0,0.0,0.0,0.0,0.0,0.0,0.0
stats_16.csv,16,seem_appear_per100_sd,stats_16__seem_appear_per100_sd,0.5286,0.611,0.7472,0.7035,0.5428,0.6563,0.7159,0.4988,0.8586,0.6701,0.7812,0.5396,0.5345,0.6987,0.5347,0.7778,0.6264,0.6584,0.7996,0.6348,0.6342,0.6363,0.447,0.7597,0.4155,0.6115,0.9508,0.6808,0.6525,0.8308,0.8659,0.8019,0.4935,0.5944,0.8493,0.2781,0.4707,0.7911,0.6118,0.5362,0.7019,0.7594,0.6939,0.3763,0.5778,0.7596,0.6178,0.7163,0.5163,0.7837,0.6501,0.666,0.427,0.7349,0.7773,0.6774,0.5773,0.8456,0.6468,0.509,0.5297,0.6385,0.4046,0.5306,0.5309,0.6263,0.7102,0.7803,0.7345,0.6972,0.5308,0.7137,0.7036,0.3952,0.6342,1.1118,0.5615,0.6077,0.5994,0.6275,0.733,0.7157,0.7413,0.6228,0.6254,0.7927,0.6067,0.6649,0.614,0.583,0.734,0.6277,0.5126,0.569,0.6923,0.7769,0.5228,0.5708,0.5093,0.6751
stats_16.csv,16,suasive_directive_per100_avg,stats_16__suasive_directive_per100_avg,0.1322,0.1603,0.2696,0.227,0.1676,0.065,0.0622,0.187,0.0771,0.1886,0.1901,0.1459,0.1202,0.2626,0.23,0.2761,0.0943,0.1863,0.3345,0.0601,0.1771,0.4044,0.1024,0.1719,0.055,0.1502,0.1891,0.1982,0.136,0.1359,0.1556,0.1674,0.2642,0.2319,0.1153,0.159,0.0973,0.1784,0.1296,0.1108,0.0887,0.3964,0.1222,0.1894,0.1776,0.0308,0.19,0.1508,0.0855,0.1557,0.1061,0.1271,0.0653,0.2193,0.1765,0.1157,0.1185,0.2882,0.1401,0.2965,0.1922,0.1623,0.1003,0.1026,0.1447,0.1005,0.0913,0.2254,0.1295,0.3138,0.1657,0.216,0.2687,0.1969,0.1829,0.0342,0.1781,0.1641,0.228,0.1893,0.2606,0.1149,0.161,0.1403,0.1747,0.2361,0.1943,0.2157,0.1089,0.3366,0.2886,0.1806,0.1573,0.121,0.1421,0.3374,0.1565,0.1092,0.1659,0.1116
stats_16.csv,16,suasive_directive_per100_max,stats_16__suasive_directive_per100_max,4.0,3.0,3.0,5.0,5.0,2.0,3.0,4.0,2.0,3.0,3.0,4.0,2.0,4.0,3.0,4.0,2.0,3.0,5.0,3.0,3.0,4.0,2.0,3.0,2.0,3.0,3.0,3.0,3.0,2.0,2.0,3.0,5.0,4.0,3.0,3.0,3.0,5.0,3.0,2.0,3.0,4.0,3.0,3.0,3.0,2.0,3.0,5.0,3.0,4.0,4.0,3.0,3.0,5.0,4.0,2.0,2.0,4.0,3.0,4.0,3.0,2.0,2.0,3.0,3.0,3.0,3.0,4.0,3.0,5.0,2.0,3.0,3.0,3.0,3.0,3.0,3.0,3.0,4.0,4.0,3.0,3.0,2.0,3.0,5.0,5.0,4.0,4.0,3.0,4.0,4.0,4.0,4.0,3.0,3.0,3.0,3.0,2.0,5.0,3.0
stats_16.csv,16,suasive_directive_per100_min,stats_16__suasive_directive_per100_min,0.0,0.0,0.0,0.0,0.0,0.0,0.0,0.0,0.0,0.0,0.0,0.0,0.0,0.0,0.0,0.0,0.0,0.0,0.0,0.0,0.0,0.0,0.0,0.0,0.0,0.0,0.0,0.0,0.0,0.0,0.0,0.0,0.0,0.0,0.0,0.0,0.0,0.0,0.0,0.0,0.0,0.0,0.0,0.0,0.0,0.0,0.0,0.0,0.0,0.0,0.0,0.0,0.0,0.0,0.0,0.0,0.0,0.0,0.0,0.0,0.0,0.0,0.0,0.0,0.0,0.0,0.0,0.0,0.0,0.0,0.0,0.0,0.0,0.0,0.0,0.0,0.0,0.0,0.0,0.0,0.0,0.0,0.0,0.0,0.0,0.0,0.0,0.0,0.0,0.0,0.0,0.0,0.0,0.0,0.0,0.0,0.0,0.0,0.0,0.0
stats_16.csv,16,suasive_directive_per100_sd,stats_16__suasive_directive_per100_sd,0.4044,0.411,0.5528,0.564,0.4456,0.2793,0.2639,0.4714,0.2841,0.4523,0.4581,0.3985,0.3476,0.549,0.4824,0.5821,0.3126,0.4549,0.6354,0.2749,0.4361,0.6977,0.3281,0.4182,0.2489,0.408,0.4746,0.4527,0.3943,0.3782,0.4193,0.4418,0.5774,0.511,0.3645,0.4087,0.3246,0.4578,0.3616,0.3424,0.3235,0.7475,0.394,0.463,0.4468,0.2071,0.4466,0.4233,0.3504,0.4374,0.3489,0.3887,0.2624,0.4875,0.4525,0.3474,0.3497,0.5897,0.4001,0.6251,0.4621,0.4183,0.3312,0.363,0.3916,0.3276,0.3296,0.5055,0.4078,0.6405,0.3996,0.4783,0.5445,0.4621,0.4616,0.2239,0.466,0.4433,0.5138,0.4633,0.5221,0.3575,0.4094,0.4039,0.4551,0.5483,0.4792,0.4782,0.3498,0.6078,0.5817,0.4629,0.4293,0.3607,0.4114,0.6275,0.3986,0.3426,0.4421,0.3489
stats_16.csv,16,token_total,stats_16__token_total,266212.0,197709.0,49633.0,77088.0,145597.0,104545.0,212194.0,402037.0,99555.0,356771.0,207281.0,122669.0,105674.0,569627.0,118640.0,103524.0,130331.0,357476.0,86025.0,114807.0,116898.0,36591.0,63450.0,165732.0,99949.0,175035.0,59466.0,186671.0,321382.0,38901.0,26979.0,64433.0,181248.0,139674.0,181243.0,143977.0,560005.0,187164.0,189733.0,74857.0,117295.0,16856.0,133311.0,246561.0,179047.0,61542.0,65738.0,360014.0,26867.0,100131.0,431553.0,29833.0,179013.0,246674.0,161440.0,141632.0,78435.0,70022.0,247537.0,51575.0,102926.0,61559.0,102638.0,120820.0,216237.0,82538.0,62355.0,91346.0,22321.0,126156.0,102514.0,87405.0,232113.0,32495.0,50212.0,58419.0,84720.0,63920.0,465710.0,294139.0,190214.0,76587.0,80015.0,159648.0,235162.0,177895.0,268193.0,104220.0,78984.0,191593.0,93110.0,87451.0,139157.0,142902.0,71705.0,32843.0,126480.0,69585.0,308023.0,123626.0
stats_17.csv,17,chunk_count_used,stats_17__chunk_count_used,2663.0,1978.0,497.0,771.0,1456.0,1046.0,2122.0,4021.0,996.0,3568.0,2073.0,1227.0,1057.0,5697.0,1187.0,1036.0,1304.0,3575.0,861.0,1149.0,1169.0,366.0,635.0,1658.0,1000.0,1751.0,595.0,1867.0,3214.0,390.0,270.0,645.0,1813.0,1397.0,1813.0,1440.0,5601.0,1872.0,1898.0,749.0,1173.0,169.0,1334.0,2466.0,1791.0,616.0,658.0,3601.0,269.0,1002.0,4316.0,299.0,1791.0,2467.0,1615.0,1417.0,785.0,701.0,2476.0,516.0,1030.0,616.0,1027.0,1209.0,2163.0,826.0,624.0,914.0,224.0,1262.0,1026.0,875.0,2322.0,325.0,503.0,585.0,848.0,640.0,4658.0,2942.0,1903.0,766.0,801.0,1597.0,2352.0,1779.0,2682.0,1043.0,790.0,1916.0,932.0,875.0,1392.0,1430.0,718.0,329.0,1265.0,696.0,3081.0,1237.0
stats_17.csv,17,chunk_size_words,stats_17__chunk_size_words,100.0,100.0,100.0,100.0,100.0,100.0,100.0,100.0,100.0,100.0,100.0,100.0,100.0,100.0,100.0,100.0,100.0,100.0,100.0,100.0,100.0,100.0,100.0,100.0,100.0,100.0,100.0,100.0,100.0,100.0,100.0,100.0,100.0,100.0,100.0,100.0,100.0,100.0,100.0,100.0,100.0,100.0,100.0,100.0,100.0,100.0,100.0,100.0,100.0,100.0,100.0,100.0,100.0,100.0,100.0,100.0,100.0,100.0,100.0,100.0,100.0,100.0,100.0,100.0,100.0,100.0,100.0,100.0,100.0,100.0,100.0,100.0,100.0,100.0,100.0,100.0,100.0,100.0,100.0,100.0,100.0,100.0,100.0,100.0,100.0,100.0,100.0,100.0,100.0,100.0,100.0,100.0,100.0,100.0,100.0,100.0,100.0,100.0,100.0,100.0
stats_17.csv,17,clause_coord_per100_avg,stats_17__clause_coord_per100_avg,0.3163,0.3332,0.3541,0.5447,0.215,0.3231,0.3445,0.1572,0.5502,0.5092,0.6721,0.2991,0.2243,0.3454,0.31,0.2114,0.7839,0.6804,0.4878,0.7111,0.5269,0.7268,0.3449,0.4964,0.268,0.4066,0.5849,0.2287,0.4194,0.3385,0.4667,0.7302,0.3095,0.3372,0.717,0.2062,0.2084,0.3798,0.2129,0.2069,0.3956,1.5431,0.4828,0.335,0.4606,0.4529,0.6231,0.2669,1.1041,0.497,0.6281,0.3645,0.0776,0.3447,0.2935,0.4877,0.3361,0.2767,0.7561,0.7597,0.1748,0.2224,0.2045,0.1878,0.3116,0.2797,0.6603,0.4365,0.3438,0.5468,0.3294,0.5131,0.3781,0.1785,0.6382,0.8496,0.4222,0.6547,0.3409,0.5926,0.2018,0.8461,0.3945,0.2348,0.5242,0.8499,0.4974,0.3116,0.4131,0.4812,0.4624,0.4869,0.4088,0.4224,0.4596,0.5745,0.6162,0.4555,0.2413,0.7234
stats_17.csv,17,clause_coord_per100_max,stats_17__clause_coord_per100_max,8.3333,3.0,3.0,5.0,2.0,4.0,4.0,3.0,6.0,4.0,6.0,4.0,4.0541,7.0,3.0,3.0,5.0,5.0,3.0,4.0,3.0,3.0,2.0,5.0,4.0,4.0,4.0,3.0,5.0,3.0,4.0,4.0,7.0,3.0,5.0,2.0,6.0,4.0,3.0,2.0,4.0,6.0,6.0,4.0,4.0,4.0,4.0,5.0,5.0,4.0,5.0,2.0,6.0,4.0,4.0,5.0,3.0,4.0,7.0,5.0,2.0,2.0,2.0,3.0,3.0,3.0,4.0,5.0,3.0,3.0,4.0,4.0,4.0,4.0,4.0,5.0,4.0,4.0,4.0,6.0,3.0,4.0,5.0,3.0,4.0,6.0,4.0,4.0,4.0,5.0,3.0,4.0,4.0,4.0,3.0,5.0,5.0,3.0,4.3478,5.0
stats_17.csv,17,clause_coord_per100_min,stats_17__clause_coord_per100_min,0.0,0.0,0.0,0.0,0.0,0.0,0.0,0.0,0.0,0.0,0.0,0.0,0.0,0.0,0.0,0.0,0.0,0.0,0.0,0.0,0.0,0.0,0.0,0.0,0.0,0.0,0.0,0.0,0.0,0.0,0.0,0.0,0.0,0.0,0.0,0.0,0.0,0.0,0.0,0.0,0.0,0.0,0.0,0.0,0.0,0.0,0.0,0.0,0.0,0.0,0.0,0.0,0.0,0.0,0.0,0.0,0.0,0.0,0.0,0.0,0.0,0.0,0.0,0.0,0.0,0.0,0.0,0.0,0.0,0.0,0.0,0.0,0.0,0.0,0.0,0.0,0.0,0.0,0.0,0.0,0.0,0.0,0.0,0.0,0.0,0.0,0.0,0.0,0.0,0.0,0.0,0.0,0.0,0.0,0.0,0.0,0.0,0.0,0.0,0.0
stats_17.csv,17,clause_coord_per100_sd,stats_17__clause_coord_per100_sd,0.6418,0.5578,0.5561,0.7667,0.4399,0.5674,0.5814,0.3998,0.8168,0.7157,0.8756,0.5789,0.5075,0.6262,0.5761,0.482,0.8922,0.8169,0.6723,0.8417,0.7303,0.7765,0.552,0.7483,0.518,0.628,0.7609,0.4906,0.6376,0.6104,0.6588,0.8455,0.6159,0.5777,0.8395,0.4486,0.4898,0.6266,0.4591,0.4368,0.6373,1.1609,0.7534,0.6145,0.7053,0.6774,0.8384,0.5276,1.0258,0.7053,0.8293,0.5877,0.3065,0.589,0.5701,0.7288,0.5956,0.5581,0.8807,0.847,0.4069,0.4638,0.4336,0.4514,0.5705,0.5506,0.8165,0.7592,0.5921,0.6642,0.566,0.7208,0.6295,0.5425,0.8438,1.0184,0.6858,0.7813,0.6042,0.7633,0.4565,0.8503,0.6154,0.5011,0.6958,1.0005,0.7038,0.5707,0.6721,0.7276,0.69,0.6867,0.6611,0.6726,0.6762,0.869,0.8411,0.6808,0.4916,0.8579
stats_17.csv,17,phrasal_coord_per100_avg,stats_17__phrasal_coord_per100_avg,2.5017,2.1249,2.6398,1.9222,2.7748,2.4111,2.5962,3.7083,2.6644,2.9863,2.8596,2.1891,3.1353,3.4752,3.3328,2.3485,3.435,2.645,2.1661,4.5239,2.5167,2.5328,4.1591,2.7264,1.916,2.711,3.2471,3.3034,2.1447,2.6103,2.7148,3.093,2.6338,3.0189,2.6759,3.1453,2.5369,3.0182,1.5506,3.7747,3.4546,1.2473,4.3763,4.8224,2.1046,3.3448,2.5942,2.7156,3.6189,2.9426,2.9381,2.699,3.1295,2.5156,2.9616,2.1221,2.5325,2.7675,2.4752,2.9994,3.7612,2.9357,3.3823,3.751,2.5405,2.8935,3.0651,2.8603,2.8571,2.3366,2.6579,2.1851,1.7468,2.7297,2.5467,2.6222,3.4163,2.8469,2.4951,2.689,3.9527,1.6777,2.3608,2.352,3.1003,2.76,2.572,2.628,3.6068,1.9239,3.1234,2.3816,2.7319,3.0252,3.5376,3.1408,2.4658,3.1904,3.2341,3.0388
stats_17.csv,17,phrasal_coord_per100_max,stats_17__phrasal_coord_per100_max,58.0,18.0,13.0,11.0,28.0,14.0,18.0,23.0,31.0,15.0,12.0,13.0,15.0,24.0,10.0,9.0,16.0,15.0,9.0,21.0,12.0,9.0,13.0,18.0,9.0,19.0,15.0,15.0,12.0,11.0,10.0,15.0,19.0,14.0,15.0,13.0,24.0,12.0,8.0,10.0,17.0,6.0,50.0,30.0,14.0,11.0,16.0,19.0,13.0,16.0,16.0,12.0,51.0,10.0,13.0,28.0,15.0,13.0,14.0,10.0,45.0,14.0,11.0,27.0,31.0,10.0,10.0,21.0,9.0,10.0,11.0,10.0,9.0,14.0,22.0,12.0,14.0,11.0,20.0,19.0,18.0,9.0,25.0,14.0,14.0,17.0,16.0,11.0,24.0,23.0,23.0,17.0,24.0,16.0,11.0,16.0,13.0,11.0,18.0,11.0
stats_17.csv,17,phrasal_coord_per100_min,stats_17__phrasal_coord_per100_min,0.0,0.0,0.0,0.0,0.0,0.0,0.0,0.0,0.0,0.0,0.0,0.0,0.0,0.0,0.0,0.0,0.0,0.0,0.0,0.0,0.0,0.0,0.0,0.0,0.0,0.0,0.0,0.0,0.0,0.0,0.0,0.0,0.0,0.0,0.0,0.0,0.0,0.0,0.0,0.0,0.0,0.0,0.0,0.0,0.0,0.0,0.0,0.0,0.0,0.0,0.0,0.0,0.0,0.0,0.0,0.0,0.0,0.0,0.0,0.0,0.0,0.0,0.0,0.0,0.0,0.0,0.0,0.0,0.0,0.0,0.0,0.0,0.0,0.0,0.0,0.0,0.0,0.0,0.0,0.0,0.0,0.0,0.0,0.0,0.0,0.0,0.0,0.0,0.0,0.0,0.0,0.0,0.0,0.0,0.0,0.0,0.0,0.0,0.0,0.0
stats_17.csv,17,phrasal_coord_per100_sd,stats_17__phrasal_coord_per100_sd,3.1284,2.1454,1.7697,1.6295,2.1064,2.0003,2.0226,2.9578,2.5171,1.9992,1.9625,1.7186,2.4683,2.1959,2.0184,1.6117,2.121,1.8139,1.5851,3.2828,1.9112,1.6979,2.2515,2.3763,1.5391,2.0454,2.857,2.2446,1.6478,1.9915,1.9503,2.5707,2.1574,1.9625,2.1639,1.9877,2.3117,2.0119,1.2701,1.9195,2.3314,1.2529,4.8455,3.3785,1.8338,2.0482,2.2579,1.9174,2.1756,2.1986,2.0103,1.8241,3.2778,1.8156,1.9386,2.3104,1.9985,2.2928,1.8266,1.8874,3.1421,2.0112,1.9758,2.7973,2.3661,1.8584,1.9496,2.3218,1.7921,1.7044,1.8525,1.6353,1.4655,2.0048,2.201,2.0329,2.209,1.9546,1.9449,2.051,2.3242,1.4929,2.1249,1.9619,2.0847,2.28,1.819,1.8081,2.8648,1.612,2.3426,1.861,2.1721,2.1124,2.0827,2.4797,1.9193,1.9524,2.2305,1.6696
stats_17.csv,17,token_total,stats_17__token_total,266212.0,197709.0,49633.0,77088.0,145597.0,104545.0,212194.0,402037.0,99555.0,356771.0,207281.0,122669.0,105674.0,569627.0,118640.0,103524.0,130331.0,357476.0,86025.0,114807.0,116898.0,36591.0,63450.0,165732.0,99949.0,175035.0,59466.0,186671.0,321382.0,38901.0,26979.0,64433.0,181248.0,139674.0,181243.0,143977.0,560005.0,187164.0,189733.0,74857.0,117295.0,16856.0,133311.0,246561.0,179047.0,61542.0,65738.0,360014.0,26867.0,100131.0,431553.0,29833.0,179013.0,246674.0,161440.0,141632.0,78435.0,70022.0,247537.0,51575.0,102926.0,61559.0,102638.0,120820.0,216237.0,82538.0,62355.0,91346.0,22321.0,126156.0,102514.0,87405.0,232113.0,32495.0,50212.0,58419.0,84720.0,63920.0,465710.0,294139.0,190214.0,76587.0,80015.0,159648.0,235162.0,177895.0,268193.0,104220.0,78984.0,191593.0,93110.0,87451.0,139157.0,142902.0,71705.0,32843.0,126480.0,69585.0,308023.0,123626.0
stats_18.csv,18,analytic_negation_per100_avg,stats_18__analytic_negation_per100_avg,0.6166,0.9075,0.9195,1.9292,0.8517,1.087,0.697,0.768,1.6416,1.2396,1.2508,1.2804,0.6825,0.9602,1.214,1.3629,0.9471,1.2888,1.2485,1.2585,0.775,1.0137,0.6315,1.0754,0.828,0.8184,0.9008,0.9936,1.1367,1.0103,1.1667,0.8543,1.1479,0.8411,1.0375,0.3937,0.8061,0.9193,0.8852,0.7714,0.7298,1.3609,1.0968,0.5109,1.3389,0.9318,0.8404,0.9497,1.0557,1.5591,1.4036,0.7793,0.6354,1.2821,0.9898,0.8872,0.6879,1.5264,1.3223,0.9231,0.6019,1.4351,0.3505,0.6973,0.7138,0.7203,1.5561,1.5777,0.9643,1.3772,1.3226,0.9463,1.5039,0.8465,0.8847,1.7402,0.684,1.0234,0.8821,1.0624,1.2533,1.1964,1.216,1.3431,0.8907,1.249,1.2633,0.9118,0.581,0.8341,1.2811,1.0914,0.8513,1.0049,1.0209,1.1135,1.1051,0.8264,0.8231,1.0768
stats_18.csv,18,analytic_negation_per100_max,stats_18__analytic_negation_per100_max,5.0,6.0,5.0,8.0,5.0,8.0,4.0,4.0,9.0,7.0,6.0,5.0,5.0,7.0,6.0,6.0,6.0,7.0,7.0,5.0,5.0,5.0,3.0,7.0,5.0,5.0,5.0,6.0,5.0,4.0,5.0,5.0,8.0,5.0,8.0,4.0,6.0,6.0,4.0,4.0,6.0,6.0,18.1818,4.0,8.0,6.0,4.0,6.0,6.0,8.0,9.0,5.0,3.0,6.0,5.0,5.0,4.0,7.0,8.0,4.0,3.0,7.0,3.0,3.0,5.0,5.0,7.0,11.0,4.0,6.0,5.0,5.0,8.0,4.0,5.0,7.0,5.0,5.0,5.0,6.0,7.0,5.0,9.0,6.0,7.0,8.0,7.0,6.0,4.0,6.0,7.0,5.0,6.0,6.0,5.0,6.0,6.0,5.0,6.0,6.0
stats_18.csv,18,analytic_negation_per100_min,stats_18__analytic_negation_per100_min,0.0,0.0,0.0,0.0,0.0,0.0,0.0,0.0,0.0,0.0,0.0,0.0,0.0,0.0,0.0,0.0,0.0,0.0,0.0,0.0,0.0,0.0,0.0,0.0,0.0,0.0,0.0,0.0,0.0,0.0,0.0,0.0,0.0,0.0,0.0,0.0,0.0,0.0,0.0,0.0,0.0,0.0,0.0,0.0,0.0,0.0,0.0,0.0,0.0,0.0,0.0,0.0,0.0,0.0,0.0,0.0,0.0,0.0,0.0,0.0,0.0,0.0,0.0,0.0,0.0,0.0,0.0,0.0,0.0,0.0,0.0,0.0,0.0,0.0,0.0,0.0,0.0,0.0,0.0,0.0,0.0,0.0,0.0,0.0,0.0,0.0,0.0,0.0,0.0,0.0,0.0,0.0,0.0,0.0,0.0,0.0,0.0,0.0,0.0,0.0
stats_18.csv,18,analytic_negation_per100_sd,stats_18__analytic_negation_per100_sd,0.8207,0.8875,0.9856,1.3184,0.8644,1.1075,0.8255,0.7238,1.3529,1.1054,1.0888,1.0488,0.8182,0.9609,1.0053,1.1573,1.0564,1.1104,1.0206,1.0539,0.8303,0.9792,0.7206,1.1726,0.8628,0.8955,0.9866,0.9332,0.9848,0.9999,1.0101,0.927,1.1692,0.984,1.1208,0.6301,0.9142,0.9351,0.881,0.8565,0.8579,1.2235,1.1676,0.677,1.1627,1.0699,1.0108,0.9474,1.0527,1.3169,1.2494,0.8874,0.6696,1.0599,0.9593,0.9181,0.784,1.4729,1.1585,0.9595,0.6903,1.2388,0.5819,0.6993,0.8333,0.8483,1.2785,1.5504,0.8755,1.0306,1.0551,0.9577,1.2155,0.909,0.9152,1.3753,0.9133,1.016,0.898,0.9179,1.0907,1.0562,1.2679,1.0354,0.9695,1.2721,1.0765,0.9663,0.7065,0.9626,1.1803,1.0269,0.885,1.0868,0.9636,1.2248,1.071,0.9301,0.8962,1.069
stats_18.csv,18,chunk_count_used,stats_18__chunk_count_used,2663.0,1978.0,497.0,771.0,1456.0,1046.0,2122.0,4021.0,996.0,3568.0,2073.0,1227.0,1057.0,5697.0,1187.0,1036.0,1304.0,3575.0,861.0,1149.0,1169.0,366.0,635.0,1658.0,1000.0,1751.0,595.0,1867.0,3214.0,390.0,270.0,645.0,1813.0,1397.0,1813.0,1440.0,5601.0,1872.0,1898.0,749.0,1173.0,169.0,1334.0,2466.0,1791.0,616.0,658.0,3601.0,269.0,1002.0,4316.0,299.0,1791.0,2467.0,1615.0,1417.0,785.0,701.0,2476.0,516.0,1030.0,616.0,1027.0,1209.0,2163.0,826.0,624.0,914.0,224.0,1262.0,1026.0,875.0,2322.0,325.0,503.0,585.0,848.0,640.0,4658.0,2942.0,1903.0,766.0,801.0,1597.0,2352.0,1779.0,2682.0,1043.0,790.0,1916.0,932.0,875.0,1392.0,1430.0,718.0,329.0,1265.0,696.0,3081.0,1237.0
stats_18.csv,18,chunk_size_words,stats_18__chunk_size_words,100.0,100.0,100.0,100.0,100.0,100.0,100.0,100.0,100.0,100.0,100.0,100.0,100.0,100.0,100.0,100.0,100.0,100.0,100.0,100.0,100.0,100.0,100.0,100.0,100.0,100.0,100.0,100.0,100.0,100.0,100.0,100.0,100.0,100.0,100.0,100.0,100.0,100.0,100.0,100.0,100.0,100.0,100.0,100.0,100.0,100.0,100.0,100.0,100.0,100.0,100.0,100.0,100.0,100.0,100.0,100.0,100.0,100.0,100.0,100.0,100.0,100.0,100.0,100.0,100.0,100.0,100.0,100.0,100.0,100.0,100.0,100.0,100.0,100.0,100.0,100.0,100.0,100.0,100.0,100.0,100.0,100.0,100.0,100.0,100.0,100.0,100.0,100.0,100.0,100.0,100.0,100.0,100.0,100.0,100.0,100.0,100.0,100.0,100.0,100.0
stats_18.csv,18,synthetic_negation_per100_avg,stats_18__synthetic_negation_per100_avg,0.0886,0.1395,0.1529,0.0934,0.2397,0.1702,0.1131,0.1353,0.1014,0.215,0.2142,0.2241,0.1202,0.1989,0.171,0.1313,0.1173,0.2084,0.1905,0.0879,0.1959,0.2295,0.1575,0.0869,0.109,0.1593,0.2286,0.1575,0.1739,0.2308,0.2259,0.2186,0.1682,0.2265,0.1517,0.0382,0.2384,0.1715,0.1997,0.1175,0.1253,0.3314,0.0765,0.1152,0.2529,0.1753,0.1261,0.1775,0.197,0.2545,0.1884,0.2308,0.1279,0.2213,0.1659,0.1595,0.1312,0.1041,0.1369,0.1647,0.134,0.1396,0.0867,0.1447,0.1267,0.1501,0.141,0.1586,0.1384,0.2029,0.2407,0.2743,0.2222,0.2,0.169,0.1111,0.0884,0.2266,0.178,0.2172,0.1361,0.1606,0.161,0.2185,0.1594,0.2608,0.2271,0.1572,0.2595,0.1409,0.1609,0.2571,0.1983,0.2,0.1184,0.1854,0.1518,0.1595,0.0951,0.1811
stats_18.csv,18,synthetic_negation_per100_max,stats_18__synthetic_negation_per100_max,2.0,3.0,2.0,4.0,2.0,3.0,3.0,2.0,2.0,3.0,4.0,2.0,3.0,4.0,2.0,4.0,3.0,3.0,2.0,2.0,2.0,2.0,2.0,3.0,2.0,3.0,3.0,3.0,2.0,3.0,3.0,4.0,3.0,2.0,2.0,2.0,4.0,3.0,3.0,2.0,2.0,4.0,2.0,4.0,3.0,3.0,3.0,3.0,4.0,3.0,4.0,2.0,2.0,3.0,4.0,3.0,2.0,3.0,3.0,3.0,2.0,2.0,2.0,3.0,2.0,2.0,2.0,4.0,2.0,5.0,2.0,4.0,3.0,2.0,2.0,2.0,2.0,3.0,3.0,3.0,3.0,3.0,3.0,3.0,3.0,5.0,3.0,2.0,3.0,3.0,3.0,3.0,3.0,2.0,2.0,4.0,3.0,2.0,2.0,4.0
stats_18.csv,18,synthetic_negation_per100_min,stats_18__synthetic_negation_per100_min,0.0,0.0,0.0,0.0,0.0,0.0,0.0,0.0,0.0,0.0,0.0,0.0,0.0,0.0,0.0,0.0,0.0,0.0,0.0,0.0,0.0,0.0,0.0,0.0,0.0,0.0,0.0,0.0,0.0,0.0,0.0,0.0,0.0,0.0,0.0,0.0,0.0,0.0,0.0,0.0,0.0,0.0,0.0,0.0,0.0,0.0,0.0,0.0,0.0,0.0,0.0,0.0,0.0,0.0,0.0,0.0,0.0,0.0,0.0,0.0,0.0,0.0,0.0,0.0,0.0,0.0,0.0,0.0,0.0,0.0,0.0,0.0,0.0,0.0,0.0,0.0,0.0,0.0,0.0,0.0,0.0,0.0,0.0,0.0,0.0,0.0,0.0,0.0,0.0,0.0,0.0,0.0,0.0,0.0,0.0,0.0,0.0,0.0,0.0,0.0
stats_18.csv,18,synthetic_negation_per100_sd,stats_18__synthetic_negation_per100_sd,0.2946,0.3718,0.3816,0.3403,0.4727,0.4259,0.3355,0.3611,0.3243,0.461,0.4622,0.4633,0.3449,0.4527,0.4128,0.3756,0.3492,0.4646,0.4321,0.2922,0.4418,0.4638,0.3853,0.314,0.3303,0.4031,0.4969,0.3939,0.4151,0.4941,0.4603,0.4921,0.416,0.4659,0.3939,0.1988,0.4907,0.416,0.4302,0.3382,0.3462,0.6502,0.2822,0.346,0.4959,0.4246,0.387,0.4175,0.4899,0.5306,0.4416,0.4807,0.3454,0.4769,0.4205,0.4132,0.3414,0.3365,0.3763,0.4106,0.3546,0.3693,0.3014,0.3746,0.3476,0.3802,0.3704,0.4438,0.3703,0.4643,0.4852,0.5173,0.4674,0.4368,0.4198,0.3454,0.3154,0.4746,0.4148,0.4636,0.368,0.4011,0.4124,0.4713,0.4036,0.5734,0.4834,0.3992,0.5227,0.3698,0.4116,0.4936,0.4447,0.4463,0.3357,0.4536,0.3965,0.4105,0.3106,0.4508
stats_18.csv,18,token_total,stats_18__token_total,266212.0,197709.0,49633.0,77088.0,145597.0,104545.0,212194.0,402037.0,99555.0,356771.0,207281.0,122669.0,105674.0,569627.0,118640.0,103524.0,130331.0,357476.0,86025.0,114807.0,116898.0,36591.0,63450.0,165732.0,99949.0,175035.0,59466.0,186671.0,321382.0,38901.0,26979.0,64433.0,181248.0,139674.0,181243.0,143977.0,560005.0,187164.0,189733.0,74857.0,117295.0,16856.0,133311.0,246561.0,179047.0,61542.0,65738.0,360014.0,26867.0,100131.0,431553.0,29833.0,179013.0,246674.0,161440.0,141632.0,78435.0,70022.0,247537.0,51575.0,102926.0,61559.0,102638.0,120820.0,216237.0,82538.0,62355.0,91346.0,22321.0,126156.0,102514.0,87405.0,232113.0,32495.0,50212.0,58419.0,84720.0,63920.0,465710.0,294139.0,190214.0,76587.0,80015.0,159648.0,235162.0,177895.0,268193.0,104220.0,78984.0,191593.0,93110.0,87451.0,139157.0,142902.0,71705.0,32843.0,126480.0,69585.0,308023.0,123626.0
stats_19.csv,19,chunk_count_used,stats_19__chunk_count_used,2632.0,1963.0,492.0,764.0,1439.0,1032.0,2098.0,3986.0,987.0,3540.0,2054.0,1219.0,1045.0,5642.0,1179.0,1026.0,1292.0,3533.0,855.0,1136.0,1156.0,362.0,629.0,1637.0,990.0,1732.0,589.0,1852.0,3194.0,386.0,267.0,639.0,1795.0,1383.0,1801.0,1432.0,5509.0,1858.0,1872.0,744.0,1161.0,166.0,1314.0,2432.0,1774.0,611.0,646.0,3576.0,267.0,989.0,4289.0,295.0,1767.0,2444.0,1604.0,1402.0,776.0,693.0,2453.0,509.0,1013.0,611.0,1022.0,1190.0,2138.0,821.0,620.0,905.0,222.0,1255.0,1018.0,864.0,2304.0,320.0,495.0,580.0,841.0,632.0,4597.0,2911.0,1887.0,757.0,793.0,1585.0,2328.0,1759.0,2652.0,1034.0,780.0,1903.0,924.0,865.0,1377.0,1418.0,711.0,326.0,1244.0,688.0,3056.0,1223.0
stats_19.csv,19,chunk_size_words,stats_19__chunk_size_words,100.0,100.0,100.0,100.0,100.0,100.0,100.0,100.0,100.0,100.0,100.0,100.0,100.0,100.0,100.0,100.0,100.0,100.0,100.0,100.0,100.0,100.0,100.0,100.0,100.0,100.0,100.0,100.0,100.0,100.0,100.0,100.0,100.0,100.0,100.0,100.0,100.0,100.0,100.0,100.0,100.0,100.0,100.0,100.0,100.0,100.0,100.0,100.0,100.0,100.0,100.0,100.0,100.0,100.0,100.0,100.0,100.0,100.0,100.0,100.0,100.0,100.0,100.0,100.0,100.0,100.0,100.0,100.0,100.0,100.0,100.0,100.0,100.0,100.0,100.0,100.0,100.0,100.0,100.0,100.0,100.0,100.0,100.0,100.0,100.0,100.0,100.0,100.0,100.0,100.0,100.0,100.0,100.0,100.0,100.0,100.0,100.0,100.0,100.0,100.0
stats_19.csv,19,letters_per_word_avg,stats_19__letters_per_word_avg,4.3965,4.3043,4.1351,3.7104,4.4458,4.3994,4.3736,4.1271,3.7788,4.2585,4.1881,4.3697,4.3731,4.3948,4.1783,4.0075,4.0609,4.1385,4.0414,3.6401,4.3226,3.979,4.0227,3.796,4.1785,4.3849,4.241,4.1701,4.322,4.1937,3.9422,4.3401,4.366,4.3866,4.0407,4.3902,4.3966,4.0501,4.3086,4.4142,4.026,4.0107,4.2205,4.2418,4.1611,4.162,4.434,4.0773,3.8002,3.9969,4.1741,4.399,4.2817,4.2095,3.941,4.4432,4.4394,3.8292,4.084,4.1409,4.3404,3.9996,4.3452,3.9458,4.4235,4.5126,3.8387,3.8131,4.1768,4.0929,4.2759,4.3414,4.1452,4.3468,4.253,3.7412,4.2267,4.0499,4.3471,4.4912,4.0421,4.1853,4.1295,4.2672,4.3131,4.0005,4.3168,4.3169,4.3033,4.29,3.9393,4.3187,4.4046,4.2429,3.9934,4.087,4.2672,3.9204,4.3078,4.0449
stats_19.csv,19,letters_per_word_max,stats_19__letters_per_word_max,6.59,5.36,5.09,4.65,5.4516,5.57,5.38,5.13,5.02,5.45,5.41,5.45,5.4,5.54,5.18,5.09,5.28,5.31,4.99,4.65,5.41,4.92,4.71,4.91,4.75,5.68,4.99,5.4,5.69,5.06,4.64,5.39,5.54,5.33,5.26,5.18,5.82,5.12,5.21,5.23,5.02,4.77,5.38,5.39,5.73,4.97,5.48,5.18,4.42,4.97,5.53,5.11,6.4,5.38,4.96,6.57,5.32,4.78,5.7,4.8,5.78,4.82,5.7143,4.78,6.07,5.57,4.91,4.92,4.88,5.08,5.1,5.56,5.13,5.03,5.26,4.83,5.17,5.24,5.71,5.55,5.31,5.1,5.68,5.36,5.52,5.05,5.58,5.29,5.23,5.38,5.23,5.46,5.38,5.58,5.01,4.96,5.81,4.63,5.3,5.25
stats_19.csv,19,letters_per_word_min,stats_19__letters_per_word_min,2.35,3.34,3.32,3.1,3.69,3.0,3.25,3.33,3.07,3.14,3.25,3.43,3.43,3.31,3.16,3.03,3.22,3.12,3.34,2.92,3.48,3.24,3.37,2.84,3.6,3.23,3.57,3.18,3.17,3.41,3.26,3.45,3.2,3.13,3.17,3.81,3.22,3.15,3.42,3.73,3.12,3.37,3.09,3.41,3.04,3.18,3.53,3.18,3.28,3.06,3.18,3.52,3.11,3.25,3.03,3.44,3.57,2.82,3.05,3.44,3.38,3.15,3.81,3.23,3.38,3.61,3.15,2.9,3.51,3.33,3.32,3.43,3.14,3.72,3.24,2.88,3.45,3.25,3.45,3.2,3.05,3.31,3.33,3.38,2.95,3.14,3.25,3.38,3.57,3.44,3.03,3.45,3.33,3.14,3.24,3.27,3.27,3.0,3.32,3.3
stats_19.csv,19,letters_per_word_sd,stats_19__letters_per_word_sd,0.4856,0.2846,0.3053,0.2337,0.2693,0.3502,0.3329,0.2642,0.3175,0.3265,0.3406,0.3022,0.2951,0.3112,0.3113,0.3238,0.2918,0.3494,0.2714,0.2587,0.2683,0.2718,0.2335,0.3299,0.1772,0.3294,0.2486,0.2997,0.3359,0.285,0.2278,0.2718,0.3659,0.2971,0.3228,0.1978,0.3279,0.2739,0.2603,0.2548,0.2855,0.2665,0.3137,0.2821,0.3652,0.2735,0.3364,0.2926,0.2117,0.3218,0.344,0.2578,0.3177,0.3337,0.2788,0.3284,0.3107,0.3075,0.3237,0.2379,0.313,0.2648,0.1832,0.2554,0.3027,0.2739,0.2686,0.2927,0.223,0.2739,0.2965,0.295,0.3504,0.281,0.3067,0.3065,0.29,0.2833,0.293,0.3088,0.3415,0.2466,0.3198,0.3032,0.3235,0.2628,0.3556,0.3161,0.2507,0.2748,0.298,0.312,0.3231,0.3769,0.2556,0.2494,0.4172,0.2723,0.2905,0.258
stats_19.csv,19,sentence_total_used,stats_19__sentence_total_used,25802.0,6922.0,3523.0,7468.0,6970.0,7303.0,10724.0,11726.0,9989.0,22985.0,16174.0,6557.0,5876.0,35569.0,7374.0,8166.0,9010.0,26396.0,4492.0,6397.0,7580.0,2581.0,2598.0,17550.0,5367.0,9652.0,3478.0,10310.0,16634.0,2768.0,1591.0,4117.0,13225.0,10104.0,14714.0,7815.0,37695.0,10273.0,12289.0,3950.0,8543.0,1515.0,4431.0,9475.0,14470.0,6003.0,5640.0,20487.0,2113.0,8459.0,30346.0,1863.0,5124.0,16849.0,9812.0,8504.0,3765.0,7511.0,17753.0,4109.0,3737.0,4267.0,5520.0,3550.0,10658.0,3990.0,5466.0,9742.0,991.0,6564.0,7400.0,5662.0,15196.0,1837.0,4309.0,5092.0,5875.0,5238.0,25295.0,15967.0,9314.0,4782.0,6765.0,8410.0,15092.0,16024.0,17890.0,5617.0,4098.0,18411.0,7673.0,6260.0,7494.0,10596.0,4737.0,3401.0,9345.0,4102.0,15419.0,11031.0
stats_19.csv,19,syllables_per_sentence_avg,stats_19__syllables_per_sentence_avg,28.0449,53.3906,22.1911,14.4575,35.2131,23.4535,34.5541,55.4771,18.6242,25.8526,20.941,32.3088,33.9466,27.491,26.2078,19.0062,21.6758,21.8372,29.1222,26.439,24.9095,19.9319,34.1361,12.9996,26.1645,30.6549,29.2573,29.5692,32.5538,22.0284,26.5834,29.4401,24.3429,22.3015,19.6944,26.647,26.4827,28.3727,23.9022,30.5002,21.1695,15.5043,62.0478,44.0501,19.62,15.0397,20.2138,28.4029,17.3837,18.017,21.3318,24.3977,64.4173,23.4561,23.5077,33.0267,37.6714,13.8627,21.428,17.9478,45.1412,22.3704,26.1239,51.8503,40.0234,34.888,15.0039,13.9256,34.6499,30.6839,21.7067,24.8593,25.0718,28.2126,17.3234,17.2278,24.0933,18.0405,30.2994,34.2305,30.6402,23.4467,20.2544,33.6477,24.6851,18.1922,25.3285,31.165,33.5237,15.6307,18.5236,22.0108,33.174,21.2506,22.9093,13.836,23.1419,24.6322,33.8292,15.1717
stats_19.csv,19,syllables_per_sentence_max,stats_19__syllables_per_sentence_max,212.0,172.0,71.0,44.6667,167.0,153.0,174.0,163.0,148.0,175.0,85.5,150.0,173.0,170.0,146.0,134.0,69.0,158.0,141.0,132.0,77.0,64.5,132.0,69.0,121.0,150.0,155.0,152.0,166.0,70.5,136.0,167.0,158.0,72.5,158.0,129.0,188.0,147.0,78.5,150.0,141.0,45.6667,165.0,168.0,169.0,49.0,168.0,153.0,42.6667,117.0,161.0,47.0,235.0,151.0,70.5,215.0,171.0,156.0,136.0,45.6667,189.0,68.5,134.0,160.0,172.0,171.0,34.5,126.0,134.0,160.0,77.0,160.0,166.0,79.5,75.0,133.0,136.0,75.0,173.0,169.0,149.0,72.5,166.0,180.0,136.0,130.0,154.0,87.5,153.0,68.0,135.0,79.5,162.0,68.0,128.0,51.3333,89.0,68.5,160.0,33.0
stats_19.csv,19,syllables_per_sentence_min,stats_19__syllables_per_sentence_min,3.5526,8.8571,4.0,4.5,11.5833,2.0,5.1154,10.0714,3.2432,7.8,6.7895,6.7895,7.1111,7.1053,7.0556,7.3125,7.625,7.1765,10.4167,7.9286,7.1875,9.0,15.625,5.0455,10.9091,8.1875,9.0769,7.4706,9.3077,6.9474,10.0,8.0,6.9375,8.0,5.7619,8.0,5.2903,7.8,8.625,10.75,6.3,1.0,7.6667,5.68,6.7059,5.85,6.1905,7.625,5.5,4.6,7.2353,9.6429,4.4118,7.625,8.2667,2.0,10.5385,5.45,6.75,9.3571,14.5556,7.8,9.3077,8.0,7.7059,9.3077,6.3889,4.8696,11.0,8.3333,8.8667,7.8125,8.0625,7.875,8.0667,5.8421,7.0,4.0,8.8667,8.1176,8.0,10.4615,6.9444,6.5263,7.8333,4.6667,7.2353,9.2308,7.1765,5.0,7.1875,7.8667,8.9333,5.9048,7.3889,4.2667,6.7222,7.25,7.8125,7.2105
stats_19.csv,19,syllables_per_sentence_sd,stats_19__syllables_per_sentence_sd,30.6028,31.774,9.0093,5.0899,17.2341,10.5811,19.2743,28.2059,18.7659,13.1774,9.9857,16.0734,22.0054,14.1647,12.4632,8.7334,8.7132,10.6376,12.8947,16.1827,10.5905,6.2036,11.1536,5.5932,10.4096,14.5013,19.1273,14.9347,15.5656,8.5443,16.3063,22.1131,14.509,8.3735,12.9706,9.8351,18.506,12.7455,8.1551,10.8209,10.784,5.4788,41.5128,22.3138,9.5754,5.7113,14.6964,13.6676,7.1198,10.1627,8.4026,6.8114,35.8103,10.6295,8.3306,27.284,21.2059,9.8746,9.5102,5.0354,21.4965,10.4171,9.5455,25.0795,28.0385,14.5689,4.1261,8.7365,14.5178,15.0514,7.9423,11.2877,12.0074,11.317,5.5833,10.6431,12.6427,8.2042,14.6652,17.9701,12.6022,6.9774,17.4438,21.5206,10.4848,12.4283,12.0407,13.7852,21.1039,5.171,11.6885,8.2218,18.5051,8.4231,10.0131,4.7722,12.1022,9.8408,17.5846,3.7139
stats_19.csv,19,syllables_per_word_avg,stats_19__syllables_per_word_avg,1.4338,1.4147,1.3878,1.2651,1.4728,1.4513,1.4244,1.3469,1.2431,1.4104,1.4063,1.4619,1.4505,1.4301,1.3879,1.3321,1.3084,1.3935,1.3452,1.2117,1.3986,1.3287,1.2962,1.2426,1.2669,1.4359,1.354,1.379,1.4263,1.3857,1.2897,1.3955,1.4493,1.4522,1.3288,1.3106,1.4326,1.347,1.4343,1.4787,1.3316,1.3075,1.3607,1.4031,1.3814,1.3185,1.4665,1.362,1.2137,1.2858,1.3488,1.4287,1.4183,1.4061,1.2965,1.4529,1.4704,1.2553,1.3679,1.3602,1.4398,1.3194,1.2875,1.3082,1.4674,1.4766,1.2462,1.2671,1.3593,1.3628,1.4166,1.4092,1.3961,1.4301,1.4026,1.2218,1.3688,1.3169,1.4312,1.4963,1.3332,1.3819,1.3612,1.4184,1.3998,1.2977,1.4561,1.4276,1.3866,1.3972,1.2769,1.4339,1.4527,1.3949,1.3287,1.3285,1.4192,1.2804,1.4096,1.3012
stats_19.csv,19,syllables_per_word_max,stats_19__syllables_per_word_max,2.29,1.81,1.79,1.6,1.8387,1.9,1.79,1.73,1.68,1.93,1.89,1.81,1.86,1.89,1.77,1.74,1.97,1.8,1.67,1.51,1.74,1.67,1.56,1.59,1.46,1.87,1.62,1.82,1.82,1.71,1.55,1.72,1.89,1.79,1.74,1.72,1.94,1.69,1.73,1.81,1.69,1.6,1.75,1.85,1.87,1.56,1.88,1.76,1.4,1.59,1.78,1.66,2.37,1.81,1.68,2.15,1.82,1.58,1.9,1.6,1.89,1.59,1.56,1.66,2.1,1.77,1.52,1.63,1.59,1.7,1.76,1.83,1.77,1.69,1.69,1.51,1.73,1.68,1.96,1.92,1.83,1.66,1.9,1.8,1.79,1.82,1.92,1.81,1.79,1.83,1.83,1.82,1.86,1.89,1.62,1.56,1.96,1.52,1.75,1.875
stats_19.csv,19,syllables_per_word_min,stats_19__syllables_per_word_min,1.0345,1.13,1.14,1.07,1.21,1.0,1.13,1.08,1.06,1.11,1.1,1.14,1.17,1.12,1.09,1.07,1.08,1.09,1.14,1.06,1.15,1.07,1.11,1.05,1.1,1.12,1.14,1.12,1.12,1.19,1.12,1.15,1.08,1.15,1.05,1.16,1.11,1.09,1.18,1.27,1.1,1.0,1.09,1.14,1.09,1.11,1.19,1.08,1.08,1.05,1.08,1.2,1.15,1.09,1.07,1.14,1.23,1.05,1.1,1.12,1.16,1.1,1.16,1.06,1.1,1.1,1.08,1.05,1.19,1.13,1.1034,1.13,1.08,1.24,1.14,1.06,1.13,1.0,1.15,1.16,1.08,1.13,1.12,1.16,1.07,1.06,1.13,1.18,1.16,1.15,1.05,1.16,1.12,1.1,1.11,1.12,1.13,1.07,1.15,1.09
stats_19.csv,19,syllables_per_word_sd,stats_19__syllables_per_word_sd,0.1723,0.0979,0.0957,0.0715,0.1053,0.1304,0.1175,0.0867,0.0893,0.1135,0.1184,0.1022,0.1034,0.1104,0.1015,0.1002,0.0943,0.1162,0.0891,0.0662,0.0929,0.0883,0.074,0.0767,0.0504,0.1118,0.0853,0.1002,0.1128,0.0908,0.0721,0.0912,0.1174,0.1029,0.0986,0.0624,0.1132,0.093,0.0898,0.095,0.0837,0.0964,0.1073,0.1043,0.1184,0.0791,0.1186,0.1015,0.0634,0.0923,0.0991,0.0936,0.1167,0.1137,0.0921,0.1115,0.1054,0.0868,0.1014,0.0848,0.1085,0.075,0.0496,0.0879,0.1058,0.1071,0.0732,0.0781,0.0745,0.0911,0.0928,0.1026,0.1068,0.0878,0.0979,0.0779,0.1009,0.0841,0.1009,0.1171,0.1022,0.0834,0.102,0.0969,0.0991,0.0873,0.1205,0.1044,0.0882,0.091,0.0905,0.1123,0.1116,0.1175,0.0789,0.0776,0.139,0.0767,0.0967,0.083
stats_19.csv,19,token_total,stats_19__token_total,263129.0,196216.0,49103.0,76354.0,143831.0,103102.0,209778.0,398521.0,98679.0,353981.0,205320.0,121810.0,104482.0,564152.0,117812.0,102583.0,129109.0,353276.0,85432.0,113523.0,115569.0,36200.0,62867.0,163649.0,98936.0,173152.0,58840.0,185162.0,319379.0,38572.0,26697.0,63822.0,179480.0,138218.0,180041.0,143106.0,550883.0,185728.0,187188.0,74382.0,116051.0,16501.0,131392.0,243169.0,177341.0,61087.0,64592.0,357579.0,26609.0,98900.0,428839.0,29467.0,176625.0,244320.0,160330.0,140101.0,77518.0,69294.0,245300.0,50823.0,101273.0,61034.0,102107.0,118907.0,213719.0,82075.0,61917.0,90468.0,22120.0,125414.0,101729.0,86336.0,230363.0,31930.0,49479.0,57949.0,84091.0,63104.0,459636.0,291076.0,188683.0,75682.0,79227.0,158443.0,232791.0,175855.0,265157.0,103360.0,77983.0,190204.0,92389.0,86426.0,137613.0,141743.0,71046.0,32547.0,124370.0,68751.0,305572.0,122208.0
stats_19.csv,19,words_per_sentence_avg,stats_19__words_per_sentence_avg,19.248,37.4474,15.8635,11.4114,23.9499,15.9551,23.9685,41.1573,14.7921,18.1819,14.7729,21.9165,23.2251,19.0158,18.7286,14.1533,16.4799,15.5543,21.5664,21.7672,17.7273,14.9605,26.3763,10.3826,20.6682,21.1929,21.4414,21.284,22.5408,15.8479,20.6191,20.928,16.6292,15.3147,14.6782,20.3487,18.3333,20.9332,16.6253,20.6041,15.8146,11.834,45.142,31.5404,14.0453,11.3505,13.7089,20.7097,14.2656,13.9653,15.6672,17.0668,45.4524,16.5692,18.12,22.5622,25.3527,10.9262,15.5907,13.1736,31.2804,16.8823,20.3031,39.4434,27.148,23.4015,12.0283,10.9651,25.4739,22.401,15.2644,17.5025,17.7105,19.6346,12.3209,13.9789,17.4737,13.6337,21.0516,22.6696,22.8192,16.9352,14.6215,23.5409,17.5052,14.0197,17.2594,21.5957,24.1981,11.1497,14.3797,15.2272,22.5779,15.1088,17.2319,10.4053,15.9442,19.143,23.8007,11.6491
stats_19.csv,19,words_per_sentence_max,stats_19__words_per_sentence_max,100.0,100.0,50.0,33.3333,100.0,100.0,100.0,100.0,100.0,100.0,50.0,100.0,100.0,100.0,100.0,100.0,50.0,100.0,100.0,100.0,50.0,50.0,100.0,50.0,100.0,100.0,100.0,100.0,100.0,50.0,100.0,100.0,100.0,50.0,100.0,100.0,100.0,100.0,50.0,100.0,100.0,33.3333,100.0,100.0,100.0,33.3333,100.0,100.0,33.3333,100.0,100.0,33.3333,100.0,100.0,50.0,100.0,100.0,100.0,100.0,33.3333,100.0,50.0,100.0,100.0,100.0,100.0,25.0,100.0,100.0,100.0,50.0,100.0,100.0,50.0,50.0,100.0,100.0,50.0,100.0,100.0,100.0,50.0,100.0,100.0,100.0,100.0,100.0,50.0,100.0,50.0,100.0,50.0,100.0,50.0,100.0,33.3333,50.0,50.0,100.0,25.0
stats_19.csv,19,words_per_sentence_min,stats_19__words_per_sentence_min,2.6316,7.1429,3.0,3.5714,8.3333,2.0,3.8462,7.1429,2.7027,6.25,5.2632,5.2632,5.5556,5.2632,5.5556,5.8824,6.25,5.2632,8.3333,7.1429,5.8824,7.1429,12.5,4.5455,9.0909,6.25,7.1429,5.8824,7.6923,5.2632,7.1429,5.5,5.0,5.8824,4.7619,6.0,3.2258,6.6667,6.25,8.3333,5.0,1.0,5.8824,4.0,4.7619,5.0,4.7619,5.0,4.5,4.0,5.8824,7.1429,2.9412,6.25,6.25,1.0,7.6923,4.3478,5.0,7.1429,10.0,6.6667,7.0,7.0,5.8824,7.6923,5.5556,4.0,8.3333,6.6667,6.6667,6.25,6.25,6.25,6.25,5.2632,5.2632,4.0,6.6667,5.8824,7.1429,7.6923,5.5556,5.2632,5.5556,4.1667,5.5556,7.6923,5.8824,4.0,5.8824,5.8824,6.6667,4.7619,5.5556,3.3333,5.2632,6.25,6.25,5.2632
stats_19.csv,19,words_per_sentence_sd,stats_19__words_per_sentence_sd,20.3572,21.7513,5.967,3.9225,11.9008,6.4889,12.6307,20.7084,14.6258,8.7795,6.4911,10.5009,14.7043,9.1828,8.3572,6.0328,6.326,7.1169,9.2556,13.1723,7.2241,4.3849,8.5899,4.0927,8.339,9.5056,13.3102,10.2308,9.9517,5.9011,12.4008,15.1864,9.4925,5.4865,9.0725,7.522,12.2295,8.9452,5.431,7.096,7.7089,4.026,29.4221,16.0869,6.2608,4.0751,9.7408,9.4471,5.6384,8.2378,5.5525,4.6503,24.913,7.0875,6.2692,18.0835,13.6056,7.012,6.6373,3.5166,14.3387,7.6934,7.428,18.21,18.8023,9.0945,3.1648,6.8781,10.571,10.5271,5.3035,7.4153,7.6917,7.4692,3.7371,8.374,8.758,5.93,9.7235,11.3072,8.7698,4.7789,11.7009,14.6149,7.0021,9.6353,7.7286,8.8981,15.3268,3.4477,8.7622,5.1378,12.0071,5.5332,7.4376,3.4073,7.3264,7.3567,11.8692,2.6935
stats_20.csv,20,chunk_count_used,stats_20__chunk_count_used,2604.0,1956.0,482.0,736.0,1446.0,1034.0,2091.0,3997.0,969.0,3502.0,2034.0,1204.0,1045.0,5627.0,1158.0,990.0,1289.0,3498.0,826.0,1102.0,1158.0,358.0,633.0,1581.0,952.0,1730.0,587.0,1844.0,3149.0,386.0,264.0,637.0,1761.0,1371.0,1763.0,1393.0,5548.0,1832.0,1876.0,747.0,1149.0,168.0,1320.0,2434.0,1738.0,596.0,643.0,3513.0,267.0,979.0,4200.0,297.0,1721.0,2428.0,1591.0,1392.0,769.0,679.0,2405.0,512.0,1026.0,604.0,972.0,1204.0,2126.0,815.0,598.0,889.0,220.0,1219.0,1005.0,865.0,2243.0,324.0,493.0,574.0,840.0,632.0,4609.0,2906.0,1848.0,758.0,792.0,1553.0,2320.0,1764.0,2618.0,1014.0,784.0,1870.0,905.0,863.0,1383.0,1399.0,702.0,317.0,1227.0,680.0,3011.0,1221.0
stats_20.csv,20,chunk_size_words,stats_20__chunk_size_words,100.0,100.0,100.0,100.0,100.0,100.0,100.0,100.0,100.0,100.0,100.0,100.0,100.0,100.0,100.0,100.0,100.0,100.0,100.0,100.0,100.0,100.0,100.0,100.0,100.0,100.0,100.0,100.0,100.0,100.0,100.0,100.0,100.0,100.0,100.0,100.0,100.0,100.0,100.0,100.0,100.0,100.0,100.0,100.0,100.0,100.0,100.0,100.0,100.0,100.0,100.0,100.0,100.0,100.0,100.0,100.0,100.0,100.0,100.0,100.0,100.0,100.0,100.0,100.0,100.0,100.0,100.0,100.0,100.0,100.0,100.0,100.0,100.0,100.0,100.0,100.0,100.0,100.0,100.0,100.0,100.0,100.0,100.0,100.0,100.0,100.0,100.0,100.0,100.0,100.0,100.0,100.0,100.0,100.0,100.0,100.0,100.0,100.0,100.0,100.0
stats_20.csv,20,nouns_per100_avg,stats_20__nouns_per100_avg,159.0852,89.6185,25.0443,24.409,80.1869,53.7214,117.9767,176.2419,36.0653,152.0449,81.1037,50.1739,58.5866,267.954,50.8192,43.2728,53.0047,139.7513,33.4365,42.3004,63.8291,16.9358,28.266,81.2607,62.9458,91.8821,29.1006,85.1902,142.1337,20.4712,12.9205,32.1465,83.9409,73.8915,80.3951,105.9619,305.9353,74.5471,87.9064,39.6687,53.5134,16.0863,57.329,122.028,82.8281,33.5804,34.8827,146.2246,16.9315,44.1261,189.612,18.6469,97.6015,99.0217,63.1306,71.0445,43.7862,28.8864,99.6233,28.7177,57.1431,28.7472,79.3169,48.2277,127.3448,49.1537,32.9281,36.9741,15.1843,47.6253,44.6195,45.9569,85.1765,15.9597,27.9006,23.284,46.4848,31.8109,220.2625,147.0293,78.0411,31.3619,34.6023,60.5774,115.5863,70.819,108.9659,48.2643,43.8036,101.8049,38.6824,44.6114,73.1105,71.8978,34.8677,17.5049,63.9487,33.4653,151.171,56.6036
stats_20.csv,20,nouns_per100_max,stats_20__nouns_per100_max,254.0,137.0,60.0,40.0,123.0,81.0,156.0,235.0,67.0,229.0,122.0,83.3333,89.0,370.0,102.0,69.0,91.0,198.0,63.0,67.0,107.0,50.0,52.381,139.0,88.0,132.0,55.0,135.0,201.0,57.8947,50.0,59.0,132.0,105.0,114.0,150.0,415.0,107.0,131.0,68.0,81.0,25.0,98.0,183.0,127.0,54.0,57.0,250.0,29.0,83.0,255.0,33.0,152.0,143.0,107.0,106.0,79.0,56.0,157.0,53.0,100.0,56.0,102.0,94.0,196.0,114.2857,58.0,75.0,25.0,81.0,72.0,77.0,130.0,29.0,55.0,49.0,87.0,60.0,332.0,216.0,115.0,56.0,70.0,113.0,169.0,111.0,161.0,75.0,80.0,153.0,84.0,74.0,106.0,110.0,61.0,41.0,104.0,55.0,202.0,100.0
stats_20.csv,20,nouns_per100_min,stats_20__nouns_per100_min,0.0,0.0,0.0,0.0,0.0,0.0,0.0,0.0,0.0,0.0,0.0,0.0,0.0,0.0,0.0,0.0,0.0,0.0,0.0,0.0,0.0,6.0,0.0,0.0,0.0,0.0,0.0,0.0,0.0,0.0,4.0,0.0,0.0,0.0,0.0,0.0,0.0,0.0,0.0,0.0,0.0,6.0,0.0,0.0,0.0,0.0,0.0,0.0,6.0,0.0,0.0,8.0,0.0,0.0,0.0,0.0,0.0,0.0,0.0,0.0,0.0,0.0,0.0,0.0,0.0,0.0,0.0,0.0,7.0,0.0,0.0,0.0,0.0,6.0,0.0,0.0,0.0,0.0,0.0,0.0,0.0,0.0,0.0,0.0,0.0,0.0,0.0,0.0,0.0,0.0,0.0,0.0,0.0,0.0,0.0,7.0,0.0,0.0,0.0,0.0
stats_20.csv,20,nouns_per100_sd,stats_20__nouns_per100_sd,24.0123,14.4359,10.5039,5.9898,10.4555,9.1427,13.5484,18.631,9.727,19.7302,12.4778,10.7308,9.597,27.2434,11.7489,10.5499,12.9136,17.314,9.4066,10.3079,12.5883,4.7477,8.543,15.2743,12.0236,13.5392,10.9961,12.3332,17.3163,7.3651,4.2965,8.5113,13.5984,10.5253,11.9943,11.6536,30.795,10.5735,12.1552,8.1875,8.8023,3.613,11.3949,14.0814,11.9443,10.1626,9.2952,17.3636,4.2656,12.4579,21.7869,3.8109,13.4249,14.1983,10.7588,10.6812,11.5163,8.9456,15.1496,10.6623,9.8859,9.327,10.7636,8.7191,15.4945,12.5789,10.9816,12.1913,3.4639,10.1543,9.0001,12.0377,13.2928,4.2798,10.6155,9.8266,11.2514,10.1659,22.4697,20.3189,11.632,7.0415,8.7168,11.7625,17.513,13.2527,15.696,9.1211,11.4997,14.8864,11.7682,11.2348,11.5817,13.0971,8.1288,4.8074,13.632,7.9792,17.5996,11.6219
stats_20.csv,20,propn_per100_avg,stats_20__propn_per100_avg,66.0654,17.5437,6.9032,6.9647,19.9435,9.0605,24.6341,46.6486,14.3065,40.0528,19.6881,18.3486,13.2093,84.2969,11.5083,24.0577,25.7887,37.0458,5.5135,9.1134,11.8512,1.4721,6.9582,24.2301,12.9052,22.7607,5.9274,17.858,45.9687,1.386,5.2614,10.9084,32.1489,20.1584,12.1923,24.7657,81.537,20.6476,29.3696,3.4644,19.1204,0.8095,11.451,35.3186,10.8134,7.443,11.113,45.0231,0.8372,11.9107,67.9199,4.5892,30.2721,23.3964,15.1403,25.1286,13.707,9.8525,24.2065,6.5009,3.4826,6.3959,14.296,3.7169,39.7394,7.6473,14.7709,7.1192,1.9719,11.1209,15.6413,6.6627,26.4251,6.785,10.9191,6.2491,10.3331,3.9063,71.419,19.0029,22.8231,9.6132,8.8293,26.0962,36.0162,24.7609,34.9855,18.9561,8.1416,38.0177,10.6044,9.4714,12.2623,13.7362,7.4345,6.7367,25.2567,5.9145,66.1422,13.249
stats_20.csv,20,propn_per100_max,stats_20__propn_per100_max,195.0,49.0,41.0,30.0,49.0,33.0,82.0,93.0,59.0,91.0,49.0,46.0,54.0,141.0,37.0,53.0,97.0,69.0,19.0,44.0,41.0,12.0,25.0,56.0,30.0,89.0,25.0,54.0,100.0,15.0,23.0,31.0,74.0,47.0,39.0,55.0,180.0,46.0,65.0,20.0,51.0,12.0,41.0,124.0,41.0,27.0,42.0,109.0,16.0,33.0,122.0,15.0,129.0,51.0,59.0,68.0,41.0,29.0,75.0,45.4545,21.0,27.0,31.0,27.0,99.0,28.5714,40.0,28.0,8.0,29.0,35.0,21.0,59.0,53.0,47.0,30.0,37.0,18.0,137.0,61.0,49.0,28.0,32.0,63.0,69.0,55.0,73.0,53.0,34.0,81.0,32.0,39.0,38.0,39.0,26.0,26.0,66.0,21.0,137.0,50.0
stats_20.csv,20,propn_per100_min,stats_20__propn_per100_min,0.0,0.0,0.0,0.0,0.0,0.0,0.0,0.0,0.0,0.0,0.0,0.0,0.0,0.0,0.0,0.0,0.0,0.0,0.0,0.0,0.0,0.0,0.0,0.0,0.0,0.0,0.0,0.0,0.0,0.0,0.0,0.0,0.0,0.0,0.0,0.0,0.0,0.0,0.0,0.0,0.0,0.0,0.0,0.0,0.0,0.0,0.0,0.0,0.0,0.0,0.0,0.0,0.0,0.0,0.0,0.0,0.0,0.0,0.0,0.0,0.0,0.0,0.0,0.0,0.0,0.0,0.0,0.0,0.0,0.0,0.0,0.0,0.0,0.0,0.0,0.0,0.0,0.0,0.0,0.0,0.0,0.0,0.0,0.0,0.0,0.0,0.0,0.0,0.0,0.0,0.0,0.0,0.0,0.0,0.0,0.0,0.0,0.0,0.0,0.0
stats_20.csv,20,propn_per100_sd,stats_20__propn_per100_sd,23.8978,8.2831,5.0564,4.3728,6.7038,4.6883,9.8159,12.1524,10.1624,10.7965,7.184,7.1113,6.9349,15.6268,4.5875,8.1482,9.128,9.5159,3.4213,6.0069,5.7521,1.7103,4.2739,7.7921,4.9308,12.2104,4.1536,7.4896,11.6662,1.885,3.5903,5.5069,10.7651,7.3419,5.7744,6.627,19.9701,7.2229,9.3982,2.8776,7.4431,1.5195,5.4748,15.8569,4.7804,4.3126,6.4948,11.7112,1.7399,5.9837,16.4522,3.2577,16.501,7.5961,7.2003,10.1691,6.0144,5.6257,9.1228,4.3349,3.2825,4.3443,5.0145,3.2121,12.1092,4.3494,7.9572,4.5315,1.6867,4.7716,6.0161,4.0844,8.4116,4.7059,6.7212,4.3299,6.6369,3.2496,15.1106,7.4458,6.4259,4.9224,5.2476,8.6594,9.9048,9.1866,10.3227,8.7733,4.728,10.8039,5.9475,4.9712,5.7303,5.7928,4.3668,4.0032,9.5957,4.0405,15.0882,5.5035
stats_20.csv,20,punctuation_per100_avg,stats_20__punctuation_per100_avg,138.7293,86.6033,30.1778,40.0299,44.3064,47.7583,110.1488,166.0826,61.0646,198.0729,120.4203,62.802,52.5323,277.0222,71.8392,65.5695,63.3478,202.3877,36.8222,55.6909,66.1179,17.1006,24.4689,122.5967,59.7447,91.826,32.011,109.7848,145.9889,21.2923,26.9545,39.3673,97.771,78.1061,104.3411,87.9054,310.4544,100.8122,80.0839,28.9642,52.1041,24.8444,44.184,122.5048,83.2025,38.8639,47.1788,214.1728,13.6763,50.5432,200.0303,14.3547,82.6635,145.258,68.5806,79.8578,35.3371,52.2383,139.1698,22.3892,43.5782,38.1264,66.7834,45.171,127.8531,44.1967,32.2508,60.8886,11.9248,56.0638,62.6223,40.7099,120.7699,20.245,26.9662,35.223,32.7624,32.3326,318.1856,123.2601,105.1742,29.1822,43.3618,79.0568,127.1551,105.8559,167.2854,52.1317,35.6107,132.2572,53.8216,33.8383,72.8257,65.6562,32.8274,26.0072,76.4531,38.9122,147.3716,47.1695
stats_20.csv,20,punctuation_per100_max,stats_20__punctuation_per100_max,261.0,145.0,90.0,95.0,85.1064,97.0,175.0,266.0,143.0,310.0,198.0,110.0,98.0,410.0,127.0,125.0,160.0,331.0,86.0,131.0,118.0,44.0,44.0,202.0,107.0,200.0,59.0,176.0,248.0,71.0,59.0,66.0,187.0,144.0,203.0,126.0,467.0,195.0,138.4615,65.0,92.0,58.0,120.0,224.0,146.0,99.0,95.0,369.0,41.0,123.0,317.0,35.0,163.0,240.0,118.0,162.0,72.0,122.0,229.0,58.0,88.0,86.0,94.0,97.0,234.0,114.2857,84.0,143.0,30.0,105.0,117.0,89.0,195.0,56.0,59.0,83.0,86.0,76.0,483.0,191.0,176.0,55.0,92.0,141.0,189.0,199.0,241.0,110.0,84.0,208.0,122.0,71.0,130.0,110.0,75.0,85.0,140.0,90.0,225.0,100.0
stats_20.csv,20,punctuation_per100_min,stats_20__punctuation_per100_min,0.0,0.0,0.0,0.0,0.0,0.0,0.0,0.0,0.0,0.0,0.0,0.0,0.0,0.0,0.0,0.0,0.0,0.0,0.0,0.0,0.0,0.0,0.0,0.0,0.0,0.0,0.0,0.0,0.0,0.0,0.0,0.0,0.0,0.0,0.0,0.0,0.0,0.0,0.0,0.0,0.0,8.0,0.0,0.0,0.0,0.0,0.0,0.0,1.0,0.0,0.0,4.0,0.0,0.0,0.0,0.0,0.0,0.0,0.0,0.0,0.0,0.0,0.0,0.0,0.0,0.0,0.0,0.0,4.0,0.0,0.0,0.0,0.0,6.0,0.0,0.0,0.0,0.0,0.0,0.0,0.0,0.0,0.0,0.0,0.0,0.0,0.0,0.0,0.0,0.0,0.0,0.0,0.0,0.0,0.0,7.0,0.0,0.0,0.0,0.0
stats_20.csv,20,punctuation_per100_sd,stats_20__punctuation_per100_sd,29.4273,16.8984,13.8102,13.5216,10.0603,12.3033,18.3324,23.0008,28.1718,29.1639,23.4442,15.5788,12.6019,35.9735,17.0996,17.6927,15.4089,29.5393,12.5108,16.1664,15.3784,4.9281,7.7801,26.1318,12.5757,14.485,9.7777,18.6768,24.6855,10.0379,9.8083,9.8036,24.1859,19.5469,23.5207,10.6201,36.779,21.3957,14.9351,7.9604,11.4283,8.5892,13.2759,19.3989,15.6456,15.2781,13.9881,35.77,8.0572,18.2652,30.564,4.5145,13.8454,26.4574,12.3261,15.6471,10.6447,22.292,25.3019,9.0204,8.2152,13.9225,9.259,8.9783,21.9748,11.7746,14.4174,25.5806,4.4229,14.4897,14.8014,14.9297,21.4872,7.4795,11.4876,17.5802,14.6038,12.6255,43.6195,19.9842,15.4933,7.412,12.9188,16.5397,20.3233,24.7992,24.5846,13.3598,10.8933,22.7355,21.5741,8.8446,15.138,14.2077,11.6695,10.5838,17.7965,14.3488,23.2332,12.3371
stats_20.csv,20,token_total,stats_20__token_total,260370.0,195596.0,48156.0,73510.0,144547.0,103346.0,209046.0,399694.0,96872.0,350198.0,203351.0,120312.0,104470.0,562626.0,115786.0,98990.0,128875.0,349763.0,82514.0,110112.0,115779.0,35704.0,63221.0,158018.0,95172.0,172901.0,58642.0,184324.0,314873.0,38519.0,26304.0,63615.0,176022.0,137054.0,176238.0,139242.0,554748.0,183162.0,187539.0,74682.0,114835.0,16756.0,131928.0,243396.0,173755.0,59566.0,64236.0,351204.0,26679.0,97873.0,419969.0,29629.0,172064.0,242794.0,159077.0,139125.0,76842.0,67879.0,240463.0,51111.0,102565.0,60318.0,97136.0,120396.0,212534.0,81407.0,59704.0,88820.0,21955.0,121832.0,100489.0,86495.0,224298.0,32369.0,49261.0,57310.0,83955.0,63164.0,460868.0,290521.0,184705.0,75764.0,79178.0,155209.0,231937.0,176358.0,261780.0,101356.0,78380.0,186972.0,90409.0,86261.0,138276.0,139805.0,70157.0,31685.0,122625.0,67952.0,301072.0,122002.0
stats_20.csv,20,verbs_per100_avg,stats_20__verbs_per100_avg,99.9298,68.7098,22.3646,30.7867,53.3197,37.4151,73.0891,149.7488,51.4108,148.1043,86.1915,46.059,37.6338,232.6752,54.6798,48.3363,48.3269,142.5623,35.4199,47.4788,46.7634,15.7374,25.3078,78.2619,34.8942,62.0179,26.685,73.2836,122.4536,14.6278,16.947,27.7248,79.4138,59.8904,80.1859,57.8967,199.4907,72.1722,67.7706,28.5538,45.7909,13.3941,50.4481,93.3355,68.1312,30.0408,27.3802,138.7902,14.7977,43.9997,169.4103,13.0535,58.6913,96.8395,59.2891,52.1487,27.7106,32.6781,98.8428,21.8713,35.2662,26.8166,40.8577,40.7884,79.352,27.7087,28.8043,40.5838,14.636,50.2639,43.1315,35.0976,96.9625,13.7872,21.0353,28.5749,31.4289,25.6447,191.2567,107.7889,79.1039,25.5263,31.057,57.4603,84.3671,71.1473,102.6108,39.8042,28.4544,86.8652,45.5368,35.0601,52.6842,53.7262,28.124,17.0816,52.5485,26.5762,105.2467,46.543
stats_20.csv,20,verbs_per100_max,stats_20__verbs_per100_max,165.0,102.0,45.0,70.0,85.0,57.0,102.0,196.0,85.0,201.0,124.0,74.0,56.0,306.0,88.0,74.0,80.0,195.0,59.0,69.0,78.0,25.0,42.0,116.0,57.0,98.0,43.0,108.0,172.0,33.0,30.0,46.6667,113.6364,85.0,116.0,88.0,318.0,105.0,97.0,49.0,81.0,23.2143,84.0,138.0,103.0,49.0,48.0,217.0,25.0,67.0,230.0,24.0,88.0,145.0,93.0,74.0,49.0,56.0,138.0,40.0,56.0,48.0,60.0,66.0,112.0,47.0,75.0,69.0,23.0,75.0,61.0,60.0,136.0,24.0,41.0,51.0,65.0,41.0,267.0,153.0,110.0,47.0,55.0,90.0,129.0,105.0,142.0,61.0,58.0,126.0,81.0,59.0,78.0,79.0,47.0,30.0,85.0,42.0,150.0,100.0
stats_20.csv,20,verbs_per100_min,stats_20__verbs_per100_min,0.0,0.0,0.0,0.0,0.0,0.0,0.0,0.0,0.0,0.0,0.0,0.0,0.0,0.0,0.0,0.0,0.0,0.0,0.0,0.0,0.0,0.0,0.0,0.0,0.0,0.0,0.0,0.0,0.0,0.0,0.0,0.0,0.0,0.0,0.0,0.0,0.0,0.0,0.0,0.0,0.0,7.0,0.0,0.0,0.0,0.0,0.0,0.0,6.0,0.0,0.0,5.0,0.0,0.0,0.0,0.0,0.0,0.0,0.0,0.0,0.0,0.0,0.0,0.0,0.0,0.0,0.0,0.0,8.0,0.0,0.0,0.0,0.0,5.0,0.0,0.0,0.0,0.0,0.0,0.0,0.0,0.0,0.0,0.0,0.0,0.0,0.0,0.0,0.0,0.0,0.0,0.0,0.0,0.0,0.0,4.0,0.0,0.0,0.0,0.0
stats_20.csv,20,verbs_per100_sd,stats_20__verbs_per100_sd,15.665,10.3235,8.3966,6.268,7.276,6.8868,10.1306,16.1192,13.8195,16.8014,13.0224,8.7467,6.5199,22.6895,9.8001,9.5263,9.8615,17.0158,7.9919,8.5631,9.7348,3.4298,7.3407,11.6616,6.9622,9.7934,7.6478,8.943,14.9344,4.7441,3.4909,6.9085,10.3787,8.6505,11.6661,7.8278,20.7266,9.545,9.1693,5.7981,7.4021,2.8033,10.7339,14.6863,9.793,8.2061,6.7798,17.1795,3.1652,8.9081,19.0312,2.8465,8.5081,14.3759,9.4658,7.3536,6.848,8.4284,14.2196,7.7931,7.0683,8.3131,6.5634,7.0426,9.939,6.5922,8.971,10.163,2.8995,9.5814,7.5528,9.1417,12.3738,3.0012,8.0015,10.5428,9.5151,7.2999,18.0367,12.9744,9.0602,4.9661,7.2609,10.467,11.6762,10.9021,13.3625,7.1908,7.0807,11.2932,11.8271,9.5163,7.3802,8.3226,6.3047,3.8261,11.2275,6.6139,13.1125,8.509
stats_20.csv,20,words_different_from_lemma_per100_avg,stats_20__words_different_from_lemma_per100_avg,17.6219,17.552,19.3856,18.0679,20.3121,20.1066,17.5588,17.8954,20.095,19.7302,18.5894,17.7918,18.1914,20.3932,18.7842,20.3205,19.1691,18.113,18.9848,16.8285,21.1747,21.3883,19.068,18.9717,14.4866,17.3867,21.3908,18.6848,18.1507,19.4081,18.0417,21.5908,19.3169,19.2862,20.2565,16.7653,19.417,19.1364,18.5824,19.5444,19.9142,18.3338,17.7246,19.7785,19.6925,21.0011,19.3575,18.6524,17.966,21.0989,20.1274,22.5885,15.06,17.7343,17.6762,18.5848,19.0035,19.926,19.3441,21.7656,19.046,19.2901,16.5778,18.5366,19.7472,15.9672,17.4916,18.9168,18.2079,18.5826,19.4821,20.3387,17.9008,20.3171,21.9328,20.0523,19.1279,18.2116,18.5159,18.6427,18.4675,18.0685,19.755,16.9093,17.5523,18.7038,17.1329,19.0497,20.1355,19.635,20.9139,20.1459,17.4614,20.3517,18.9745,19.1193,20.2747,17.7148,17.831,19.4734
stats_20.csv,20,words_different_from_lemma_per100_max,stats_20__words_different_from_lemma_per100_max,44.0,33.0,32.0,33.0,34.0,42.0,35.0,37.0,36.0,36.0,36.0,58.3333,33.0,42.0,31.0,37.0,41.0,34.0,35.0,33.0,46.0,33.0,33.0,37.0,27.0,33.0,36.0,41.0,33.0,31.0,30.0,47.0,41.0,32.0,38.0,34.0,44.0,34.0,31.0,33.0,37.0,28.0,36.0,36.0,36.0,40.0,36.0,50.0,34.0,40.0,40.0,41.0,43.0,33.0,32.0,42.0,33.0,36.0,36.0,35.0,40.0,32.0,31.0,35.0,37.0,30.0,37.0,37.0,29.0,34.0,33.0,37.0,36.0,39.0,41.0,32.0,39.0,37.0,37.0,34.0,34.0,31.0,36.0,32.0,33.0,34.0,40.0,32.0,35.0,36.0,43.0,36.0,34.0,37.0,31.0,34.0,35.0,29.0,39.0,34.0
stats_20.csv,20,words_different_from_lemma_per100_min,stats_20__words_different_from_lemma_per100_min,1.0,5.0,8.0,6.0,6.0,5.0,4.0,4.0,5.0,4.0,5.0,6.0,7.0,4.0,5.0,5.0,6.0,5.0,4.0,3.0,10.0,10.0,5.0,6.0,5.0,0.0,9.0,1.0,5.0,8.0,8.0,8.0,6.0,6.0,4.0,4.0,3.0,7.0,5.0,6.0,5.0,7.0,3.0,3.0,5.0,8.0,7.0,4.0,3.0,8.0,3.0,9.0,1.0,4.0,5.0,6.0,8.0,4.0,6.0,0.0,3.0,4.0,4.0,4.0,6.0,5.0,0.0,3.0,7.0,4.0,8.0,9.0,4.0,9.0,9.0,10.0,5.0,4.0,5.0,4.0,4.0,7.0,6.0,4.0,4.0,3.0,4.0,8.0,5.0,6.0,6.0,9.0,4.0,2.0,9.0,5.0,7.0,7.0,4.0,0.0
stats_20.csv,20,words_different_from_lemma_per100_sd,stats_20__words_different_from_lemma_per100_sd,4.6563,4.1177,4.0935,4.2196,3.8061,4.7874,4.4254,4.5104,4.7197,4.4693,4.644,4.1856,4.3013,4.6805,4.0203,4.3442,4.48,4.7443,4.5016,4.7075,4.3796,4.0853,4.6793,4.7284,3.6697,4.3113,4.3323,4.7556,3.9793,4.1097,3.7832,4.6206,4.6358,4.2109,4.7108,4.2186,4.5819,4.2238,4.0489,4.5104,4.1517,4.3719,4.3629,4.9823,4.5808,4.296,4.3717,4.1871,4.1462,4.5881,4.9335,4.4197,4.254,4.3374,4.6703,4.6071,4.3039,4.6499,4.5927,4.2555,4.462,4.3668,4.2965,4.3156,4.504,3.8739,5.0332,5.1552,4.346,4.5562,4.2463,4.2559,4.5943,4.9844,4.8022,4.2172,4.7204,4.6503,4.3241,4.282,4.3837,4.1412,4.7491,4.2889,4.2594,4.4895,4.4565,4.0387,4.6765,4.3248,5.233,4.4089,4.1724,5.2062,3.8838,4.5855,4.2128,3.8136,4.1573,4.3217
stats_21.csv,21,chunk_count_used,stats_21__chunk_count_used,2632.0,1963.0,492.0,764.0,1439.0,1032.0,2098.0,3986.0,987.0,3540.0,2054.0,1219.0,1045.0,5642.0,1179.0,1026.0,1292.0,3533.0,855.0,1136.0,1156.0,362.0,629.0,1637.0,990.0,1732.0,589.0,1852.0,3194.0,386.0,267.0,639.0,1795.0,1383.0,1801.0,1432.0,5509.0,1858.0,1872.0,744.0,1161.0,166.0,1314.0,2432.0,1774.0,611.0,646.0,3576.0,267.0,989.0,4289.0,295.0,1767.0,2444.0,1604.0,1402.0,776.0,693.0,2453.0,509.0,1013.0,611.0,1022.0,1190.0,2138.0,821.0,620.0,905.0,222.0,1255.0,1018.0,864.0,2304.0,320.0,495.0,580.0,841.0,632.0,4597.0,2911.0,1887.0,757.0,793.0,1585.0,2328.0,1759.0,2652.0,1034.0,780.0,1903.0,924.0,865.0,1377.0,1418.0,711.0,326.0,1244.0,688.0,3056.0,1223.0
stats_21.csv,21,chunk_size_words,stats_21__chunk_size_words,100.0,100.0,100.0,100.0,100.0,100.0,100.0,100.0,100.0,100.0,100.0,100.0,100.0,100.0,100.0,100.0,100.0,100.0,100.0,100.0,100.0,100.0,100.0,100.0,100.0,100.0,100.0,100.0,100.0,100.0,100.0,100.0,100.0,100.0,100.0,100.0,100.0,100.0,100.0,100.0,100.0,100.0,100.0,100.0,100.0,100.0,100.0,100.0,100.0,100.0,100.0,100.0,100.0,100.0,100.0,100.0,100.0,100.0,100.0,100.0,100.0,100.0,100.0,100.0,100.0,100.0,100.0,100.0,100.0,100.0,100.0,100.0,100.0,100.0,100.0,100.0,100.0,100.0,100.0,100.0,100.0,100.0,100.0,100.0,100.0,100.0,100.0,100.0,100.0,100.0,100.0,100.0,100.0,100.0,100.0,100.0,100.0,100.0,100.0,100.0
stats_21.csv,21,content_to_function_ratio_avg,stats_21__content_to_function_ratio_avg,1.2646,0.8167,0.9625,0.7973,0.9218,0.9186,1.0691,0.8169,0.9499,0.8643,0.846,0.8398,1.0908,0.9355,0.8831,1.0087,0.9508,0.838,0.8149,0.844,0.9483,0.8409,0.8267,1.1005,1.0725,1.0601,0.8834,0.9158,0.9095,0.9181,0.9119,1.0119,1.0676,1.0208,0.8977,1.3773,0.9465,0.8331,0.8913,0.8453,1.0061,61.0187,0.8554,0.8504,0.886,1.0167,1.0831,0.859,0.8349,0.9105,0.956,0.9434,1.0228,0.8522,0.8233,8.1913,1.0576,0.9186,0.8649,0.947,0.849,0.8879,1.2914,0.7388,1.0796,0.9812,1.2059,0.8491,0.8651,0.8527,0.9198,0.8999,0.8603,0.9247,1.0368,0.8567,0.9567,0.9152,0.9185,0.8969,0.9684,0.8133,0.8906,0.8746,0.9982,0.8771,0.9125,0.9462,0.952,1.0558,0.9391,0.9064,0.9025,0.8832,0.9302,1.0886,1.0602,0.8827,0.982,0.9178
stats_21.csv,21,content_to_function_ratio_max,stats_21__content_to_function_ratio_max,15.6667,1.439,1.7027,1.5,1.5641,1.9412,2.4483,1.7778,2.5714,1.7778,1.5,1.439,2.5714,2.2258,2.125,1.8571,2.5714,1.5641,1.381,1.6316,1.9412,1.3256,1.5769,2.4483,1.8571,11.5,1.5,1.8571,3.1667,1.5641,2.4483,1.7778,2.4483,1.9412,1.8571,2.3333,13.2857,1.7778,2.2258,1.439,2.0303,9999.0,2.4483,13.2857,1.8571,1.7778,1.8571,2.5714,1.1739,1.6316,2.7037,1.439,24.0,1.7778,2.125,9999.0,2.0,2.0303,3.1667,1.7778,2.0303,1.5641,1.9412,1.3333,2.7037,1.5641,2.5714,1.5,1.3256,1.381,1.9412,1.6316,1.5641,1.6316,3.1667,1.7027,2.125,1.5,1.9412,1.7027,1.9412,1.5,1.9412,1.9412,1.7778,2.0303,2.4483,1.7027,2.125,2.2258,2.0303,1.7027,1.8571,1.7027,1.6316,2.125,2.7037,1.5,1.8571,1.6667
stats_21.csv,21,content_to_function_ratio_min,stats_21__content_to_function_ratio_min,0.381,0.4706,0.5,0.4493,0.4493,0.4286,0.5873,0.4286,0.4493,0.3699,0.3158,0.4286,0.5385,0.4286,0.5152,0.4925,0.4925,0.3889,0.3889,0.4286,0.4925,0.4706,0.4925,0.4925,0.6393,0.4706,0.4925,0.4706,0.4286,0.5385,0.4286,0.4667,0.5152,0.5385,0.4286,0.7857,0.4085,0.4286,0.4706,0.4925,0.4493,0.3699,0.4286,0.4085,0.4493,0.4706,0.5385,0.4706,0.5625,0.4286,0.3699,0.6129,0.5152,0.4286,0.4493,0.5152,0.6393,0.4706,0.4286,0.5152,0.5385,0.5625,0.7544,0.4085,0.4706,0.5152,0.4706,0.4493,0.5625,0.4286,0.4706,0.4493,0.4085,0.4925,0.6393,0.4085,0.5385,0.4925,0.3889,0.4493,0.4493,0.4925,0.4706,0.5152,0.4706,0.4085,0.4493,0.4706,0.5385,0.5385,0.4925,0.4493,0.4444,0.4286,0.5385,0.5625,0.5152,0.5152,0.4925,0.4706
stats_21.csv,21,content_to_function_ratio_sd,stats_21__content_to_function_ratio_sd,0.5832,0.1431,0.1854,0.1423,0.152,0.1857,0.2135,0.1502,0.2657,0.1797,0.1725,0.1517,0.2364,0.1837,0.1703,0.1972,0.1928,0.1755,0.1431,0.174,0.1707,0.147,0.1469,0.2001,0.1723,0.6347,0.1786,0.1885,0.1845,0.1716,0.1884,0.2076,0.2277,0.1906,0.1895,0.2101,0.3235,0.1559,0.1521,0.1315,0.1911,773.6708,0.1862,0.3477,0.1803,0.1752,0.2157,0.1676,0.1289,0.1955,0.2377,0.1448,1.2745,0.1667,0.163,266.9204,0.2015,0.1848,0.2051,0.1709,0.1404,0.1642,0.1849,0.1288,0.2163,0.1512,0.3217,0.1569,0.1347,0.1548,0.1662,0.1675,0.1595,0.1702,0.2178,0.1897,0.194,0.1685,0.1726,0.1586,0.1996,0.141,0.1922,0.1614,0.2005,0.2,0.1998,0.1996,0.1776,0.2087,0.2286,0.1647,0.1683,0.1934,0.1717,0.2289,0.2425,0.1454,0.1776,0.1697
stats_21.csv,21,hapax_lemma_per100_avg,stats_21__hapax_lemma_per100_avg,58.3283,53.7236,55.6382,42.7713,54.4434,52.8072,57.0181,50.9509,44.2533,48.743,49.5273,54.114,60.0527,50.5709,58.313,50.9682,52.757,47.6957,47.2861,46.6346,58.1473,52.7928,52.8858,49.5198,63.4861,56.3855,51.1367,55.0898,54.3287,54.5178,47.5481,52.6779,50.6584,53.5827,49.9309,63.8645,52.1171,49.426,54.0715,54.8052,52.8158,43.5241,48.3368,48.5845,53.0906,52.4018,54.5561,50.7526,43.5273,50.087,51.6455,53.011,53.7934,50.7647,50.8616,57.8245,59.3877,43.7727,47.9062,48.3573,55.5147,51.9519,63.592,46.8042,57.7121,59.5173,52.8391,41.5179,51.027,49.8769,55.5577,52.8319,51.0487,52.3542,49.3641,42.857,49.1408,53.1677,52.8213,53.9416,56.1144,47.2589,52.4563,52.1818,55.8075,43.8749,51.9753,56.1776,54.7746,53.269,47.7255,50.7718,54.6465,52.8595,52.1953,49.6483,56.7068,53.3759,55.0817,51.6664
stats_21.csv,21,hapax_lemma_per100_max,stats_21__hapax_lemma_per100_max,84.0,87.5,100.0,62.0,87.0968,100.0,77.0,90.4762,75.0,71.0,68.0,100.0,79.0,75.0,100.0,75.0,100.0,74.0,67.0,73.913,76.0,73.0,69.0,70.0,78.0,82.0,70.0,75.0,78.0,74.0,64.0,77.0,77.0,88.8889,75.6098,100.0,77.0,78.5714,71.0,71.0,75.0,100.0,70.0,70.0,77.0,68.0,76.0,74.0,77.7778,72.0,72.0,69.0,85.0,100.0,80.0,100.0,88.8889,61.0,73.0,68.0,76.0,71.0,100.0,100.0,77.0,76.0,88.2353,62.0,90.0,78.5714,75.0,77.7778,73.0,93.3333,76.0,68.0,73.0,100.0,73.0,74.0,75.9036,66.0,70.0,70.0,78.0,66.0,75.4386,76.0,75.0,100.0,72.0,84.6154,72.0,77.0,70.0,72.3404,81.0,70.5882,75.0,100.0
stats_21.csv,21,hapax_lemma_per100_min,stats_21__hapax_lemma_per100_min,16.0,33.0,34.0,17.0,5.0,30.0,31.0,26.0,16.0,25.0,26.0,35.0,33.0,16.0,32.0,23.0,29.0,21.0,27.0,21.0,43.0,34.0,35.0,18.0,47.0,30.0,29.0,31.0,28.0,33.0,26.0,21.0,14.0,34.0,25.0,43.0,24.0,24.0,34.0,37.0,30.0,22.0,18.0,13.0,26.0,33.0,28.0,24.0,28.0,23.0,26.0,33.0,24.0,27.0,26.0,24.0,42.0,22.0,21.0,24.0,16.0,26.0,45.0,27.0,22.0,39.0,33.0,16.0,35.0,26.0,34.0,29.0,29.0,32.0,26.0,9.0,16.0,30.0,27.0,32.0,33.0,23.0,28.0,33.0,28.0,16.0,16.0,34.0,24.0,29.0,20.0,30.0,23.0,27.0,30.0,27.0,26.0,28.0,32.0,28.0
stats_21.csv,21,hapax_lemma_per100_sd,stats_21__hapax_lemma_per100_sd,8.2803,6.2277,6.7078,7.0541,5.9068,6.9005,6.8652,6.4049,8.5285,6.7979,6.9234,6.0496,6.6482,6.9079,6.4543,7.2661,6.4966,7.2658,6.445,6.5504,5.3618,5.9136,5.5253,6.9983,5.5126,6.7834,7.2081,6.6561,6.4892,6.7571,6.8198,7.474,8.9646,6.6534,7.3699,5.5063,6.777,6.8861,5.522,5.2064,6.6713,9.2318,8.5436,7.1393,7.2465,6.4178,7.4732,6.6954,6.1775,8.1502,7.199,6.2107,6.7229,6.9177,6.5906,7.8825,5.9666,6.7553,7.3096,6.5809,5.685,7.3858,5.0843,6.1068,6.5078,5.8012,6.9012,6.9378,6.5167,6.7798,6.2713,6.664,6.882,7.3485,6.7669,9.4658,8.3372,6.3028,6.8625,6.4941,6.762,6.5223,7.056,6.2987,6.4572,7.3878,7.6362,6.3146,6.5775,7.0524,7.7743,6.7521,6.6835,6.802,7.1148,8.1024,7.4714,6.3097,6.0523,6.6958
stats_21.csv,21,token_total,stats_21__token_total,263129.0,196216.0,49103.0,76354.0,143831.0,103102.0,209778.0,398521.0,98679.0,353981.0,205320.0,121810.0,104482.0,564152.0,117812.0,102583.0,129109.0,353276.0,85432.0,113523.0,115569.0,36200.0,62867.0,163649.0,98936.0,173152.0,58840.0,185162.0,319379.0,38572.0,26697.0,63822.0,179480.0,138218.0,180041.0,143106.0,550883.0,185728.0,187188.0,74382.0,116051.0,16501.0,131392.0,243169.0,177341.0,61087.0,64592.0,357579.0,26609.0,98900.0,428839.0,29467.0,176625.0,244320.0,160330.0,140101.0,77518.0,69294.0,245300.0,50823.0,101273.0,61034.0,102107.0,118907.0,213719.0,82075.0,61917.0,90468.0,22120.0,125414.0,101729.0,86336.0,230363.0,31930.0,49479.0,57949.0,84091.0,63104.0,459636.0,291076.0,188683.0,75682.0,79227.0,158443.0,232791.0,175855.0,265157.0,103360.0,77983.0,190204.0,92389.0,86426.0,137613.0,141743.0,71046.0,32547.0,124370.0,68751.0,305572.0,122208.0
stats_22.csv,22,chunk_count_used,stats_22__chunk_count_used,2632.0,1963.0,492.0,764.0,1439.0,1032.0,2098.0,3986.0,987.0,3540.0,2054.0,1219.0,1045.0,5642.0,1179.0,1026.0,1292.0,3533.0,855.0,1136.0,1156.0,362.0,629.0,1637.0,990.0,1732.0,589.0,1852.0,3194.0,386.0,267.0,639.0,1795.0,1383.0,1801.0,1432.0,5509.0,1858.0,1872.0,744.0,1161.0,166.0,1314.0,2432.0,1774.0,611.0,646.0,3576.0,267.0,989.0,4289.0,295.0,1767.0,2444.0,1604.0,1402.0,776.0,693.0,2453.0,509.0,1013.0,611.0,1022.0,1190.0,2138.0,821.0,620.0,905.0,222.0,1255.0,1018.0,864.0,2304.0,320.0,495.0,580.0,841.0,632.0,4597.0,2911.0,1887.0,757.0,793.0,1585.0,2328.0,1759.0,2652.0,1034.0,780.0,1903.0,924.0,865.0,1377.0,1418.0,711.0,326.0,1244.0,688.0,3056.0,1223.0
stats_22.csv,22,chunk_size_words,stats_22__chunk_size_words,100.0,100.0,100.0,100.0,100.0,100.0,100.0,100.0,100.0,100.0,100.0,100.0,100.0,100.0,100.0,100.0,100.0,100.0,100.0,100.0,100.0,100.0,100.0,100.0,100.0,100.0,100.0,100.0,100.0,100.0,100.0,100.0,100.0,100.0,100.0,100.0,100.0,100.0,100.0,100.0,100.0,100.0,100.0,100.0,100.0,100.0,100.0,100.0,100.0,100.0,100.0,100.0,100.0,100.0,100.0,100.0,100.0,100.0,100.0,100.0,100.0,100.0,100.0,100.0,100.0,100.0,100.0,100.0,100.0,100.0,100.0,100.0,100.0,100.0,100.0,100.0,100.0,100.0,100.0,100.0,100.0,100.0,100.0,100.0,100.0,100.0,100.0,100.0,100.0,100.0,100.0,100.0,100.0,100.0,100.0,100.0,100.0,100.0,100.0,100.0
stats_22.csv,22,death_words_per100_avg,stats_22__death_words_per100_avg,0.1622,0.054,0.0854,0.1688,0.2613,0.1579,0.1706,0.1337,0.1023,0.0785,0.1573,0.0238,0.1225,0.1305,0.1688,0.1277,0.2477,0.2329,0.0082,0.1866,0.08,0.2072,0.345,0.1472,0.1071,0.0975,0.1036,0.1137,0.0529,0.171,0.0749,0.1784,0.2462,0.1472,0.1266,0.4811,0.1686,0.0797,0.1534,0.2903,0.0741,0.0964,0.1857,0.2451,0.2103,0.162,0.1378,0.0607,0.2322,0.2204,0.2,0.2237,0.069,0.1277,0.2016,0.1712,0.1534,0.0765,0.1117,0.3536,0.1076,0.0442,0.3571,0.2059,0.1694,0.1218,0.2597,0.1702,0.0315,0.0143,0.1375,0.2879,0.0573,0.2906,0.3798,0.1707,0.1356,0.2658,0.2288,0.0856,0.0556,0.1466,0.2119,0.017,0.0971,0.2439,0.1214,0.0397,0.1372,0.2296,0.3355,0.1503,0.1147,0.1502,0.1421,0.1503,0.2637,0.2122,0.0825,0.0875
stats_22.csv,22,death_words_per100_max,stats_22__death_words_per100_max,6.0,3.0,2.0,4.0,6.0,5.0,5.0,6.0,3.0,5.0,6.0,3.0,2.0,7.0,3.0,6.0,4.0,9.0,1.0,3.0,2.0,4.0,5.0,4.0,2.0,4.0,3.0,4.0,3.0,3.0,2.0,5.0,7.0,5.5556,5.0,5.0,5.0,4.0,3.0,4.0,4.0,2.0,5.0,6.0,5.0,3.0,3.0,3.0,5.0,4.0,6.0,4.0,5.0,5.0,7.0,5.0,4.0,4.0,6.0,4.0,3.0,1.0,4.0,9.0,5.2632,3.0,4.0,9.0,2.0,1.0,5.0,6.0,3.0,3.0,5.0,5.0,5.0,5.0,6.0,4.0,2.0,3.0,4.0,1.0,6.0,8.0,5.0,5.0,5.0,7.0,7.0,6.0,3.0,5.0,3.0,3.0,6.0,6.0,4.0,6.0
stats_22.csv,22,death_words_per100_min,stats_22__death_words_per100_min,0.0,0.0,0.0,0.0,0.0,0.0,0.0,0.0,0.0,0.0,0.0,0.0,0.0,0.0,0.0,0.0,0.0,0.0,0.0,0.0,0.0,0.0,0.0,0.0,0.0,0.0,0.0,0.0,0.0,0.0,0.0,0.0,0.0,0.0,0.0,0.0,0.0,0.0,0.0,0.0,0.0,0.0,0.0,0.0,0.0,0.0,0.0,0.0,0.0,0.0,0.0,0.0,0.0,0.0,0.0,0.0,0.0,0.0,0.0,0.0,0.0,0.0,0.0,0.0,0.0,0.0,0.0,0.0,0.0,0.0,0.0,0.0,0.0,0.0,0.0,0.0,0.0,0.0,0.0,0.0,0.0,0.0,0.0,0.0,0.0,0.0,0.0,0.0,0.0,0.0,0.0,0.0,0.0,0.0,0.0,0.0,0.0,0.0,0.0,0.0
stats_22.csv,22,death_words_per100_sd,stats_22__death_words_per100_sd,0.5067,0.2596,0.3005,0.4678,0.5628,0.5031,0.5134,0.4348,0.3933,0.3598,0.4764,0.1678,0.3585,0.4534,0.4525,0.4306,0.5907,0.6579,0.0901,0.4897,0.3024,0.5397,0.6885,0.4473,0.3373,0.3943,0.388,0.4076,0.2478,0.4685,0.2771,0.539,0.678,0.4817,0.4648,0.7657,0.4896,0.3364,0.4477,0.6149,0.3418,0.3149,0.5196,0.6658,0.5448,0.47,0.4634,0.2706,0.6289,0.5634,0.5429,0.5741,0.3134,0.4488,0.6034,0.4679,0.4853,0.3779,0.4346,0.7152,0.3787,0.2055,0.6815,0.5729,0.4909,0.3852,0.6211,0.7342,0.1989,0.1189,0.4463,0.665,0.2783,0.6123,0.7793,0.5053,0.5167,0.6281,0.626,0.3307,0.2513,0.425,0.5839,0.1294,0.3578,0.6771,0.4474,0.2664,0.4331,0.5692,0.8178,0.5139,0.3996,0.4515,0.4319,0.4942,0.645,0.582,0.3129,0.3746
stats_22.csv,22,sex_words_per100_avg,stats_22__sex_words_per100_avg,0.0416,0.0036,0.0061,0.0353,0.0229,0.0484,0.0472,0.013,0.0051,0.0059,0.0102,0.0074,0.0612,0.0101,0.0085,0.0205,0.0093,0.0125,0.0023,0.0158,0.0311,0.011,0.0079,0.0129,0.0414,0.0346,0.0136,0.0113,0.0059,0.013,0.0,0.0235,0.0251,0.0137,0.0105,0.1257,0.0191,0.0172,0.0059,0.0067,0.0164,0.0,0.0152,0.0136,0.0287,0.0033,0.0279,0.0892,0.0112,0.0344,0.0152,0.0068,0.0277,0.0082,0.0168,0.025,0.0193,0.0072,0.0701,0.0472,0.0346,0.0049,0.091,0.0042,0.0271,0.0536,0.0177,0.0044,0.0045,0.0048,0.0138,0.0035,0.0052,0.0187,0.0566,0.0069,0.0226,0.0047,0.0111,0.0265,0.0069,0.0185,0.0063,0.0038,0.0112,0.0142,0.0038,0.0097,0.0987,0.0147,0.0292,0.0601,0.0182,0.0078,0.0197,0.0061,0.4373,0.0538,0.0131,0.0106
stats_22.csv,22,sex_words_per100_max,stats_22__sex_words_per100_max,3.4483,1.0,1.0,3.0,3.0,3.0,4.0,2.0,1.0,2.0,3.0,1.0,4.0,2.0,1.0,2.0,1.0,4.0,1.0,2.0,1.0,1.0,1.0,2.0408,2.0,2.0,2.0,1.0,1.0,1.0,0.0,1.0,3.0,2.0,2.0,2.0,2.0,2.0,1.0,1.0,1.0,0.0,3.0,4.0,2.0,1.0,2.0,5.0,2.0,2.0,2.0,1.0,4.0,1.0,1.0,3.0,1.0,1.0,5.0,2.0,2.0,1.0,2.0,1.0,1.0,2.0,2.0,2.0,1.0,1.0,3.0,2.0,1.0,1.0,4.0,1.0,1.0,1.0,2.0,2.0,1.0,1.0,1.0,1.0,1.0,2.0,1.0,1.0,4.0,2.0,2.0,3.0,2.0,1.0,2.0,1.0,4.0,3.0,2.0,2.0
stats_22.csv,22,sex_words_per100_min,stats_22__sex_words_per100_min,0.0,0.0,0.0,0.0,0.0,0.0,0.0,0.0,0.0,0.0,0.0,0.0,0.0,0.0,0.0,0.0,0.0,0.0,0.0,0.0,0.0,0.0,0.0,0.0,0.0,0.0,0.0,0.0,0.0,0.0,0.0,0.0,0.0,0.0,0.0,0.0,0.0,0.0,0.0,0.0,0.0,0.0,0.0,0.0,0.0,0.0,0.0,0.0,0.0,0.0,0.0,0.0,0.0,0.0,0.0,0.0,0.0,0.0,0.0,0.0,0.0,0.0,0.0,0.0,0.0,0.0,0.0,0.0,0.0,0.0,0.0,0.0,0.0,0.0,0.0,0.0,0.0,0.0,0.0,0.0,0.0,0.0,0.0,0.0,0.0,0.0,0.0,0.0,0.0,0.0,0.0,0.0,0.0,0.0,0.0,0.0,0.0,0.0,0.0,0.0
stats_22.csv,22,sex_words_per100_sd,stats_22__sex_words_per100_sd,0.2251,0.0596,0.0778,0.2289,0.1753,0.2634,0.2492,0.1178,0.071,0.0838,0.1224,0.0856,0.2837,0.1035,0.0917,0.1609,0.0959,0.134,0.0483,0.1383,0.1737,0.1045,0.0888,0.1183,0.2043,0.1891,0.1296,0.1059,0.0769,0.1131,0.0,0.1514,0.1857,0.1282,0.1075,0.3439,0.1407,0.1381,0.0764,0.0817,0.1269,0.0,0.1398,0.1413,0.1737,0.0571,0.1737,0.3987,0.1364,0.2032,0.1241,0.0821,0.1957,0.0901,0.1286,0.1891,0.1377,0.0846,0.3205,0.2382,0.1931,0.0699,0.2943,0.0647,0.1625,0.2306,0.1437,0.0813,0.067,0.069,0.1395,0.076,0.072,0.1356,0.3127,0.0828,0.1486,0.0687,0.1068,0.1768,0.0827,0.1347,0.0792,0.0614,0.1051,0.1231,0.0613,0.0979,0.388,0.1329,0.2034,0.2903,0.144,0.0877,0.1487,0.0781,0.8831,0.2929,0.122,0.1102
stats_22.csv,22,token_total,stats_22__token_total,263129.0,196216.0,49103.0,76354.0,143831.0,103102.0,209778.0,398521.0,98679.0,353981.0,205320.0,121810.0,104482.0,564152.0,117812.0,102583.0,129109.0,353276.0,85432.0,113523.0,115569.0,36200.0,62867.0,163649.0,98936.0,173152.0,58840.0,185162.0,319379.0,38572.0,26697.0,63822.0,179480.0,138218.0,180041.0,143106.0,550883.0,185728.0,187188.0,74382.0,116051.0,16501.0,131392.0,243169.0,177341.0,61087.0,64592.0,357579.0,26609.0,98900.0,428839.0,29467.0,176625.0,244320.0,160330.0,140101.0,77518.0,69294.0,245300.0,50823.0,101273.0,61034.0,102107.0,118907.0,213719.0,82075.0,61917.0,90468.0,22120.0,125414.0,101729.0,86336.0,230363.0,31930.0,49479.0,57949.0,84091.0,63104.0,459636.0,291076.0,188683.0,75682.0,79227.0,158443.0,232791.0,175855.0,265157.0,103360.0,77983.0,190204.0,92389.0,86426.0,137613.0,141743.0,71046.0,32547.0,124370.0,68751.0,305572.0,122208.0
stats_22.csv,22,total_flagged_words_per100_avg,stats_22__total_flagged_words_per100_avg,0.2038,0.0576,0.0915,0.2042,0.2842,0.2064,0.2178,0.1468,0.1074,0.0845,0.1675,0.0312,0.1837,0.1406,0.1773,0.1481,0.257,0.2454,0.0105,0.2025,0.1111,0.2182,0.3529,0.1601,0.1485,0.1321,0.1171,0.1251,0.0589,0.1839,0.0749,0.2019,0.2713,0.1609,0.1371,0.6068,0.1877,0.0969,0.1593,0.297,0.0904,0.0964,0.2009,0.2586,0.239,0.1653,0.1656,0.1499,0.2434,0.2548,0.2152,0.2305,0.0968,0.1358,0.2184,0.1961,0.1727,0.0837,0.1818,0.4008,0.1422,0.0491,0.4481,0.2101,0.1966,0.1754,0.2774,0.1746,0.036,0.0191,0.1513,0.2914,0.0625,0.3094,0.4364,0.1776,0.1581,0.2706,0.2399,0.1121,0.0625,0.1651,0.2182,0.0208,0.1082,0.2581,0.1252,0.0493,0.2359,0.2444,0.3647,0.2104,0.1329,0.158,0.1617,0.1564,0.701,0.266,0.0955,0.0981
stats_22.csv,22,total_flagged_words_per100_max,stats_22__total_flagged_words_per100_max,6.0,3.0,2.0,4.0,6.0,5.0,6.0,6.0,3.0,5.0,6.0,3.0,4.0,7.0,3.0,6.0,4.0,9.0,1.0,3.0,2.0,4.0,5.0,4.0,2.0,4.0,3.0,4.0,3.0,3.0,2.0,5.0,8.0,5.5556,5.0,5.0,5.0,4.0,3.0,4.0,4.0,2.0,5.0,6.0,5.0,3.0,3.0,5.0,5.0,4.0,6.0,4.0,5.0,5.0,7.0,5.0,4.0,4.0,6.0,4.0,3.0,1.0,4.0,9.0,5.2632,3.0,4.0,9.0,2.0,1.0,5.0,6.0,3.0,3.0,5.0,5.0,5.0,5.0,6.0,4.0,2.0,3.0,4.0,1.0,6.0,8.0,5.0,5.0,5.0,7.0,7.0,6.0,3.0,5.0,3.0,3.0,6.0,6.0,4.0,6.0
stats_22.csv,22,total_flagged_words_per100_min,stats_22__total_flagged_words_per100_min,0.0,0.0,0.0,0.0,0.0,0.0,0.0,0.0,0.0,0.0,0.0,0.0,0.0,0.0,0.0,0.0,0.0,0.0,0.0,0.0,0.0,0.0,0.0,0.0,0.0,0.0,0.0,0.0,0.0,0.0,0.0,0.0,0.0,0.0,0.0,0.0,0.0,0.0,0.0,0.0,0.0,0.0,0.0,0.0,0.0,0.0,0.0,0.0,0.0,0.0,0.0,0.0,0.0,0.0,0.0,0.0,0.0,0.0,0.0,0.0,0.0,0.0,0.0,0.0,0.0,0.0,0.0,0.0,0.0,0.0,0.0,0.0,0.0,0.0,0.0,0.0,0.0,0.0,0.0,0.0,0.0,0.0,0.0,0.0,0.0,0.0,0.0,0.0,0.0,0.0,0.0,0.0,0.0,0.0,0.0,0.0,0.0,0.0,0.0,0.0
stats_22.csv,22,total_flagged_words_per100_sd,stats_22__total_flagged_words_per100_sd,0.5477,0.2656,0.3087,0.5169,0.5887,0.5849,0.5823,0.45,0.3983,0.3689,0.4936,0.1874,0.4554,0.4645,0.4641,0.4667,0.5997,0.6701,0.1021,0.5168,0.344,0.5456,0.6971,0.4586,0.3908,0.4335,0.418,0.4193,0.2594,0.4773,0.2771,0.5552,0.7029,0.4959,0.4755,0.8355,0.5173,0.3598,0.4534,0.6215,0.3636,0.3149,0.5399,0.6877,0.5672,0.4723,0.4871,0.4741,0.6395,0.5947,0.5603,0.589,0.3658,0.4599,0.6175,0.5018,0.5062,0.3895,0.5376,0.7446,0.4186,0.2161,0.7603,0.5765,0.5146,0.4452,0.6429,0.7376,0.2092,0.137,0.4656,0.6678,0.2864,0.6284,0.8333,0.5165,0.5319,0.6299,0.6375,0.3754,0.2671,0.4427,0.587,0.1428,0.3723,0.6881,0.4514,0.2824,0.5758,0.5851,0.8541,0.5747,0.4198,0.4589,0.463,0.4985,1.0657,0.6651,0.3375,0.3923
stats_23.csv,23,chunk_count_used,stats_23__chunk_count_used,2632.0,1963.0,492.0,764.0,1439.0,1032.0,2098.0,3986.0,987.0,3540.0,2054.0,1219.0,1045.0,5642.0,1179.0,1026.0,1292.0,3533.0,855.0,1136.0,1156.0,362.0,629.0,1637.0,990.0,1732.0,589.0,1852.0,3194.0,386.0,267.0,639.0,1795.0,1383.0,1801.0,1432.0,5509.0,1858.0,1872.0,744.0,1161.0,166.0,1314.0,2432.0,1774.0,611.0,646.0,3576.0,267.0,989.0,4289.0,295.0,1767.0,2444.0,1604.0,1402.0,776.0,693.0,2453.0,509.0,1013.0,611.0,1022.0,1190.0,2138.0,821.0,620.0,905.0,222.0,1255.0,1018.0,864.0,2304.0,320.0,495.0,580.0,841.0,632.0,4597.0,2911.0,1887.0,757.0,793.0,1585.0,2328.0,1759.0,2652.0,1034.0,780.0,1903.0,924.0,865.0,1377.0,1418.0,711.0,326.0,1244.0,688.0,3056.0,1223.0
stats_23.csv,23,chunk_size_words,stats_23__chunk_size_words,100.0,100.0,100.0,100.0,100.0,100.0,100.0,100.0,100.0,100.0,100.0,100.0,100.0,100.0,100.0,100.0,100.0,100.0,100.0,100.0,100.0,100.0,100.0,100.0,100.0,100.0,100.0,100.0,100.0,100.0,100.0,100.0,100.0,100.0,100.0,100.0,100.0,100.0,100.0,100.0,100.0,100.0,100.0,100.0,100.0,100.0,100.0,100.0,100.0,100.0,100.0,100.0,100.0,100.0,100.0,100.0,100.0,100.0,100.0,100.0,100.0,100.0,100.0,100.0,100.0,100.0,100.0,100.0,100.0,100.0,100.0,100.0,100.0,100.0,100.0,100.0,100.0,100.0,100.0,100.0,100.0,100.0,100.0,100.0,100.0,100.0,100.0,100.0,100.0,100.0,100.0,100.0,100.0,100.0,100.0,100.0,100.0,100.0,100.0,100.0
stats_23.csv,23,first_person_narration_per100_avg,stats_23__first_person_narration_per100_avg,2.1763,1.0785,2.6179,2.6988,0.2154,0.4419,1.5741,1.843,3.8501,1.3119,1.7386,0.9598,2.4144,0.9822,3.486,3.1559,0.1718,1.8752,0.5614,3.8049,0.8841,6.2707,0.6169,0.482,2.301,0.4388,0.0951,4.5953,1.4487,0.3627,0.0187,0.2982,1.4209,0.9306,1.4255,0.6215,1.0021,4.8208,0.8745,5.2734,1.4849,1.5422,0.6117,0.8729,1.3551,0.4926,0.5635,6.0844,0.6479,0.6198,0.2882,0.3593,3.4771,1.32,4.724,0.9044,0.0928,2.8644,0.5903,0.2574,5.2117,1.3601,0.3503,7.6891,1.7788,1.0942,0.1629,3.9949,0.0,2.1291,1.2741,0.4421,1.8893,1.5833,0.1576,1.5414,1.4063,2.538,1.4436,1.0412,0.8694,1.4478,0.6091,1.0612,1.1482,1.0523,1.2617,0.5387,0.3949,0.6295,0.3325,0.5283,1.1169,0.452,3.7679,0.6472,1.6431,3.4288,0.4548,0.8618
stats_23.csv,23,first_person_narration_per100_max,stats_23__first_person_narration_per100_max,755.0,20.0,12.0,17.0,7.0,9.0,17.0,27.0,150.0,17.0,17.0,15.0,18.0,16.0,18.0,14.0,11.0,19.0,10.0,21.0,11.0,17.0,15.0,14.0,13.0,13.0,4.0,18.0,15.0,15.0,1.0,6.0,15.0,13.0,15.0,13.0,27.0,20.0,18.0,18.0,12.0,13.0,20.0,20.0,14.0,7.0,11.0,22.0,8.0,59.0,12.0,7.0,29.0,17.0,19.0,16.0,9.0,24.0,13.0,12.0,24.0,15.0,13.0,29.0,16.0,11.0,6.0,20.0,0.0,17.0,16.0,10.0,17.0,14.0,9.0,15.0,17.0,15.0,20.0,16.0,13.0,12.0,14.0,15.0,16.0,12.0,15.0,9.0,10.0,11.0,15.0,12.0,13.0,12.0,16.0,11.0,16.0,15.0,10.0,13.0
stats_23.csv,23,first_person_narration_per100_min,stats_23__first_person_narration_per100_min,0.0,0.0,0.0,0.0,0.0,0.0,0.0,0.0,0.0,0.0,0.0,0.0,0.0,0.0,0.0,0.0,0.0,0.0,0.0,0.0,0.0,0.0,0.0,0.0,0.0,0.0,0.0,0.0,0.0,0.0,0.0,0.0,0.0,0.0,0.0,0.0,0.0,0.0,0.0,0.0,0.0,0.0,0.0,0.0,0.0,0.0,0.0,0.0,0.0,0.0,0.0,0.0,0.0,0.0,0.0,0.0,0.0,0.0,0.0,0.0,0.0,0.0,0.0,0.0,0.0,0.0,0.0,0.0,0.0,0.0,0.0,0.0,0.0,0.0,0.0,0.0,0.0,0.0,0.0,0.0,0.0,0.0,0.0,0.0,0.0,0.0,0.0,0.0,0.0,0.0,0.0,0.0,0.0,0.0,0.0,0.0,0.0,0.0,0.0,0.0
stats_23.csv,23,first_person_narration_per100_sd,stats_23__first_person_narration_per100_sd,17.5929,2.2877,2.5078,2.6534,0.6696,1.1507,2.4547,3.0691,6.8338,2.186,2.8492,2.0786,2.9587,1.806,3.2767,2.795,0.9669,2.9185,1.3248,3.7439,1.7925,3.4487,1.7051,1.4839,2.4471,1.4012,0.3967,3.7897,2.3009,1.5748,0.1356,0.824,2.3085,1.5733,2.287,1.4965,2.0955,3.3756,1.8434,4.6453,2.2056,2.6357,2.0459,2.317,2.1068,1.1289,1.3486,3.3794,1.4021,2.5177,0.8942,1.1672,3.9849,2.4314,3.7258,1.9522,0.6085,2.8531,1.6187,1.1242,4.3826,2.8263,1.2302,4.6778,2.3666,2.0218,0.6433,3.4216,0.0,2.8858,2.3759,1.1927,2.9394,2.8626,0.7463,2.2682,2.3067,3.3853,2.277,1.9682,1.642,2.2314,1.724,2.2992,2.2624,1.8791,2.2939,1.3087,1.078,1.2522,1.301,1.2351,1.9667,1.3565,3.0027,1.4824,2.8247,3.0762,1.2137,1.8606
stats_23.csv,23,token_total,stats_23__token_total,263129.0,196216.0,49103.0,76354.0,143831.0,103102.0,209778.0,398521.0,98679.0,353981.0,205320.0,121810.0,104482.0,564152.0,117812.0,102583.0,129109.0,353276.0,85432.0,113523.0,115569.0,36200.0,62867.0,163649.0,98936.0,173152.0,58840.0,185162.0,319379.0,38572.0,26697.0,63822.0,179480.0,138218.0,180041.0,143106.0,550883.0,185728.0,187188.0,74382.0,116051.0,16501.0,131392.0,243169.0,177341.0,61087.0,64592.0,357579.0,26609.0,98900.0,428839.0,29467.0,176625.0,244320.0,160330.0,140101.0,77518.0,69294.0,245300.0,50823.0,101273.0,61034.0,102107.0,118907.0,213719.0,82075.0,61917.0,90468.0,22120.0,125414.0,101729.0,86336.0,230363.0,31930.0,49479.0,57949.0,84091.0,63104.0,459636.0,291076.0,188683.0,75682.0,79227.0,158443.0,232791.0,175855.0,265157.0,103360.0,77983.0,190204.0,92389.0,86426.0,137613.0,141743.0,71046.0,32547.0,124370.0,68751.0,305572.0,122208.0
stats_24.csv,24,n_chars_first_sentence,stats_24__n_chars_first_sentence,121.0,43.0,120.0,313.0,153.0,73.0,16.0,224.0,79.0,77.0,105.0,116.0,43.0,81.0,107.0,82.0,140.0,286.0,30.0,78.0,150.0,18.0,26.0,128.0,244.0,155.0,50.0,51.0,383.0,97.0,234.0,0.0,27.0,87.0,22.0,203.0,11.0,151.0,31.0,7.0,55.0,128.0,678.0,52.0,22.0,114.0,50.0,132.0,124.0,13.0,114.0,0.0,986.0,164.0,4.0,125.0,33.0,63.0,44.0,68.0,52.0,46.0,13.0,161.0,33.0,17.0,51.0,125.0,121.0,27.0,114.0,145.0,134.0,83.0,32.0,70.0,188.0,43.0,143.0,56.0,17.0,44.0,243.0,239.0,28.0,151.0,388.0,120.0,182.0,88.0,51.0,220.0,50.0,145.0,123.0,32.0,126.0,59.0,337.0,64.0
stats_24.csv,24,n_words_first_sentence,stats_24__n_words_first_sentence,22.0,10.0,23.0,63.0,26.0,14.0,3.0,46.0,13.0,14.0,21.0,23.0,9.0,14.0,19.0,16.0,25.0,49.0,3.0,17.0,28.0,3.0,4.0,25.0,47.0,28.0,8.0,10.0,70.0,19.0,44.0,0.0,6.0,18.0,5.0,34.0,1.0,26.0,4.0,1.0,13.0,24.0,123.0,9.0,4.0,23.0,9.0,27.0,27.0,2.0,19.0,0.0,170.0,28.0,1.0,20.0,6.0,9.0,9.0,11.0,9.0,9.0,2.0,32.0,8.0,3.0,10.0,26.0,20.0,5.0,18.0,26.0,22.0,15.0,6.0,14.0,38.0,9.0,24.0,9.0,2.0,9.0,45.0,41.0,5.0,31.0,61.0,22.0,38.0,16.0,10.0,36.0,11.0,24.0,23.0,6.0,22.0,10.0,64.0,12.0
stats_25.csv,25,chunk_count_used,stats_25__chunk_count_used,2604.0,1956.0,482.0,736.0,1446.0,1034.0,2091.0,3997.0,969.0,3502.0,2034.0,1204.0,1045.0,5627.0,1158.0,990.0,1289.0,3498.0,826.0,1102.0,1158.0,358.0,633.0,1581.0,952.0,1730.0,587.0,1844.0,3149.0,386.0,264.0,637.0,1761.0,1371.0,1763.0,1393.0,5548.0,1832.0,1876.0,747.0,1149.0,168.0,1320.0,2434.0,1738.0,596.0,643.0,3513.0,267.0,979.0,4200.0,297.0,1721.0,2428.0,1591.0,1392.0,769.0,679.0,2405.0,512.0,1026.0,604.0,972.0,1204.0,2126.0,815.0,598.0,889.0,220.0,1219.0,1005.0,865.0,2243.0,324.0,493.0,574.0,840.0,632.0,4609.0,2906.0,1848.0,758.0,792.0,1553.0,2320.0,1764.0,2618.0,1014.0,784.0,1870.0,905.0,863.0,1383.0,1399.0,702.0,317.0,1227.0,680.0,3011.0,1221.0
stats_25.csv,25,chunk_size_words,stats_25__chunk_size_words,100.0,100.0,100.0,100.0,100.0,100.0,100.0,100.0,100.0,100.0,100.0,100.0,100.0,100.0,100.0,100.0,100.0,100.0,100.0,100.0,100.0,100.0,100.0,100.0,100.0,100.0,100.0,100.0,100.0,100.0,100.0,100.0,100.0,100.0,100.0,100.0,100.0,100.0,100.0,100.0,100.0,100.0,100.0,100.0,100.0,100.0,100.0,100.0,100.0,100.0,100.0,100.0,100.0,100.0,100.0,100.0,100.0,100.0,100.0,100.0,100.0,100.0,100.0,100.0,100.0,100.0,100.0,100.0,100.0,100.0,100.0,100.0,100.0,100.0,100.0,100.0,100.0,100.0,100.0,100.0,100.0,100.0,100.0,100.0,100.0,100.0,100.0,100.0,100.0,100.0,100.0,100.0,100.0,100.0,100.0,100.0,100.0,100.0,100.0,100.0
stats_25.csv,25,no_finite_fragments_per100_avg,stats_25__no_finite_fragments_per100_avg,3.7116,0.1953,0.8382,1.2541,0.0913,0.4603,0.847,0.1008,1.6336,0.6134,0.8702,0.2957,0.6928,0.5902,0.6917,0.7586,0.6874,0.7613,0.1622,0.5354,0.7703,0.1676,0.0521,1.9323,0.6681,0.4538,0.2198,0.5798,0.2934,0.6347,0.8106,0.4835,0.91,0.7338,0.9519,0.8622,0.7468,0.6588,0.3374,0.2426,0.6554,0.7606,0.2826,0.4281,0.8654,1.6359,1.5689,0.6117,0.5393,1.5378,0.7459,0.2391,0.3085,0.7595,0.4961,0.8333,0.433,2.0839,0.6812,0.2402,0.0965,0.5695,0.6317,0.0524,0.5922,0.3914,1.4749,1.7694,0.1591,0.1969,0.792,0.2532,0.4307,0.4475,0.3874,0.7387,0.9061,0.5411,0.644,0.3964,0.4259,0.1359,0.7854,0.4179,0.4901,1.6253,0.659,0.3471,0.2781,1.0444,1.1779,0.3441,0.6052,0.787,0.4986,1.5584,1.1614,0.4749,0.3154,0.8706
stats_25.csv,25,no_finite_fragments_per100_max,stats_25__no_finite_fragments_per100_max,31.0,5.0,6.0,19.0,3.0,15.0,26.0,11.0,18.0,11.0,11.0,10.0,15.0,10.0,7.0,7.0,11.0,10.0,2.0,12.0,9.0,3.0,1.0,12.0,6.0,9.0,5.0,12.0,6.0,7.0,7.0,7.0,12.0,10.0,10.0,9.0,23.0,9.0,5.0,5.0,10.0,8.0,17.0,27.0,12.0,11.0,9.0,12.0,7.0,14.0,11.0,5.0,53.0,8.0,12.0,14.0,7.0,16.0,13.0,5.0,5.0,9.0,6.0,5.0,11.0,7.0,9.0,16.0,6.0,5.0,10.0,4.0,7.0,6.0,8.0,7.0,18.0,5.0,12.0,9.0,6.0,3.0,9.0,8.0,9.0,24.0,8.0,5.0,14.0,10.0,10.0,6.0,7.0,16.0,7.0,25.0,23.0,6.0,7.0,9.0
stats_25.csv,25,no_finite_fragments_per100_min,stats_25__no_finite_fragments_per100_min,0.0,0.0,0.0,0.0,0.0,0.0,0.0,0.0,0.0,0.0,0.0,0.0,0.0,0.0,0.0,0.0,0.0,0.0,0.0,0.0,0.0,0.0,0.0,0.0,0.0,0.0,0.0,0.0,0.0,0.0,0.0,0.0,0.0,0.0,0.0,0.0,0.0,0.0,0.0,0.0,0.0,0.0,0.0,0.0,0.0,0.0,0.0,0.0,0.0,0.0,0.0,0.0,0.0,0.0,0.0,0.0,0.0,0.0,0.0,0.0,0.0,0.0,0.0,0.0,0.0,0.0,0.0,0.0,0.0,0.0,0.0,0.0,0.0,0.0,0.0,0.0,0.0,0.0,0.0,0.0,0.0,0.0,0.0,0.0,0.0,0.0,0.0,0.0,0.0,0.0,0.0,0.0,0.0,0.0,0.0,0.0,0.0,0.0,0.0,0.0
stats_25.csv,25,no_finite_fragments_per100_sd,stats_25__no_finite_fragments_per100_sd,4.4396,0.548,1.2634,1.8894,0.3199,1.1285,1.8061,0.4661,2.1946,1.104,1.33,0.7758,1.4583,1.1462,1.1316,1.1188,1.2397,1.2448,0.3971,1.071,1.3818,0.4606,0.2223,2.1736,0.9964,0.9968,0.6323,1.0998,0.6755,1.0863,1.2131,0.8708,1.5214,1.2078,1.3725,1.0948,1.4801,1.2668,0.6544,0.6029,1.2169,1.2535,0.9769,1.8893,1.4954,1.8816,1.7222,1.177,1.021,2.0999,1.2243,0.7477,1.6183,1.2237,0.994,1.5156,0.9242,2.4502,1.2288,0.6365,0.4409,0.9715,0.9005,0.2992,1.143,0.8807,1.6126,2.3105,0.5536,0.541,1.256,0.6284,0.8572,0.9364,0.8974,1.1253,1.6501,0.9114,1.1841,0.924,0.8502,0.4434,1.1857,0.8848,1.0209,2.3046,1.1477,0.7993,0.9129,1.2928,1.6886,0.7753,1.1473,1.4424,0.9409,2.3118,1.7663,0.9166,0.7374,1.3884
stats_25.csv,25,no_verb_fragments_per100_avg,stats_25__no_verb_fragments_per100_avg,2.5215,0.1564,0.4378,0.7976,0.0408,0.265,0.4926,0.0643,0.743,0.3626,0.5029,0.186,0.4316,0.3602,0.3428,0.402,0.3561,0.3938,0.092,0.2958,0.5164,0.095,0.0111,0.8887,0.3834,0.3156,0.1482,0.4056,0.167,0.4715,0.4621,0.3501,0.5344,0.4478,0.5205,0.3618,0.515,0.417,0.1951,0.169,0.3899,0.5238,0.1758,0.3648,0.5483,0.8641,1.0588,0.3948,0.2322,0.9603,0.3931,0.1448,0.2499,0.4811,0.2986,0.6193,0.2549,1.0972,0.482,0.0957,0.0604,0.2997,0.1903,0.0299,0.373,0.189,0.7692,0.9876,0.0773,0.105,0.4537,0.1457,0.1815,0.3457,0.2779,0.3293,0.6553,0.3544,0.4693,0.2639,0.2121,0.0765,0.4508,0.2795,0.306,1.093,0.4268,0.2367,0.1849,0.6353,0.6685,0.2225,0.3818,0.3424,0.2949,0.7823,0.7465,0.2705,0.1846,0.4881
stats_25.csv,25,no_verb_fragments_per100_max,stats_25__no_verb_fragments_per100_max,28.0,5.0,6.0,12.0,3.0,14.0,22.0,10.0,13.0,8.0,8.0,8.0,9.0,9.0,5.0,6.0,9.0,8.0,2.0,11.0,9.0,2.0,1.0,10.0,5.0,8.0,4.0,12.0,4.0,7.0,6.0,5.0,9.0,9.0,9.0,4.0,22.0,9.0,5.0,3.0,7.0,8.0,13.0,24.0,9.0,8.0,7.0,8.0,6.0,12.0,7.0,5.0,53.0,6.0,8.0,13.0,5.0,10.0,12.0,5.0,5.0,4.0,5.0,3.0,8.0,4.0,7.0,9.0,4.0,5.0,8.0,4.0,3.0,6.0,7.0,7.0,11.0,4.0,11.0,8.0,5.0,3.0,7.0,7.0,8.0,21.0,8.0,4.0,13.0,10.0,9.0,6.0,7.0,12.0,4.0,20.0,19.0,6.0,5.0,8.0
stats_25.csv,25,no_verb_fragments_per100_min,stats_25__no_verb_fragments_per100_min,0.0,0.0,0.0,0.0,0.0,0.0,0.0,0.0,0.0,0.0,0.0,0.0,0.0,0.0,0.0,0.0,0.0,0.0,0.0,0.0,0.0,0.0,0.0,0.0,0.0,0.0,0.0,0.0,0.0,0.0,0.0,0.0,0.0,0.0,0.0,0.0,0.0,0.0,0.0,0.0,0.0,0.0,0.0,0.0,0.0,0.0,0.0,0.0,0.0,0.0,0.0,0.0,0.0,0.0,0.0,0.0,0.0,0.0,0.0,0.0,0.0,0.0,0.0,0.0,0.0,0.0,0.0,0.0,0.0,0.0,0.0,0.0,0.0,0.0,0.0,0.0,0.0,0.0,0.0,0.0,0.0,0.0,0.0,0.0,0.0,0.0,0.0,0.0,0.0,0.0,0.0,0.0,0.0,0.0,0.0,0.0,0.0,0.0,0.0,0.0
stats_25.csv,25,no_verb_fragments_per100_sd,stats_25__no_verb_fragments_per100_sd,3.3204,0.4818,0.8816,1.3598,0.2081,0.8376,1.2828,0.3546,1.3381,0.7853,0.9538,0.5635,1.0111,0.8462,0.7204,0.7824,0.8673,0.8403,0.3132,0.7748,1.0633,0.3375,0.1046,1.2987,0.7312,0.8045,0.4708,0.9003,0.4688,0.8877,0.8911,0.7098,1.1096,0.9242,0.9658,0.6605,1.1892,0.9214,0.4923,0.473,0.8867,1.0688,0.7024,1.692,1.1144,1.2068,1.3587,0.892,0.6407,1.5341,0.8127,0.5343,1.5749,0.8994,0.7391,1.2944,0.6747,1.5368,0.9867,0.4106,0.3424,0.672,0.4883,0.2057,0.8425,0.5414,1.114,1.46,0.3673,0.4016,0.931,0.4658,0.4975,0.7843,0.744,0.775,1.3238,0.7255,0.994,0.7267,0.5759,0.332,0.8349,0.664,0.7687,1.7974,0.8941,0.5968,0.7594,1.0089,1.1499,0.6325,0.864,0.8927,0.6515,1.742,1.3427,0.6686,0.5219,0.9926
stats_25.csv,25,token_total,stats_25__token_total,260370.0,195596.0,48156.0,73510.0,144547.0,103346.0,209046.0,399694.0,96872.0,350198.0,203351.0,120312.0,104470.0,562626.0,115786.0,98990.0,128875.0,349763.0,82514.0,110112.0,115779.0,35704.0,63221.0,158018.0,95172.0,172901.0,58642.0,184324.0,314873.0,38519.0,26304.0,63615.0,176022.0,137054.0,176238.0,139242.0,554748.0,183162.0,187539.0,74682.0,114835.0,16756.0,131928.0,243396.0,173755.0,59566.0,64236.0,351204.0,26679.0,97873.0,419969.0,29629.0,172064.0,242794.0,159077.0,139125.0,76842.0,67879.0,240463.0,51111.0,102565.0,60318.0,97136.0,120396.0,212534.0,81407.0,59704.0,88820.0,21955.0,121832.0,100489.0,86495.0,224298.0,32369.0,49261.0,57310.0,83955.0,63164.0,460868.0,290521.0,184705.0,75764.0,79178.0,155209.0,231937.0,176358.0,261780.0,101356.0,78380.0,186972.0,90409.0,86261.0,138276.0,139805.0,70157.0,31685.0,122625.0,67952.0,301072.0,122002.0
stats_26.csv,26,chunk_count_used,stats_26__chunk_count_used,2604.0,1956.0,482.0,736.0,1446.0,1034.0,2091.0,3997.0,969.0,3502.0,2034.0,1204.0,1045.0,5627.0,1158.0,990.0,1289.0,3498.0,826.0,1102.0,1158.0,358.0,633.0,1581.0,952.0,1730.0,587.0,1844.0,3149.0,386.0,264.0,637.0,1761.0,1371.0,1763.0,1393.0,5548.0,1832.0,1876.0,747.0,1149.0,168.0,1320.0,2434.0,1738.0,596.0,643.0,3513.0,267.0,979.0,4200.0,297.0,1721.0,2428.0,1591.0,1392.0,769.0,679.0,2405.0,512.0,1026.0,604.0,972.0,1204.0,2126.0,815.0,598.0,889.0,220.0,1219.0,1005.0,865.0,2243.0,324.0,493.0,574.0,840.0,632.0,4609.0,2906.0,1848.0,758.0,792.0,1553.0,2320.0,1764.0,2618.0,1014.0,784.0,1870.0,905.0,863.0,1383.0,1399.0,702.0,317.0,1227.0,680.0,3011.0,1221.0
stats_26.csv,26,chunk_size_words,stats_26__chunk_size_words,100.0,100.0,100.0,100.0,100.0,100.0,100.0,100.0,100.0,100.0,100.0,100.0,100.0,100.0,100.0,100.0,100.0,100.0,100.0,100.0,100.0,100.0,100.0,100.0,100.0,100.0,100.0,100.0,100.0,100.0,100.0,100.0,100.0,100.0,100.0,100.0,100.0,100.0,100.0,100.0,100.0,100.0,100.0,100.0,100.0,100.0,100.0,100.0,100.0,100.0,100.0,100.0,100.0,100.0,100.0,100.0,100.0,100.0,100.0,100.0,100.0,100.0,100.0,100.0,100.0,100.0,100.0,100.0,100.0,100.0,100.0,100.0,100.0,100.0,100.0,100.0,100.0,100.0,100.0,100.0,100.0,100.0,100.0,100.0,100.0,100.0,100.0,100.0,100.0,100.0,100.0,100.0,100.0,100.0,100.0,100.0,100.0,100.0,100.0,100.0
stats_26.csv,26,dialogue_per100_avg,stats_26__dialogue_per100_avg,0.0,0.0936,2.1701,1.0598,0.1528,0.0116,0.1162,0.0806,1.6543,0.2193,0.1952,0.4452,0.1656,0.1326,0.5242,1.0475,0.3918,0.1195,0.6937,0.3848,0.1632,0.8575,0.316,0.4364,0.4685,0.2116,0.3015,0.2863,0.1686,0.8031,3.2273,0.2889,0.5133,0.0036,0.4413,0.1106,0.0654,0.3772,0.1642,0.1406,0.416,3.4167,0.047,0.0592,0.1018,1.5621,1.3546,0.1677,1.6519,0.763,0.104,0.4983,0.0174,0.264,0.0861,0.2493,0.251,2.8203,0.0075,0.9785,0.0107,0.5579,0.1337,0.044,0.0,0.2025,1.204,2.0135,0.2864,0.5849,0.9264,0.0254,0.387,1.5539,0.0365,1.5976,0.0,0.6187,0.2376,0.0423,0.3755,0.1293,0.9217,0.282,0.2237,1.0788,0.1253,0.4892,0.0,0.6492,1.2619,0.051,0.5213,0.1966,0.0,3.5457,0.3407,0.9382,0.1465,0.0033
stats_26.csv,26,dialogue_per100_max,stats_26__dialogue_per100_max,0.0,6.0,11.0,9.0,6.0,3.0,8.0,8.0,17.0,10.0,11.0,7.0,8.0,8.0,11.0,12.0,8.0,8.0,9.0,12.0,6.0,8.0,3.0,9.0,7.0,7.0,5.0,11.0,9.0,8.0,10.0,6.0,14.0,1.0,16.0,2.0,11.0,10.0,6.0,3.0,10.0,15.0,6.0,9.0,5.0,12.0,12.0,10.0,11.0,12.0,8.0,6.0,2.0,11.0,4.0,7.0,4.0,17.0,4.0,11.0,2.0,7.0,3.0,3.0,0.0,6.0,10.0,17.0,4.0,11.0,12.0,4.0,11.0,8.0,3.0,13.0,0.0,8.0,17.0,7.0,11.0,4.0,10.0,6.0,8.0,15.0,8.0,9.0,0.0,11.0,15.0,1.0,10.0,7.0,0.0,18.0,9.0,9.0,7.0,1.0
stats_26.csv,26,dialogue_per100_min,stats_26__dialogue_per100_min,0.0,0.0,0.0,0.0,0.0,0.0,0.0,0.0,0.0,0.0,0.0,0.0,0.0,0.0,0.0,0.0,0.0,0.0,0.0,0.0,0.0,0.0,0.0,0.0,0.0,0.0,0.0,0.0,0.0,0.0,0.0,0.0,0.0,0.0,0.0,0.0,0.0,0.0,0.0,0.0,0.0,0.0,0.0,0.0,0.0,0.0,0.0,0.0,0.0,0.0,0.0,0.0,0.0,0.0,0.0,0.0,0.0,0.0,0.0,0.0,0.0,0.0,0.0,0.0,0.0,0.0,0.0,0.0,0.0,0.0,0.0,0.0,0.0,0.0,0.0,0.0,0.0,0.0,0.0,0.0,0.0,0.0,0.0,0.0,0.0,0.0,0.0,0.0,0.0,0.0,0.0,0.0,0.0,0.0,0.0,0.0,0.0,0.0,0.0,0.0
stats_26.csv,26,dialogue_per100_sd,stats_26__dialogue_per100_sd,0.0,0.4655,2.8027,2.0348,0.6095,0.1519,0.6242,0.4372,3.2197,0.9374,0.8157,1.1241,0.6462,0.6905,1.3578,2.0658,1.1159,0.5906,1.4191,1.2475,0.6842,1.2347,0.5906,1.2079,0.9576,0.7903,0.6651,1.0536,0.7538,1.4352,2.428,0.7609,1.8254,0.0603,1.5702,0.342,0.5188,1.3026,0.6132,0.4939,1.1529,2.6286,0.3383,0.3811,0.4731,2.2992,2.1798,0.8931,2.4761,1.9709,0.6054,0.9714,0.1436,1.0395,0.3877,0.8495,0.6083,4.0935,0.1255,1.7064,0.1283,1.088,0.3988,0.249,0.0,0.7477,1.8664,3.6972,0.6639,1.5445,2.0527,0.2135,1.4417,1.577,0.2267,2.4658,0.0,1.407,1.0881,0.3265,1.0724,0.4527,1.77,0.8479,0.7886,2.6811,0.6342,1.2128,0.0,1.6955,2.5703,0.22,1.4829,0.6769,0.0,2.9328,0.9904,1.642,0.6979,0.0571
stats_26.csv,26,token_total,stats_26__token_total,260370.0,195596.0,48156.0,73510.0,144547.0,103346.0,209046.0,399694.0,96872.0,350198.0,203351.0,120312.0,104470.0,562626.0,115786.0,98990.0,128875.0,349763.0,82514.0,110112.0,115779.0,35704.0,63221.0,158018.0,95172.0,172901.0,58642.0,184324.0,314873.0,38519.0,26304.0,63615.0,176022.0,137054.0,176238.0,139242.0,554748.0,183162.0,187539.0,74682.0,114835.0,16756.0,131928.0,243396.0,173755.0,59566.0,64236.0,351204.0,26679.0,97873.0,419969.0,29629.0,172064.0,242794.0,159077.0,139125.0,76842.0,67879.0,240463.0,51111.0,102565.0,60318.0,97136.0,120396.0,212534.0,81407.0,59704.0,88820.0,21955.0,121832.0,100489.0,86495.0,224298.0,32369.0,49261.0,57310.0,83955.0,63164.0,460868.0,290521.0,184705.0,75764.0,79178.0,155209.0,231937.0,176358.0,261780.0,101356.0,78380.0,186972.0,90409.0,86261.0,138276.0,139805.0,70157.0,31685.0,122625.0,67952.0,301072.0,122002.0
stats_27.csv,27,chunk_count_used,stats_27__chunk_count_used,2604.0,1956.0,482.0,736.0,1446.0,1034.0,2091.0,3997.0,969.0,3502.0,2034.0,1204.0,1045.0,5627.0,1158.0,990.0,1289.0,3498.0,826.0,1102.0,1158.0,358.0,633.0,1581.0,952.0,1730.0,587.0,1844.0,3149.0,386.0,264.0,637.0,1761.0,1371.0,1763.0,1393.0,5548.0,1832.0,1876.0,747.0,1149.0,168.0,1320.0,2434.0,1738.0,596.0,643.0,3513.0,267.0,979.0,4200.0,297.0,1721.0,2428.0,1591.0,1392.0,769.0,679.0,2405.0,512.0,1026.0,604.0,972.0,1204.0,2126.0,815.0,598.0,889.0,220.0,1219.0,1005.0,865.0,2243.0,324.0,493.0,574.0,840.0,632.0,4609.0,2906.0,1848.0,758.0,792.0,1553.0,2320.0,1764.0,2618.0,1014.0,784.0,1870.0,905.0,863.0,1383.0,1399.0,702.0,317.0,1227.0,680.0,3011.0,1221.0
stats_27.csv,27,chunk_size_words,stats_27__chunk_size_words,100.0,100.0,100.0,100.0,100.0,100.0,100.0,100.0,100.0,100.0,100.0,100.0,100.0,100.0,100.0,100.0,100.0,100.0,100.0,100.0,100.0,100.0,100.0,100.0,100.0,100.0,100.0,100.0,100.0,100.0,100.0,100.0,100.0,100.0,100.0,100.0,100.0,100.0,100.0,100.0,100.0,100.0,100.0,100.0,100.0,100.0,100.0,100.0,100.0,100.0,100.0,100.0,100.0,100.0,100.0,100.0,100.0,100.0,100.0,100.0,100.0,100.0,100.0,100.0,100.0,100.0,100.0,100.0,100.0,100.0,100.0,100.0,100.0,100.0,100.0,100.0,100.0,100.0,100.0,100.0,100.0,100.0,100.0,100.0,100.0,100.0,100.0,100.0,100.0,100.0,100.0,100.0,100.0,100.0,100.0,100.0,100.0,100.0,100.0,100.0
stats_27.csv,27,indirect_speech_per100_avg,stats_27__indirect_speech_per100_avg,0.836,0.2694,0.3274,0.663,0.4371,0.4681,0.2812,0.2847,0.8679,0.5685,0.499,0.4452,0.3612,0.5655,0.3955,0.5394,0.3747,0.4697,0.327,0.3439,0.456,0.5978,0.3112,0.1967,0.0683,0.3821,1.0109,0.4197,0.4312,0.4171,0.572,0.921,0.272,0.3749,0.4706,0.1077,0.3599,0.482,0.4483,0.3567,0.3803,0.463,0.3227,0.8681,0.3993,0.3691,0.3764,0.5764,0.8512,0.5965,0.3907,0.6109,0.2941,0.6153,0.5537,0.2766,0.2198,0.5258,0.4896,0.6543,0.2593,0.6507,0.0905,0.4136,0.2018,0.2429,0.3077,0.5602,0.2864,0.3725,0.401,0.6566,0.4802,0.4012,0.6126,0.5871,1.2,0.4051,0.3385,0.4277,0.3279,0.6459,0.6174,0.4488,0.3513,0.6451,0.3361,0.2771,0.4413,0.6166,0.5724,0.6813,0.3319,0.4039,0.4943,0.6278,0.3733,0.3956,0.3648,0.4947
stats_27.csv,27,indirect_speech_per100_max,stats_27__indirect_speech_per100_max,10.0,4.0,3.0,4.0,4.0,4.0,5.0,4.0,8.0,4.0,5.0,3.0,4.0,6.0,3.0,4.0,4.0,4.0,7.1429,4.0,3.0,3.0,3.0,3.0,2.0,4.0,6.0,4.0,11.0,3.0,4.0,7.0,5.0,6.0,4.0,2.0,5.0,4.0,3.0,4.0,4.0,3.0,4.0,6.0,4.0,3.0,4.0,5.0,5.0,6.0,4.0,3.4483,4.0,5.0,5.0,4.0,2.0,4.0,5.0,4.0,3.0,4.0,2.0,4.0,3.0,3.0,3.0,7.0,2.0,3.125,3.0,4.0,4.0,4.0,4.0,4.0,12.0,4.0,4.0,6.0,3.0,4.0,5.0,4.0,3.0,11.0,5.0,2.0,5.0,4.0,5.0,6.0,3.0,4.0,4.0,5.0,4.0,3.0,4.0,5.0
stats_27.csv,27,indirect_speech_per100_min,stats_27__indirect_speech_per100_min,0.0,0.0,0.0,0.0,0.0,0.0,0.0,0.0,0.0,0.0,0.0,0.0,0.0,0.0,0.0,0.0,0.0,0.0,0.0,0.0,0.0,0.0,0.0,0.0,0.0,0.0,0.0,0.0,0.0,0.0,0.0,0.0,0.0,0.0,0.0,0.0,0.0,0.0,0.0,0.0,0.0,0.0,0.0,0.0,0.0,0.0,0.0,0.0,0.0,0.0,0.0,0.0,0.0,0.0,0.0,0.0,0.0,0.0,0.0,0.0,0.0,0.0,0.0,0.0,0.0,0.0,0.0,0.0,0.0,0.0,0.0,0.0,0.0,0.0,0.0,0.0,0.0,0.0,0.0,0.0,0.0,0.0,0.0,0.0,0.0,0.0,0.0,0.0,0.0,0.0,0.0,0.0,0.0,0.0,0.0,0.0,0.0,0.0,0.0,0.0
stats_27.csv,27,indirect_speech_per100_sd,stats_27__indirect_speech_per100_sd,1.2816,0.5201,0.5789,0.8788,0.6472,0.6824,0.5646,0.5406,1.2693,0.7476,0.7132,0.6401,0.6307,0.7705,0.6114,0.7548,0.6352,0.6779,0.6375,0.6535,0.676,0.7697,0.605,0.4581,0.2604,0.6188,1.0722,0.6416,0.6815,0.5932,0.7703,1.1165,0.549,0.6656,0.7127,0.328,0.6043,0.6881,0.6611,0.5726,0.6415,0.66,0.6158,0.994,0.6422,0.6003,0.6222,0.7694,1.0916,0.8133,0.6532,0.7544,0.5943,0.7778,0.7467,0.5377,0.4644,0.7375,0.714,0.8522,0.4946,0.8312,0.2975,0.6168,0.4613,0.5002,0.5974,0.8675,0.5177,0.6246,0.6193,0.7996,0.6855,0.68,0.8462,0.8234,1.5362,0.6683,0.5921,0.6889,0.557,0.7927,0.7954,0.6724,0.6147,0.9301,0.5916,0.5036,0.7029,0.7917,0.826,0.8938,0.5502,0.6564,0.6704,0.8332,0.6554,0.6143,0.6105,0.7535
stats_27.csv,27,token_total,stats_27__token_total,260370.0,195596.0,48156.0,73510.0,144547.0,103346.0,209046.0,399694.0,96872.0,350198.0,203351.0,120312.0,104470.0,562626.0,115786.0,98990.0,128875.0,349763.0,82514.0,110112.0,115779.0,35704.0,63221.0,158018.0,95172.0,172901.0,58642.0,184324.0,314873.0,38519.0,26304.0,63615.0,176022.0,137054.0,176238.0,139242.0,554748.0,183162.0,187539.0,74682.0,114835.0,16756.0,131928.0,243396.0,173755.0,59566.0,64236.0,351204.0,26679.0,97873.0,419969.0,29629.0,172064.0,242794.0,159077.0,139125.0,76842.0,67879.0,240463.0,51111.0,102565.0,60318.0,97136.0,120396.0,212534.0,81407.0,59704.0,88820.0,21955.0,121832.0,100489.0,86495.0,224298.0,32369.0,49261.0,57310.0,83955.0,63164.0,460868.0,290521.0,184705.0,75764.0,79178.0,155209.0,231937.0,176358.0,261780.0,101356.0,78380.0,186972.0,90409.0,86261.0,138276.0,139805.0,70157.0,31685.0,122625.0,67952.0,301072.0,122002.0
stats_28.csv,28,chunk_count_used,stats_28__chunk_count_used,2604.0,1956.0,482.0,736.0,1446.0,1034.0,2091.0,3997.0,969.0,3502.0,2034.0,1204.0,1045.0,5627.0,1158.0,990.0,1289.0,3498.0,826.0,1102.0,1158.0,358.0,633.0,1581.0,952.0,1730.0,587.0,1844.0,3149.0,386.0,264.0,637.0,1761.0,1371.0,1763.0,1393.0,5548.0,1832.0,1876.0,747.0,1149.0,168.0,1320.0,2434.0,1738.0,596.0,643.0,3513.0,267.0,979.0,4200.0,297.0,1721.0,2428.0,1591.0,1392.0,769.0,679.0,2405.0,512.0,1026.0,604.0,972.0,1204.0,2126.0,815.0,598.0,889.0,220.0,1219.0,1005.0,865.0,2243.0,324.0,493.0,574.0,840.0,632.0,4609.0,2906.0,1848.0,758.0,792.0,1553.0,2320.0,1764.0,2618.0,1014.0,784.0,1870.0,905.0,863.0,1383.0,1399.0,702.0,317.0,1227.0,680.0,3011.0,1221.0
stats_28.csv,28,chunk_size_words,stats_28__chunk_size_words,100.0,100.0,100.0,100.0,100.0,100.0,100.0,100.0,100.0,100.0,100.0,100.0,100.0,100.0,100.0,100.0,100.0,100.0,100.0,100.0,100.0,100.0,100.0,100.0,100.0,100.0,100.0,100.0,100.0,100.0,100.0,100.0,100.0,100.0,100.0,100.0,100.0,100.0,100.0,100.0,100.0,100.0,100.0,100.0,100.0,100.0,100.0,100.0,100.0,100.0,100.0,100.0,100.0,100.0,100.0,100.0,100.0,100.0,100.0,100.0,100.0,100.0,100.0,100.0,100.0,100.0,100.0,100.0,100.0,100.0,100.0,100.0,100.0,100.0,100.0,100.0,100.0,100.0,100.0,100.0,100.0,100.0,100.0,100.0,100.0,100.0,100.0,100.0,100.0,100.0,100.0,100.0,100.0,100.0,100.0,100.0,100.0,100.0,100.0,100.0
stats_28.csv,28,oov_per100_avg,stats_28__oov_per100_avg,20.3728,10.6694,11.2786,9.2418,14.2966,11.4082,16.9324,10.5725,12.0775,10.389,9.6769,8.1118,17.378,10.9637,11.3821,14.5938,11.8697,9.5841,6.3319,9.3826,12.7197,8.1425,9.6806,16.1278,12.8333,14.6231,10.5151,10.6337,10.9575,11.1879,8.0265,11.7085,16.7039,15.3344,10.6964,17.9656,13.7165,9.2014,11.167,9.329,14.3228,6.7534,10.3029,10.8391,11.7082,11.6336,15.0043,9.534,7.5857,10.2447,13.7389,11.9608,12.4959,8.2065,7.9947,15.9389,15.6034,10.3,9.5793,11.3832,9.4822,10.443,16.5701,5.9894,18.1264,12.2449,19.6639,8.6232,7.1157,7.8542,12.1492,10.6415,8.5836,12.6884,13.5031,12.2387,12.6854,11.2794,11.2037,11.2795,10.9351,9.0623,9.2642,8.4488,12.4317,10.5342,11.8567,12.6901,12.749,15.5859,10.8621,12.6315,11.9466,12.4224,12.7066,15.0635,14.5762,9.0889,13.1191,10.1794
stats_28.csv,28,oov_per100_max,stats_28__oov_per100_max,66.0,27.0,38.0,23.0,36.0,32.0,42.0,36.0,40.0,39.0,30.0,19.0,39.0,44.0,38.0,36.0,56.0,28.0,22.0,37.0,32.0,50.0,28.0,34.0,28.0,85.0,33.0,49.0,60.0,26.0,30.0,28.0,41.0,35.0,35.0,36.0,84.0,29.0,38.0,21.0,36.0,17.0,36.0,59.0,32.0,23.0,37.0,27.0,22.0,28.0,55.0,23.0,90.0,31.0,27.0,50.0,43.0,29.0,35.0,26.0,44.0,29.0,31.0,18.0,38.0,28.5714,43.0,27.0,15.0,19.0,29.0,27.0,25.0,38.0,38.0,28.0,34.0,28.0,33.0,29.0,30.0,26.0,34.0,24.0,33.0,28.0,42.0,32.0,43.0,39.0,31.0,42.0,31.0,33.0,31.0,37.0,39.0,21.0,42.0,24.0
stats_28.csv,28,oov_per100_min,stats_28__oov_per100_min,1.0,1.0,1.0,0.0,2.0,1.0,2.0,0.0,0.0,0.0,0.0,0.0,3.0,0.0,1.0,2.0,2.0,0.0,0.0,0.0,2.0,0.0,1.0,2.0,3.0,0.0,1.0,0.0,0.0,0.0,0.0,0.0,0.0,2.0,0.0,5.0,0.0,0.0,2.0,0.0,2.0,0.0,0.0,0.0,0.0,2.0,1.0,0.0,0.0,0.0,1.0,1.0,1.0,0.0,0.0,0.0,3.0,0.0,0.0,2.0,0.0,1.0,4.0,0.0,3.0,2.0,0.0,0.0,1.0,0.0,1.0,1.0,0.0,2.0,2.0,1.0,1.0,1.0,0.0,1.0,0.0,1.0,1.0,0.0,1.0,0.0,0.0,2.0,1.0,1.0,1.0,1.0,1.0,0.0,2.0,2.0,0.0,0.0,1.0,0.0
stats_28.csv,28,oov_per100_sd,stats_28__oov_per100_sd,8.8045,4.2319,4.7328,3.6792,4.2909,4.8107,5.1749,4.0915,6.4421,4.5046,4.0529,3.1581,5.4725,4.5165,4.8408,4.8162,5.1034,4.0096,2.969,5.0271,4.5053,4.3614,3.9858,4.5743,3.9005,8.4403,4.3984,4.6115,4.5335,4.4928,4.334,4.781,5.937,4.9613,4.6578,4.642,5.8021,3.8678,3.796,3.4097,4.8534,3.3679,4.9006,5.6889,5.0946,3.8305,5.634,3.9747,3.883,4.2978,6.3595,3.9934,8.9174,3.7295,3.9371,6.0039,4.9455,4.0499,4.2965,4.199,4.0344,4.2135,4.6699,2.9522,5.6087,3.9389,9.5172,4.1353,2.8607,3.0221,4.5792,3.9915,3.7556,4.2184,5.0296,5.3943,4.9853,4.7374,4.1079,3.9816,4.4638,3.5544,4.8203,3.4053,4.89,4.7389,4.8706,4.8768,4.5096,4.8916,4.8227,4.5844,4.4674,5.096,4.8975,5.6576,5.859,3.5315,4.527,4.2097
stats_28.csv,28,token_total,stats_28__token_total,260370.0,195596.0,48156.0,73510.0,144547.0,103346.0,209046.0,399694.0,96872.0,350198.0,203351.0,120312.0,104470.0,562626.0,115786.0,98990.0,128875.0,349763.0,82514.0,110112.0,115779.0,35704.0,63221.0,158018.0,95172.0,172901.0,58642.0,184324.0,314873.0,38519.0,26304.0,63615.0,176022.0,137054.0,176238.0,139242.0,554748.0,183162.0,187539.0,74682.0,114835.0,16756.0,131928.0,243396.0,173755.0,59566.0,64236.0,351204.0,26679.0,97873.0,419969.0,29629.0,172064.0,242794.0,159077.0,139125.0,76842.0,67879.0,240463.0,51111.0,102565.0,60318.0,97136.0,120396.0,212534.0,81407.0,59704.0,88820.0,21955.0,121832.0,100489.0,86495.0,224298.0,32369.0,49261.0,57310.0,83955.0,63164.0,460868.0,290521.0,184705.0,75764.0,79178.0,155209.0,231937.0,176358.0,261780.0,101356.0,78380.0,186972.0,90409.0,86261.0,138276.0,139805.0,70157.0,31685.0,122625.0,67952.0,301072.0,122002.0
stats_29.csv,29,chunk_count_used,stats_29__chunk_count_used,2580.0,1942.0,477.0,728.0,1428.0,1020.0,2068.0,3962.0,961.0,3475.0,2014.0,1195.0,1034.0,5574.0,1150.0,981.0,1279.0,3456.0,820.0,1089.0,1145.0,354.0,627.0,1567.0,942.0,1712.0,581.0,1829.0,3129.0,382.0,261.0,631.0,1744.0,1357.0,1751.0,1384.0,5463.0,1818.0,1851.0,743.0,1137.0,165.0,1301.0,2407.0,1721.0,592.0,632.0,3488.0,265.0,968.0,4173.0,293.0,1698.0,2405.0,1581.0,1378.0,761.0,672.0,2385.0,504.0,1010.0,600.0,967.0,1186.0,2103.0,810.0,593.0,880.0,218.0,1211.0,998.0,855.0,2226.0,319.0,487.0,569.0,834.0,624.0,4554.0,2876.0,1832.0,750.0,784.0,1541.0,2297.0,1746.0,2588.0,1006.0,774.0,1856.0,898.0,854.0,1368.0,1388.0,695.0,315.0,1209.0,672.0,2988.0,1207.0
stats_29.csv,29,chunk_size_words,stats_29__chunk_size_words,100.0,100.0,100.0,100.0,100.0,100.0,100.0,100.0,100.0,100.0,100.0,100.0,100.0,100.0,100.0,100.0,100.0,100.0,100.0,100.0,100.0,100.0,100.0,100.0,100.0,100.0,100.0,100.0,100.0,100.0,100.0,100.0,100.0,100.0,100.0,100.0,100.0,100.0,100.0,100.0,100.0,100.0,100.0,100.0,100.0,100.0,100.0,100.0,100.0,100.0,100.0,100.0,100.0,100.0,100.0,100.0,100.0,100.0,100.0,100.0,100.0,100.0,100.0,100.0,100.0,100.0,100.0,100.0,100.0,100.0,100.0,100.0,100.0,100.0,100.0,100.0,100.0,100.0,100.0,100.0,100.0,100.0,100.0,100.0,100.0,100.0,100.0,100.0,100.0,100.0,100.0,100.0,100.0,100.0,100.0,100.0,100.0,100.0,100.0,100.0
stats_29.csv,29,concreteness_coverage_percent_avg,stats_29__concreteness_coverage_percent_avg,89.4884,96.1457,96.7799,96.9429,94.9401,97.2047,94.9541,94.6389,95.0458,95.7721,95.9533,95.6438,95.2794,94.7723,95.5657,93.4473,93.6904,96.1143,98.9415,95.3207,95.6045,98.3273,95.4982,92.6631,93.7775,93.4977,96.9604,96.4871,95.3419,98.1662,96.8314,95.1961,94.8727,94.6983,97.7442,92.8609,94.4402,96.4175,94.0293,97.3701,95.018,99.2364,96.4647,93.8621,97.3647,97.0017,95.1187,96.223,98.8491,96.5148,94.4826,97.6637,93.281,96.309,97.0032,93.2823,93.4836,95.5064,96.3117,95.429,97.519,96.2761,93.6381,98.5826,93.2791,96.6895,85.0708,96.9193,97.9043,97.8008,95.1723,97.1696,96.0535,93.326,94.4264,96.6378,94.8206,97.5321,94.3934,97.2178,95.8927,95.212,96.1837,95.8884,95.2306,94.3724,94.4763,95.3022,96.1042,93.4212,96.0832,96.1103,95.8523,96.2726,96.6432,95.1302,95.5906,97.2336,93.5753,97.0083
stats_29.csv,29,concreteness_coverage_percent_max,stats_29__concreteness_coverage_percent_max,100.0,100.0,100.0,100.0,100.0,100.0,100.0,100.0,100.0,100.0,100.0,100.0,100.0,100.0,100.0,100.0,100.0,100.0,100.0,100.0,100.0,100.0,100.0,100.0,100.0,100.0,100.0,100.0,100.0,100.0,100.0,100.0,100.0,100.0,100.0,100.0,100.0,100.0,100.0,100.0,100.0,100.0,100.0,100.0,100.0,100.0,100.0,100.0,100.0,100.0,100.0,100.0,100.0,100.0,100.0,100.0,100.0,100.0,100.0,100.0,100.0,100.0,100.0,100.0,100.0,100.0,100.0,100.0,100.0,100.0,100.0,100.0,100.0,100.0,100.0,100.0,100.0,100.0,100.0,100.0,100.0,100.0,100.0,100.0,100.0,100.0,100.0,100.0,100.0,100.0,100.0,100.0,100.0,100.0,100.0,100.0,100.0,100.0,100.0,100.0
stats_29.csv,29,concreteness_coverage_percent_min,stats_29__concreteness_coverage_percent_min,27.0,82.0,72.0,79.0,80.0,84.0,69.0,65.0,57.0,68.0,69.0,87.0,62.0,60.0,62.0,79.0,51.0,74.0,94.0,59.0,81.0,91.0,77.0,69.0,81.0,11.0,87.0,58.0,36.0,92.0,82.0,83.0,74.0,78.0,77.0,77.0,13.0,71.0,64.0,87.0,78.0,93.0,78.0,34.0,88.0,87.0,80.0,80.0,89.0,87.0,50.0,92.0,6.0,79.0,81.0,51.0,74.0,78.0,83.0,70.0,83.0,87.0,82.0,88.0,71.0,85.0,60.0,78.0,92.0,90.0,86.0,87.0,84.0,57.0,42.0,87.0,67.0,85.0,69.0,52.0,81.0,82.0,72.0,86.0,74.0,76.0,55.0,77.0,69.0,64.0,78.0,74.0,84.0,83.0,87.0,82.0,76.0,84.0,71.0,88.0
stats_29.csv,29,concreteness_coverage_percent_sd,stats_29__concreteness_coverage_percent_sd,6.7067,2.8402,2.9346,2.5262,3.0897,2.3067,3.2641,3.4446,5.7989,3.2492,3.1459,2.3298,3.4883,3.5455,3.7976,3.0567,4.2297,2.9822,1.2461,6.3,2.6196,1.73,3.0149,4.7309,2.8483,9.3918,2.33,2.9029,3.2001,1.5269,2.5556,2.9783,3.3922,3.2624,2.4741,3.1086,4.9949,2.6842,3.3785,2.097,3.2122,1.1436,2.7926,5.7988,2.0725,2.0455,3.2006,2.6038,1.5516,2.3816,5.5232,1.8177,9.8526,2.7034,2.7512,5.2006,3.1339,3.1065,2.761,3.2924,2.0956,2.2724,2.8531,1.6022,3.7611,2.0776,10.994,2.9942,1.5956,1.9168,2.6545,2.2186,2.4989,4.0032,3.9829,2.5607,3.7131,2.2287,3.4669,2.3547,2.4372,2.9146,2.8757,2.3473,3.1803,4.0112,4.3803,3.268,2.7074,3.5933,3.127,2.8355,2.5507,2.807,2.5714,2.8904,3.089,2.0896,3.2963,2.2901
stats_29.csv,29,concreteness_mean_matched_avg,stats_29__concreteness_mean_matched_avg,2.745,2.4505,2.7068,2.6906,2.5763,2.5253,2.6156,2.4833,2.8092,2.5615,2.5811,2.4035,2.6743,2.5523,2.6278,2.7634,2.5727,2.561,2.5362,2.6702,2.6673,2.6443,2.6365,2.8441,2.5517,2.5619,2.5918,2.6121,2.46,2.6071,2.5976,2.6256,2.6865,2.7137,2.7206,2.6813,2.5652,2.5896,2.4852,2.489,2.7761,2.6182,2.5113,2.5316,2.5987,2.7665,2.6304,2.573,2.7352,2.7291,2.6408,2.5869,2.5055,2.5221,2.5813,2.615,2.5641,2.766,2.5921,2.662,2.5172,2.6823,2.7036,2.5186,2.6588,2.4743,2.7979,2.7493,2.5679,2.499,2.5419,2.5082,2.4901,2.5483,2.6923,2.7713,2.626,2.7068,2.5522,2.4116,2.5853,2.481,2.5977,2.3917,2.624,2.6529,2.5355,2.5861,2.5978,2.7213,2.718,2.5725,2.5046,2.6241,2.787,2.7858,2.6714,2.6762,2.5593,2.7336
stats_29.csv,29,concreteness_mean_matched_max,stats_29__concreteness_mean_matched_max,3.7486,3.0469,3.0319,3.0748,3.0665,3.0436,3.365,3.02,3.2534,3.199,3.156,2.8442,3.2141,3.1807,3.0491,3.2577,3.081,3.181,2.9222,3.2426,3.4297,3.1954,3.0429,3.2689,2.9264,3.8761,3.0349,3.2833,2.9686,3.1885,2.9052,3.2485,3.57,3.1692,3.2761,3.1123,4.0227,3.0524,3.004,2.951,3.2537,3.0082,3.1421,3.0648,3.0451,3.2261,3.234,3.1277,3.0536,3.2702,3.3192,3.0418,3.4664,3.072,3.0174,3.2793,3.0665,3.1546,3.2336,3.0596,2.9073,3.1322,3.1256,3.1503,3.3249,3.0052,3.3458,3.1869,2.9537,2.9273,2.9863,3.1353,3.0013,3.0828,4.595,3.2436,3.1384,3.2473,3.19,3.1104,3.0908,3.0918,3.0376,2.7724,3.3464,3.2427,3.0421,4.93,3.2142,3.234,3.2496,3.0581,3.096,3.1312,3.2196,3.2651,3.4675,3.1146,3.1826,3.2402
stats_29.csv,29,concreteness_mean_matched_min,stats_29__concreteness_mean_matched_min,1.686,2.0505,2.1916,2.3303,2.0854,2.0108,2.0818,2.0997,2.2003,2.0911,2.1432,2.0566,2.1131,2.0802,2.1742,2.2753,2.1174,2.1051,2.0973,2.3194,2.1522,2.1392,2.2649,2.2536,2.1323,2.0392,2.2178,2.1453,2.0171,2.1952,2.2611,2.2604,2.1585,2.0944,2.0938,2.2585,2.0564,2.1448,2.0702,2.1301,2.3227,2.3249,2.063,1.9959,2.1912,2.284,2.1366,2.1063,2.3259,2.2092,2.1317,2.2419,2.0813,2.0208,2.1828,2.118,2.1209,2.2328,2.0613,2.0895,2.0614,2.3632,2.3171,2.0704,2.188,2.1116,2.3826,2.2756,2.2604,2.1026,2.1263,2.0658,2.0549,2.2026,2.2112,2.2396,2.0333,2.2344,2.1281,1.9927,2.132,2.118,2.0556,2.0469,2.1676,1.9494,2.0428,2.1235,2.1169,2.2533,2.1649,2.1252,2.0777,2.1122,2.3556,2.2479,2.1655,2.3024,2.1428,2.187
stats_29.csv,29,concreteness_mean_matched_sd,stats_29__concreteness_mean_matched_sd,0.2288,0.1441,0.1421,0.1249,0.1468,0.1984,0.1652,0.1306,0.1698,0.1673,0.1618,0.1169,0.1678,0.1804,0.1342,0.1603,0.1629,0.1683,0.1491,0.1353,0.1735,0.1591,0.1293,0.1448,0.1276,0.1953,0.1347,0.146,0.1427,0.1693,0.1203,0.1554,0.1711,0.1679,0.1802,0.1504,0.1697,0.1432,0.1349,0.1329,0.1359,0.1202,0.158,0.1454,0.1393,0.1408,0.1773,0.1392,0.1391,0.1647,0.1722,0.148,0.1677,0.1488,0.1316,0.1716,0.1731,0.1579,0.161,0.1513,0.155,0.1368,0.1437,0.1474,0.1685,0.1474,0.1696,0.1555,0.142,0.1455,0.1325,0.1804,0.1446,0.1455,0.1764,0.1799,0.1901,0.1767,0.1378,0.1681,0.1403,0.1402,0.1771,0.1237,0.1748,0.1874,0.1565,0.1856,0.1674,0.1602,0.1952,0.1593,0.1408,0.1739,0.1457,0.1441,0.1702,0.1321,0.15,0.1578
stats_29.csv,29,concreteness_sum_per100_avg,stats_29__concreteness_sum_per100_avg,245.3711,235.613,261.9807,260.8454,244.6026,245.4774,248.3033,235.0275,266.681,245.2922,247.6724,229.8745,254.7733,241.858,251.0482,258.2443,241.2019,246.0983,250.9292,254.2473,255.048,259.9567,251.8694,263.6699,239.2789,238.9703,251.3298,251.9967,234.5053,255.9264,251.5593,249.9678,254.873,257.0839,265.8483,249.0801,242.2245,249.6856,233.7017,242.3705,263.7354,259.8454,242.2565,237.8534,253.0361,268.3554,250.1673,247.5882,270.4003,263.3832,249.3521,252.6745,233.2253,242.8959,250.398,243.8371,239.7198,264.2214,249.6644,253.9917,245.5197,258.2476,253.1878,248.2894,247.9678,239.2083,237.166,266.4696,251.3811,244.426,241.9308,243.6265,239.1761,237.8983,254.1233,267.7954,248.8896,264.0211,240.9269,234.3921,247.8707,236.2312,249.7601,229.3561,249.8808,250.351,239.4928,246.52,249.6779,254.2605,261.0652,247.3254,240.0372,252.6102,269.3629,264.9107,255.3358,260.1919,239.4756,265.1545
stats_29.csv,29,concreteness_sum_per100_max,stats_29__concreteness_sum_per100_max,320.7,292.5,303.19,297.59,300.52,296.42,336.5,289.92,323.18,316.7,304.95,274.33,305.34,308.53,297.56,318.84,305.02,308.48,289.3,307.13,336.11,316.34,297.66,319.11,279.86,311.04,298.49,303.02,286.57,318.85,279.7,308.61,357.0,308.68,319.33,306.61,316.91,303.18,291.39,289.84,315.61,300.82,307.93,294.22,298.8,312.56,316.93,297.54,305.36,317.11,325.66,304.18,329.99,296.32,294.56,295.95,293.62,306.97,323.36,295.46,286.35,300.69,300.06,292.98,315.74,292.24,298.14,313.2,294.75,290.39,289.67,304.72,291.13,295.5,349.64,324.36,295.35,318.45,312.02,298.6,303.72,299.9,300.72,272.8,324.6,316.56,295.88,493.0,308.56,309.66,309.52,302.75,294.12,303.73,306.62,313.01,346.75,311.4643,308.71,314.3
stats_29.csv,29,concreteness_sum_per100_min,stats_29__concreteness_sum_per100_min,50.16,189.28,166.56,202.15,189.28,182.4,190.61,139.94,175.33,179.67,186.01,192.11,176.33,160.3,168.09,193.42,140.9,180.23,209.73,163.43,206.66,205.36,191.3529,171.14,192.67,25.94,209.03,166.1,90.81,212.9,211.25,198.23,194.68,191.49,209.38,185.2,44.18,193.25,164.23,198.93,212.4,223.76,185.24,85.5,203.76,219.39,185.88,197.99,211.66,203.25,140.15,215.28,14.4,182.64,195.44,138.85,182.22,196.46,192.35,169.58,193.46,215.1,203.94,196.69,187.61,201.67,151.39,207.24,219.58,199.5,195.72,197.6,196.43,137.48,114.63,219.48,181.0,210.15,172.27,128.79,198.23,198.28,198.18,188.56,199.15,181.82,128.99,182.1,164.28,169.66,197.26,179.33,199.46,197.48,226.64,220.29,197.09,218.02,177.35,213.24
stats_29.csv,29,concreteness_sum_per100_sd,stats_29__concreteness_sum_per100_sd,24.7193,15.6863,15.9392,13.9688,16.2395,20.1206,16.9871,15.2109,19.5027,17.76,17.6431,12.4504,18.1038,18.962,15.2009,17.4079,20.6727,17.1726,14.9868,18.3026,18.6084,15.4143,16.025,20.6863,13.8397,28.1537,14.8281,15.5272,15.2878,17.0535,13.8777,17.1003,18.6341,19.4791,17.8105,17.6556,20.5463,15.4804,15.5768,14.2605,15.0363,12.7627,16.7534,22.2657,14.8968,14.7501,18.434,15.1065,14.8248,16.9595,20.4936,15.7133,27.7091,15.8259,14.759,20.0138,18.2772,18.0706,17.2313,16.2175,16.6473,14.6619,15.9469,15.1402,18.1027,14.6313,27.407,17.2486,13.9448,15.3049,14.5311,17.1365,15.0913,17.9375,18.0248,18.5482,19.232,18.6462,15.9436,16.5464,14.1918,15.3475,17.3485,13.3966,18.6173,20.5815,17.9429,20.4881,17.7636,18.3422,19.5148,18.0018,14.3588,18.1027,16.0908,14.2314,17.8701,13.4988,16.2604,16.1631
stats_29.csv,29,token_total,stats_29__token_total,257949.0,194108.0,47641.0,72788.0,142785.0,101980.0,206702.0,396181.0,96008.0,347419.0,201398.0,119460.0,103395.0,557358.0,114961.0,98058.0,127900.0,345576.0,81921.0,108835.0,114469.0,35314.0,62651.0,156644.0,94161.0,171140.0,58017.0,182824.0,312892.0,38191.0,26022.0,63007.0,174302.0,135670.0,175058.0,138371.0,546266.0,181730.0,185091.0,74233.0,113689.0,16420.0,130090.0,240658.0,172078.0,59112.0,63121.0,348771.0,26421.0,96738.0,417291.0,29265.0,169762.0,240452.0,158068.0,137706.0,76008.0,67170.0,238460.0,50363.0,100979.0,59941.0,96605.0,118548.0,210262.0,80944.0,59266.0,87951.0,21754.0,121092.0,99706.0,85453.0,222558.0,31806.0,48603.0,56854.0,83353.0,62361.0,455307.0,287528.0,183180.0,74905.0,78400.0,154012.0,229637.0,174579.0,258780.0,100501.0,77394.0,185596.0,89793.0,85355.0,136741.0,138791.0,69500.0,31415.0,120804.0,67128.0,298705.0,120609.0
stats_30.csv,30,chunk_count_used,stats_30__chunk_count_used,2580.0,1942.0,477.0,728.0,1428.0,1020.0,2068.0,3962.0,961.0,3475.0,2014.0,1195.0,1034.0,5574.0,1150.0,981.0,1279.0,3456.0,820.0,1089.0,1145.0,354.0,627.0,1567.0,942.0,1712.0,581.0,1829.0,3129.0,382.0,261.0,631.0,1744.0,1357.0,1751.0,1384.0,5463.0,1818.0,1851.0,743.0,1137.0,165.0,1301.0,2407.0,1721.0,592.0,632.0,3488.0,265.0,968.0,4173.0,293.0,1698.0,2405.0,1581.0,1378.0,761.0,672.0,2385.0,504.0,1010.0,600.0,967.0,1186.0,2103.0,810.0,593.0,880.0,218.0,1211.0,998.0,855.0,2226.0,319.0,487.0,569.0,834.0,624.0,4554.0,2876.0,1832.0,750.0,784.0,1541.0,2297.0,1746.0,2588.0,1006.0,774.0,1856.0,898.0,854.0,1368.0,1388.0,695.0,315.0,1209.0,672.0,2988.0,1207.0
stats_30.csv,30,chunk_size_words,stats_30__chunk_size_words,100.0,100.0,100.0,100.0,100.0,100.0,100.0,100.0,100.0,100.0,100.0,100.0,100.0,100.0,100.0,100.0,100.0,100.0,100.0,100.0,100.0,100.0,100.0,100.0,100.0,100.0,100.0,100.0,100.0,100.0,100.0,100.0,100.0,100.0,100.0,100.0,100.0,100.0,100.0,100.0,100.0,100.0,100.0,100.0,100.0,100.0,100.0,100.0,100.0,100.0,100.0,100.0,100.0,100.0,100.0,100.0,100.0,100.0,100.0,100.0,100.0,100.0,100.0,100.0,100.0,100.0,100.0,100.0,100.0,100.0,100.0,100.0,100.0,100.0,100.0,100.0,100.0,100.0,100.0,100.0,100.0,100.0,100.0,100.0,100.0,100.0,100.0,100.0,100.0,100.0,100.0,100.0,100.0,100.0,100.0,100.0,100.0,100.0,100.0,100.0
stats_30.csv,30,humor_label_avg,stats_30__humor_label_avg,0.6376,0.3481,0.847,0.9986,0.1275,0.4275,0.3815,0.3309,0.9594,0.444,0.6802,0.2803,0.8385,0.2662,0.7652,0.9001,0.344,0.5819,0.5817,0.9816,0.3537,0.9379,0.3094,0.887,0.5499,0.3224,0.6179,0.79,0.3605,0.8037,0.8889,0.6133,0.5682,0.4665,0.9218,0.0462,0.2488,0.8658,0.2788,0.4778,0.9376,0.8727,0.5311,0.2983,0.8286,0.674,0.5712,0.8392,0.8113,0.8223,0.5991,0.1706,0.5071,0.5692,0.6964,0.4601,0.2431,0.9152,0.7895,0.3214,0.4703,0.9617,0.092,0.7943,0.4988,0.1543,0.9174,0.9648,0.3991,0.6168,0.4589,0.2468,0.5072,0.3981,0.6715,0.9192,0.3933,0.7388,0.3986,0.2542,0.5939,0.6693,0.5791,0.4082,0.3774,0.768,0.6074,0.3509,0.2558,0.4273,0.7784,0.3173,0.2346,0.4388,0.9799,0.8159,0.5773,0.8065,0.2945,0.773
stats_30.csv,30,humor_label_max,stats_30__humor_label_max,1.0,1.0,1.0,1.0,1.0,1.0,1.0,1.0,1.0,1.0,1.0,1.0,1.0,1.0,1.0,1.0,1.0,1.0,1.0,1.0,1.0,1.0,1.0,1.0,1.0,1.0,1.0,1.0,1.0,1.0,1.0,1.0,1.0,1.0,1.0,1.0,1.0,1.0,1.0,1.0,1.0,1.0,1.0,1.0,1.0,1.0,1.0,1.0,1.0,1.0,1.0,1.0,1.0,1.0,1.0,1.0,1.0,1.0,1.0,1.0,1.0,1.0,1.0,1.0,1.0,1.0,1.0,1.0,1.0,1.0,1.0,1.0,1.0,1.0,1.0,1.0,1.0,1.0,1.0,1.0,1.0,1.0,1.0,1.0,1.0,1.0,1.0,1.0,1.0,1.0,1.0,1.0,1.0,1.0,1.0,1.0,1.0,1.0,1.0,1.0
stats_30.csv,30,humor_label_min,stats_30__humor_label_min,0.0,0.0,0.0,0.0,0.0,0.0,0.0,0.0,0.0,0.0,0.0,0.0,0.0,0.0,0.0,0.0,0.0,0.0,0.0,0.0,0.0,0.0,0.0,0.0,0.0,0.0,0.0,0.0,0.0,0.0,0.0,0.0,0.0,0.0,0.0,0.0,0.0,0.0,0.0,0.0,0.0,0.0,0.0,0.0,0.0,0.0,0.0,0.0,0.0,0.0,0.0,0.0,0.0,0.0,0.0,0.0,0.0,0.0,0.0,0.0,0.0,0.0,0.0,0.0,0.0,0.0,0.0,0.0,0.0,0.0,0.0,0.0,0.0,0.0,0.0,0.0,0.0,0.0,0.0,0.0,0.0,0.0,0.0,0.0,0.0,0.0,0.0,0.0,0.0,0.0,0.0,0.0,0.0,0.0,0.0,0.0,0.0,0.0,0.0,0.0
stats_30.csv,30,humor_label_sd,stats_30__humor_label_sd,0.4807,0.4764,0.36,0.037,0.3335,0.4947,0.4858,0.4705,0.1973,0.4969,0.4664,0.4492,0.368,0.442,0.4239,0.2999,0.475,0.4932,0.4933,0.1343,0.4781,0.2414,0.4623,0.3165,0.4975,0.4674,0.4859,0.4073,0.4801,0.3972,0.3143,0.487,0.4953,0.4989,0.2686,0.21,0.4323,0.3409,0.4484,0.4995,0.242,0.3333,0.499,0.4575,0.3769,0.4688,0.4949,0.3674,0.3913,0.3822,0.4901,0.3762,0.5,0.4952,0.4598,0.4984,0.429,0.2786,0.4077,0.467,0.4991,0.192,0.2891,0.4042,0.5,0.3613,0.2753,0.1844,0.4897,0.4862,0.4983,0.4311,0.4999,0.4895,0.4697,0.2726,0.4885,0.4393,0.4896,0.4354,0.4911,0.4705,0.4937,0.4915,0.4847,0.4221,0.4883,0.4773,0.4363,0.4947,0.4153,0.4654,0.4238,0.4962,0.1405,0.3876,0.494,0.395,0.4558,0.4189
stats_30.csv,30,humor_prob_avg,stats_30__humor_prob_avg,0.6227,0.3673,0.8233,0.9918,0.1681,0.4314,0.4018,0.3518,0.9461,0.4567,0.6639,0.2944,0.8098,0.2881,0.7454,0.8823,0.3704,0.5796,0.5881,0.9672,0.3853,0.8882,0.334,0.8708,0.5453,0.3472,0.5906,0.7563,0.3816,0.7823,0.8614,0.5893,0.5766,0.4804,0.8956,0.0832,0.2811,0.831,0.3119,0.4692,0.9165,0.8339,0.5378,0.3055,0.8076,0.6717,0.5604,0.8064,0.7746,0.7944,0.5989,0.1976,0.5132,0.5646,0.6779,0.4741,0.281,0.903,0.7742,0.348,0.4634,0.928,0.1248,0.7554,0.509,0.1899,0.8988,0.9449,0.4149,0.6104,0.4648,0.2733,0.5159,0.4022,0.6554,0.901,0.4129,0.7137,0.4038,0.2811,0.5937,0.6539,0.579,0.4168,0.3906,0.7384,0.5939,0.3682,0.2972,0.4417,0.7516,0.3605,0.2646,0.4488,0.9635,0.7856,0.5849,0.7813,0.3213,0.7427
stats_30.csv,30,humor_prob_max,stats_30__humor_prob_max,0.995,0.9938,0.9946,0.9953,0.9899,0.9952,0.9945,0.9935,0.9948,0.9944,0.9942,0.9936,0.9953,0.9939,0.9943,0.9953,0.9946,0.9944,0.9942,0.9949,0.9936,0.9946,0.9903,0.9949,0.9916,0.9944,0.9919,0.9939,0.9941,0.994,0.9944,0.9917,0.9949,0.9943,0.9951,0.979,0.9939,0.9943,0.9929,0.9893,0.9951,0.9933,0.9939,0.9903,0.9946,0.9943,0.9946,0.9946,0.9938,0.995,0.9949,0.9895,0.9929,0.9944,0.9945,0.9949,0.994,0.9948,0.9949,0.9902,0.9899,0.9951,0.9814,0.9924,0.9946,0.9921,0.995,0.995,0.9924,0.9944,0.9942,0.9935,0.9943,0.9878,0.9947,0.9949,0.9945,0.9946,0.9933,0.995,0.995,0.9938,0.994,0.9943,0.9947,0.9945,0.9945,0.9939,0.994,0.9943,0.9949,0.9943,0.9933,0.9946,0.9949,0.9945,0.9951,0.9943,0.9946,0.9948
stats_30.csv,30,humor_prob_min,stats_30__humor_prob_min,0.0039,0.0051,0.0087,0.2428,0.0043,0.0049,0.004,0.004,0.0067,0.0055,0.0063,0.0046,0.0071,0.0042,0.0071,0.0049,0.0046,0.0052,0.0086,0.0441,0.0054,0.0087,0.004,0.0064,0.0064,0.0046,0.0079,0.005,0.0048,0.009,0.0052,0.0073,0.0042,0.0051,0.005,0.004,0.0042,0.0083,0.0051,0.0064,0.0186,0.0104,0.0071,0.0041,0.0052,0.008,0.0053,0.0049,0.0395,0.007,0.0042,0.0062,0.0059,0.0049,0.005,0.0049,0.0048,0.0079,0.0041,0.0049,0.0051,0.0117,0.0043,0.0084,0.004,0.0047,0.0176,0.0311,0.0076,0.008,0.0055,0.0045,0.0047,0.0039,0.0041,0.0184,0.0059,0.0078,0.0037,0.0042,0.0041,0.0078,0.0038,0.0051,0.0044,0.0084,0.0047,0.0052,0.0051,0.0043,0.005,0.0045,0.0044,0.0043,0.0275,0.0051,0.004,0.0084,0.0045,0.0062
stats_30.csv,30,humor_prob_sd,stats_30__humor_prob_sd,0.412,0.3702,0.2914,0.0292,0.2584,0.3738,0.405,0.3692,0.1695,0.3933,0.3621,0.3611,0.2928,0.3581,0.3392,0.2579,0.3903,0.4005,0.3788,0.1072,0.3636,0.202,0.3478,0.2648,0.3444,0.3902,0.3513,0.3201,0.4006,0.3125,0.2504,0.3568,0.402,0.4005,0.23,0.1808,0.3417,0.2677,0.3406,0.3572,0.1928,0.2731,0.38,0.3502,0.3032,0.3701,0.3911,0.2897,0.2825,0.2954,0.3954,0.2788,0.3778,0.4097,0.3648,0.3868,0.3439,0.2291,0.3316,0.3456,0.3861,0.1691,0.2309,0.3025,0.4069,0.2851,0.2174,0.1523,0.3266,0.3655,0.407,0.3517,0.4156,0.3892,0.3647,0.2252,0.3848,0.3472,0.3923,0.3421,0.4012,0.3538,0.3888,0.3919,0.3956,0.3194,0.402,0.3923,0.3191,0.3859,0.3376,0.3486,0.3498,0.4123,0.1186,0.3118,0.4304,0.3079,0.3737,0.3285
stats_30.csv,30,token_total,stats_30__token_total,257949.0,194108.0,47641.0,72788.0,142785.0,101980.0,206702.0,396181.0,96008.0,347419.0,201398.0,119460.0,103395.0,557358.0,114961.0,98058.0,127900.0,345576.0,81921.0,108835.0,114469.0,35314.0,62651.0,156644.0,94161.0,171140.0,58017.0,182824.0,312892.0,38191.0,26022.0,63007.0,174302.0,135670.0,175058.0,138371.0,546266.0,181730.0,185091.0,74233.0,113689.0,16420.0,130090.0,240658.0,172078.0,59112.0,63121.0,348771.0,26421.0,96738.0,417291.0,29265.0,169762.0,240452.0,158068.0,137706.0,76008.0,67170.0,238460.0,50363.0,100979.0,59941.0,96605.0,118548.0,210262.0,80944.0,59266.0,87951.0,21754.0,121092.0,99706.0,85453.0,222558.0,31806.0,48603.0,56854.0,83353.0,62361.0,455307.0,287528.0,183180.0,74905.0,78400.0,154012.0,229637.0,174579.0,258780.0,100501.0,77394.0,185596.0,89793.0,85355.0,136741.0,138791.0,69500.0,31415.0,120804.0,67128.0,298705.0,120609.0
stats_31.csv,31,chunk_count_used,stats_31__chunk_count_used,2580.0,1942.0,477.0,728.0,1428.0,1020.0,2068.0,3962.0,961.0,3475.0,2014.0,1195.0,1034.0,5574.0,1150.0,981.0,1279.0,3456.0,820.0,1089.0,1145.0,354.0,627.0,1567.0,942.0,1712.0,581.0,1829.0,3129.0,382.0,261.0,631.0,1744.0,1357.0,1751.0,1384.0,5463.0,1818.0,1851.0,743.0,1137.0,165.0,1301.0,2407.0,1721.0,592.0,632.0,3488.0,265.0,968.0,4173.0,293.0,1698.0,2405.0,1581.0,1378.0,761.0,672.0,2385.0,504.0,1010.0,600.0,967.0,1186.0,2103.0,810.0,593.0,880.0,218.0,1211.0,998.0,855.0,2226.0,319.0,487.0,569.0,834.0,624.0,4554.0,2876.0,1832.0,750.0,784.0,1541.0,2297.0,1746.0,2588.0,1006.0,774.0,1856.0,898.0,854.0,1368.0,1388.0,695.0,315.0,1209.0,672.0,2988.0,1207.0
stats_31.csv,31,chunk_size_words,stats_31__chunk_size_words,100.0,100.0,100.0,100.0,100.0,100.0,100.0,100.0,100.0,100.0,100.0,100.0,100.0,100.0,100.0,100.0,100.0,100.0,100.0,100.0,100.0,100.0,100.0,100.0,100.0,100.0,100.0,100.0,100.0,100.0,100.0,100.0,100.0,100.0,100.0,100.0,100.0,100.0,100.0,100.0,100.0,100.0,100.0,100.0,100.0,100.0,100.0,100.0,100.0,100.0,100.0,100.0,100.0,100.0,100.0,100.0,100.0,100.0,100.0,100.0,100.0,100.0,100.0,100.0,100.0,100.0,100.0,100.0,100.0,100.0,100.0,100.0,100.0,100.0,100.0,100.0,100.0,100.0,100.0,100.0,100.0,100.0,100.0,100.0,100.0,100.0,100.0,100.0,100.0,100.0,100.0,100.0,100.0,100.0,100.0,100.0,100.0,100.0,100.0,100.0
stats_31.csv,31,metaphor_prob_mean_avg,stats_31__metaphor_prob_mean_avg,0.0944,0.1332,0.1033,0.0789,0.1082,0.1132,0.1182,0.1209,0.0716,0.1099,0.1009,0.1134,0.108,0.1032,0.0975,0.0841,0.0985,0.1057,0.1033,0.084,0.1003,0.1086,0.0847,0.0656,0.1451,0.1251,0.1117,0.1082,0.1404,0.1228,0.0907,0.1069,0.1011,0.0853,0.1008,0.1291,0.1199,0.1092,0.1285,0.1282,0.0908,0.0892,0.0987,0.0873,0.1267,0.0873,0.1012,0.1109,0.0669,0.0858,0.1007,0.102,0.1345,0.1047,0.1035,0.101,0.1204,0.068,0.1111,0.0889,0.1087,0.0875,0.1244,0.1021,0.1122,0.1417,0.0893,0.0585,0.0899,0.1091,0.1097,0.124,0.1202,0.0945,0.0845,0.082,0.1145,0.0939,0.1,0.1611,0.1037,0.1253,0.1028,0.1143,0.1094,0.0765,0.1058,0.1128,0.1078,0.1079,0.0969,0.1129,0.1157,0.1079,0.088,0.0706,0.088,0.1,0.1035,0.0842
stats_31.csv,31,metaphor_prob_mean_max,stats_31__metaphor_prob_mean_max,0.2595,0.3151,0.2828,0.229,0.2476,0.28,0.2974,0.295,0.2821,0.3626,0.2653,0.2231,0.268,0.364,0.2762,0.2578,0.2328,0.2803,0.2836,0.2642,0.288,0.2726,0.2259,0.2368,0.3352,0.3123,0.3016,0.3043,0.3378,0.2947,0.201,0.3059,0.284,0.2106,0.2571,0.2769,0.3285,0.2942,0.2961,0.3224,0.2796,0.2011,0.2851,0.2275,0.3089,0.2354,0.2867,0.2956,0.1535,0.2367,0.3103,0.2057,0.3131,0.2961,0.2526,0.2771,0.4156,0.2086,0.2738,0.2252,0.3006,0.242,0.2467,0.3199,0.3081,0.2824,0.2312,0.1674,0.2312,0.3004,0.2492,0.2653,0.3066,0.233,0.2168,0.2698,0.2852,0.2707,0.2779,0.3429,0.2673,0.2756,0.252,0.2645,0.2953,0.2374,0.2696,0.2811,0.2627,0.2929,0.2949,0.2909,0.2831,0.3383,0.2629,0.1895,0.297,0.2509,0.2639,0.2787
stats_31.csv,31,metaphor_prob_mean_min,stats_31__metaphor_prob_mean_min,0.0,0.0136,0.0104,0.0001,0.0104,0.004,0.0008,0.011,0.0,0.0013,0.0011,0.0111,0.0095,0.0001,0.0039,0.0002,0.0051,0.0,0.0011,0.0045,0.0049,0.0088,0.0106,0.0001,0.0396,0.0001,0.0229,0.0007,0.0003,0.0164,0.0017,0.0001,0.0,0.004,0.0041,0.0345,0.0017,0.0029,0.0129,0.0201,0.0049,0.0045,0.0034,0.0,0.0035,0.0058,0.013,0.0079,0.0083,0.0002,0.0008,0.0244,0.0086,0.0013,0.0052,0.0,0.0104,0.0001,0.0099,0.0054,0.019,0.0001,0.0057,0.002,0.0046,0.0255,0.0007,0.0001,0.0109,0.0117,0.0003,0.0179,0.0002,0.0003,0.0001,0.0,0.0041,0.0005,0.0003,0.0137,0.0088,0.0105,0.0064,0.0004,0.0014,0.0002,0.0022,0.0,0.0052,0.009,0.0038,0.0013,0.0161,0.0104,0.003,0.0,0.0082,0.0035,0.0001,0.0004
stats_31.csv,31,metaphor_prob_mean_sd,stats_31__metaphor_prob_mean_sd,0.0436,0.0496,0.0464,0.036,0.0411,0.0469,0.0472,0.0436,0.0431,0.0474,0.0442,0.0376,0.045,0.0457,0.0406,0.0414,0.0407,0.0445,0.0457,0.0399,0.0457,0.0464,0.039,0.0357,0.0472,0.0504,0.0459,0.046,0.0491,0.0509,0.0342,0.0456,0.0421,0.0362,0.0441,0.0395,0.0513,0.0458,0.0419,0.0449,0.0385,0.0367,0.0448,0.0379,0.0459,0.0377,0.0454,0.0452,0.0295,0.038,0.0433,0.034,0.0511,0.0417,0.0425,0.0452,0.0463,0.0373,0.0429,0.0419,0.0445,0.0404,0.0383,0.0468,0.0448,0.0504,0.0413,0.0332,0.0394,0.045,0.0398,0.0476,0.0445,0.0376,0.0379,0.0419,0.0538,0.0468,0.041,0.0523,0.0407,0.0462,0.0433,0.0397,0.0477,0.0392,0.0438,0.0444,0.0455,0.0448,0.0531,0.0453,0.0446,0.049,0.0409,0.0352,0.0418,0.0391,0.0391,0.0404
stats_31.csv,31,metaphor_word_percent_avg,stats_31__metaphor_word_percent_avg,9.0295,13.1159,10.064,7.7807,10.5541,11.0836,11.3777,11.8158,6.9917,10.7651,9.8706,11.1194,10.4021,10.0293,9.4395,8.1966,9.6255,10.3136,10.1799,8.202,9.7581,10.6731,8.2532,6.2752,14.0347,12.2021,10.9084,10.5227,13.7707,11.9704,8.8952,10.4453,9.7735,8.2568,9.8267,12.2421,11.7181,10.6676,12.609,12.4012,8.8239,8.6727,9.63,8.4796,12.3938,8.3778,9.822,10.8417,6.4142,8.3633,9.8371,9.9278,13.1734,10.2651,10.1352,9.7968,11.7194,6.6395,10.9365,8.6846,10.5321,8.5174,11.819,10.0233,10.8897,13.8369,8.6553,5.7463,8.842,10.7212,10.7141,12.1354,11.7913,9.1599,8.1643,7.9111,11.152,9.0735,9.7532,15.8118,10.0877,12.3707,10.023,11.2358,10.6735,7.4535,10.3493,11.0308,10.5074,10.4302,9.4525,11.0675,11.2851,10.5546,8.5885,6.8254,8.5517,9.7466,10.0763,8.2361
stats_31.csv,31,metaphor_word_percent_max,stats_31__metaphor_word_percent_max,26.0,33.0,28.0,22.0,26.0,27.0,29.0,29.0,27.0,36.8421,27.0,22.0,27.0,36.0,28.0,26.0,25.0,28.0,29.0,27.0,29.0,27.0,23.0,23.0,34.0,32.0,30.0,31.0,33.0,29.0,20.0,30.0,29.0,21.0,27.0,28.0,33.0,30.0,30.0,32.0,28.0,21.0,29.0,24.0,32.0,25.0,29.0,30.0,15.0,23.0,32.0,20.0,32.0,30.0,26.0,29.0,37.5,21.0,27.0,23.0,30.0,25.0,25.0,32.0,31.0,30.0,23.0,17.0,25.0,29.0,25.0,28.0,31.0,21.0,22.0,27.0,31.0,27.0,29.0,34.0,27.0,27.0,25.0,26.0,30.0,23.0,27.0,28.0,27.0,30.0,28.0,30.0,28.0,34.0,26.0,19.0,29.0,25.0,27.0,28.0
stats_31.csv,31,metaphor_word_percent_min,stats_31__metaphor_word_percent_min,0.0,1.0,1.0,0.0,1.0,0.0,0.0,1.0,0.0,0.0,0.0,1.0,1.0,0.0,0.0,0.0,0.0,0.0,0.0,0.0,0.0,1.0,1.0,0.0,2.0,0.0,2.0,0.0,0.0,1.0,0.0,0.0,0.0,0.0,0.0,2.0,0.0,0.0,1.0,2.0,0.0,0.0,0.0,0.0,0.0,0.0,1.0,0.0,1.0,0.0,0.0,2.0,0.0,0.0,0.0,0.0,0.0,0.0,0.0,0.0,1.0,0.0,0.0,0.0,0.0,2.0,0.0,0.0,1.0,1.0,0.0,1.0,0.0,0.0,0.0,0.0,0.0,0.0,0.0,0.0,0.0,1.0,0.0,0.0,0.0,0.0,0.0,0.0,0.0,0.0,0.0,0.0,1.0,1.0,0.0,0.0,0.0,0.0,0.0,0.0
stats_31.csv,31,metaphor_word_percent_sd,stats_31__metaphor_word_percent_sd,4.4663,5.0763,4.7872,3.6655,4.198,4.7403,4.8264,4.4434,4.3685,4.8243,4.5143,3.78,4.598,4.6151,4.1177,4.1833,4.174,4.5053,4.6565,4.0718,4.6448,4.6541,3.9962,3.6203,4.913,5.155,4.6454,4.6503,4.9932,5.2446,3.4556,4.6585,4.2535,3.6898,4.5273,4.1383,5.2103,4.6529,4.2576,4.5269,3.9272,3.6567,4.5762,3.7879,4.7017,3.8881,4.5792,4.5716,3.0101,3.8403,4.4191,3.4701,5.1915,4.2031,4.3029,4.6282,4.7135,3.8074,4.3532,4.2149,4.472,4.1187,4.0115,4.7113,4.5842,5.1878,4.2255,3.3871,3.9974,4.5479,4.0658,4.8372,4.5013,3.7662,3.8458,4.2521,5.5014,4.7805,4.1665,5.3594,4.0979,4.7661,4.4423,4.0134,4.8418,4.004,4.442,4.5175,4.6985,4.6271,5.3498,4.626,4.5542,4.9871,4.1567,3.5801,4.2351,4.0094,3.9867,4.0972
stats_31.csv,31,metaphor_words_total_avg,stats_31__metaphor_words_total_avg,9.0287,13.104,10.0398,7.7788,10.5532,11.0814,11.3777,11.815,6.9917,10.7565,9.8704,11.1172,10.4014,10.0276,9.4357,8.1937,9.6255,10.3131,10.1707,8.1901,9.7546,10.6384,8.244,6.2744,14.0265,12.1916,10.8916,10.5227,13.7702,11.9686,8.8544,10.4453,9.7735,8.2542,9.8247,12.2406,11.7174,10.6612,12.6083,12.393,8.8232,8.6242,9.6295,8.4778,12.3928,8.353,9.8101,10.8406,6.4,8.3616,9.8368,9.9113,13.1702,10.2632,10.1322,9.7968,11.6741,6.6369,10.9354,8.6706,10.5287,8.515,11.819,10.0169,10.8868,13.8259,8.6492,5.7386,8.8303,10.7209,10.6984,12.1333,11.7871,9.1599,8.1643,7.9051,11.1403,9.0673,9.7503,15.8074,10.0862,12.3453,10.023,11.231,10.6683,7.453,10.3478,11.0308,10.5065,10.43,9.4521,11.0656,11.2756,10.5533,8.5885,6.8254,8.5318,9.7351,10.0763,8.2361
stats_31.csv,31,metaphor_words_total_max,stats_31__metaphor_words_total_max,26.0,33.0,28.0,22.0,26.0,27.0,29.0,29.0,27.0,29.0,27.0,22.0,27.0,36.0,28.0,26.0,25.0,28.0,29.0,27.0,29.0,27.0,23.0,23.0,34.0,32.0,30.0,31.0,33.0,29.0,20.0,30.0,29.0,21.0,27.0,28.0,33.0,30.0,30.0,32.0,28.0,21.0,29.0,24.0,32.0,25.0,29.0,30.0,15.0,23.0,32.0,20.0,32.0,30.0,26.0,29.0,28.0,21.0,27.0,23.0,30.0,25.0,25.0,32.0,31.0,30.0,23.0,17.0,25.0,29.0,25.0,28.0,31.0,21.0,22.0,27.0,31.0,27.0,29.0,34.0,27.0,27.0,25.0,26.0,30.0,23.0,27.0,28.0,27.0,30.0,28.0,30.0,28.0,34.0,26.0,19.0,29.0,25.0,27.0,28.0
stats_31.csv,31,metaphor_words_total_min,stats_31__metaphor_words_total_min,0.0,1.0,1.0,0.0,1.0,0.0,0.0,1.0,0.0,0.0,0.0,1.0,1.0,0.0,0.0,0.0,0.0,0.0,0.0,0.0,0.0,1.0,1.0,0.0,2.0,0.0,2.0,0.0,0.0,1.0,0.0,0.0,0.0,0.0,0.0,2.0,0.0,0.0,1.0,2.0,0.0,0.0,0.0,0.0,0.0,0.0,1.0,0.0,1.0,0.0,0.0,2.0,0.0,0.0,0.0,0.0,0.0,0.0,0.0,0.0,1.0,0.0,0.0,0.0,0.0,2.0,0.0,0.0,1.0,1.0,0.0,1.0,0.0,0.0,0.0,0.0,0.0,0.0,0.0,0.0,0.0,1.0,0.0,0.0,0.0,0.0,0.0,0.0,0.0,0.0,0.0,0.0,1.0,1.0,0.0,0.0,0.0,0.0,0.0,0.0
stats_31.csv,31,metaphor_words_total_sd,stats_31__metaphor_words_total_sd,4.4674,5.0754,4.7685,3.664,4.1986,4.7408,4.8264,4.443,4.3685,4.8044,4.5141,3.7834,4.5974,4.6123,4.1179,4.1852,4.174,4.5057,4.6651,4.0563,4.6438,4.6728,3.9947,3.6214,4.9101,5.137,4.6599,4.6503,4.9929,5.2462,3.4621,4.6585,4.2535,3.6888,4.5287,4.1405,5.2106,4.6527,4.2576,4.5383,3.9276,3.6917,4.5766,3.788,4.7028,3.882,4.5897,4.5716,3.0267,3.8432,4.4189,3.463,5.1924,4.2045,4.3014,4.6282,4.6305,3.8086,4.3546,4.1921,4.4688,4.1227,4.0115,4.7103,4.5828,5.1929,4.2253,3.3767,4.0107,4.5483,4.073,4.8412,4.4957,3.7662,3.8458,4.2552,5.4913,4.782,4.1679,5.363,4.0971,4.776,4.4423,4.0212,4.8393,4.0045,4.4393,4.5175,4.6983,4.627,5.3501,4.6294,4.5455,4.9849,4.1567,3.5801,4.2142,4.0176,3.9867,4.0972
stats_31.csv,31,token_total,stats_31__token_total,257949.0,194108.0,47641.0,72788.0,142785.0,101980.0,206702.0,396181.0,96008.0,347419.0,201398.0,119460.0,103395.0,557358.0,114961.0,98058.0,127900.0,345576.0,81921.0,108835.0,114469.0,35314.0,62651.0,156644.0,94161.0,171140.0,58017.0,182824.0,312892.0,38191.0,26022.0,63007.0,174302.0,135670.0,175058.0,138371.0,546266.0,181730.0,185091.0,74233.0,113689.0,16420.0,130090.0,240658.0,172078.0,59112.0,63121.0,348771.0,26421.0,96738.0,417291.0,29265.0,169762.0,240452.0,158068.0,137706.0,76008.0,67170.0,238460.0,50363.0,100979.0,59941.0,96605.0,118548.0,210262.0,80944.0,59266.0,87951.0,21754.0,121092.0,99706.0,85453.0,222558.0,31806.0,48603.0,56854.0,83353.0,62361.0,455307.0,287528.0,183180.0,74905.0,78400.0,154012.0,229637.0,174579.0,258780.0,100501.0,77394.0,185596.0,89793.0,85355.0,136741.0,138791.0,69500.0,31415.0,120804.0,67128.0,298705.0,120609.0
